act,data_editie,tip,titlu,categorie,partener,semnat,editie,suport_bugetar,link
"nr. 557, 7 octombrie 2026",08.10.2026,Hotărâre,Hotărâre cu privire la aprobarea semnării Acordului de împrumut dintre Republica Moldova și Banca Europeană pentru Reconstrucție și Dezvoltare pentru realizarea Proiectului „Moldova – Proiect de alimentare durabilă cu apă (irigații)”,Împrumut,BERD,,500-503,,https://monitorul.gov.md/ro/monitor/3356
"nr. 546, 30 septembrie 2026",01.10.2026,Hotărâre,"Hotărâre cu privire la aprobarea proiectului de lege pentru ratificarea Amendamentului, semnat la 7 septembrie 2026, la Acordurile de finanțare dintre Republica Moldova și Asociația Internațională pentru Dezvoltare privind Proiectul de dezvoltare a sistemului electroenergetic, semnate la 26 septembrie 2019",Împrumut,AID,07.09.2026,490-493,,https://monitorul.gov.md/ro/monitor/3353
"nr. 763-X, 3 septembrie 2026",09.09.2026,Decret,Decret cu privire la promulgarea Legii pentru ratificarea Scrisorii de modificare la Acordul de împrumut dintre Republica Moldova și Banca Europeană pentru Reconstrucție și Dezvoltare „RLF – Răspuns de urgență – Căile Ferate din Moldova”,Împrumut,BERD,,435-438,,https://www.legis.md/cautare/getResults?doc_id=156249&lang=ro
"nr. 188, 24 august 2026",09.09.2026,Lege,Lege pentru ratificarea Scrisorii de modificare la Acordul de împrumut dintre Republica Moldova și Banca Europeană pentru Reconstrucție și Dezvoltare „RLF – Răspuns de urgență – Căile Ferate din Moldova”,Împrumut,BERD,,435-438,,https://www.legis.md/cautare/getResults?doc_id=156261&lang=ro
"nr. 273, 18 august 2026",04.09.2026,Ordin,"Ordin cu privire la semnarea și intrarea în vigoare a Amendamentului nr. 1, semnat la Chișinău la 29 iulie 2026, la Acordul pentru proiectul de cooperare și finanțare dintre Federația Internațională a Societăților de Cruce Roșie și Semilună Roșie (FICR) și Ministerul Muncii și Protecției Sociale al Republicii Moldova privind Proiectul „Sprijin pentru funcționarea centrelor de plasament temporar pentru refugiați și acordarea asistenței în sezonul rece în Republica Moldova”, semnat la Chișinău la 2 martie 2026",Grant,FICR,29.07.2026,420-423,,https://www.legis.md/cautare/getResults?doc_id=156195&lang=ro
"nr. 147, 24 august 2026",02.09.2026,Ordin,Ordin cu privire la aducerea la cunoştinţa publică a datei intrării în vigoare a Acordului de colaborare dintre Instituţia Publică Organizaţia pentru Dezvoltarea Antreprenoriatului şi Programul Naţiunilor Unite pentru Dezvoltare pentru implementarea proiectului „Comunităţi reziliente prin abilitarea femeilor”,Asistență tehnică,PNUD,,407-409,,https://monitorul.gov.md/ro/monitor/3327
"nr. 741-X, 21 august 2026",25.08.2026,Decret,Decret pentru inițierea negocierilor și aprobarea semnării Amendamentului la Acordurile de finanțare dintre Republica Moldova și Asociația Internațională pentru Dezvoltare privind Proiectul de dezvoltare a sistemului electroenergetic,Împrumut,AID,,390-393,,https://www.legis.md/cautare/getResults?doc_id=155993&lang=ro
"nr. 715-X, 5 august 2026",13.08.2026,Decret,Decret cu privire la promulgarea Legii pentru ratificarea Contractului de finanțare dintre Republica Moldova și Banca Europeană de Investiții privind realizarea proiectului „Livada Moldovei II”,Împrumut,BEI,,375-378,,https://www.legis.md/cautare/getResults?doc_id=155814&lang=ro
"nr. 442, 12 august 2026",13.08.2026,Hotărâre,"Hotărâre cu privire la aprobarea Amendamentului nr. 1, semnat la Chișinău la 29 iulie 2026, la Acordul pentru proiectul de cooperare și finanțare dintre Federația Internațională a Societăților de Cruce Roșie și Semilună Roșie (FICR) și Ministerul Muncii și Protecției Sociale al Republicii Moldova privind Proiectul „Sprijin pentru funcționarea centrelor de plasament temporar pentru refugiați și acordarea asistenței în sezonul rece în Republica Moldova”, semnat la Chișinău la 2 martie 2026",Grant,FICR,29.07.2026,375-378,,https://www.legis.md/cautare/getResults?doc_id=155817&lang=ro
"nr. 155, 30 iulie 2026",13.08.2026,Lege,Lege pentru ratificarea Contractului de finanțare dintre Republica Moldova și Banca Europeană de Investiții privind realizarea proiectului „Livada Moldovei II”,Împrumut,BEI,,375-378,,https://www.legis.md/cautare/getResults?doc_id=155816&lang=ro
"nr. 716-X, 5 august 2026",06.08.2026,Decret,"Decret cu privire la promulgarea Legii pentru ratificarea Amendamentului, încheiat prin schimb de scrisori, la Acordul de împrumut dintre Republica Moldova și Banca Internațională pentru Reconstrucție și Dezvoltare (BIRD) pentru realizarea Proiectului de competitivitate a întreprinderilor micro, mici și mijlocii (Proiectul ÎMMM) și la Acordul de finanțare dintre Republica Moldova și Asociația Internațională pentru Dezvoltare (AID) pentru realizarea Proiectului de competitivitate a întreprinderilor micro, mici și mijlocii (Proiectul ÎMMM)",Împrumut,BIRD / AID,,359-362,,https://www.legis.md/cautare/getResults?doc_id=155677&lang=ro
"nr. 430, 5 august 2026",06.08.2026,Hotărâre,Hotărâre cu privire la aprobarea semnării Acordului de colaborare dintre Instituția Publică Organizația pentru Dezvoltarea Antreprenoriatului și Programul Națiunilor Unite pentru Dezvoltare pentru implementarea proiectului „Comunități reziliente prin abilitarea femeilor”,Asistență tehnică,PNUD,,359-362,,https://monitorul.gov.md/ro/monitor/3314
"nr. 157, 30 iulie 2026",06.08.2026,Lege,"Lege pentru ratificarea Amendamentului, încheiat prin schimb de scrisori, la Acordul de împrumut dintre Republica Moldova și Banca Internațională pentru Reconstrucție și Dezvoltare (BIRD) pentru realizarea Proiectului de competitivitate a întreprinderilor micro, mici și mijlocii (Proiectul ÎMMM) și la Acordul de finanțare dintre Republica Moldova și Asociația Internațională pentru Dezvoltare (AID) pentru realizarea Proiectului de competitivitate a întreprinderilor micro, mici și mijlocii (Proiectul ÎMMM)",Împrumut,BIRD / AID,,359-362,,https://www.legis.md/cautare/getResults?doc_id=155678&lang=ro
"nr. 49, 24 iulie 2026",04.08.2026,Ordin,"Ordin cu privire la comunicarea publică a datei intrării în vigoare a Acordului de grant investițional dintre Republica Moldova, Banca Europeană de Investiții și Unitatea Consolidată pentru Implementarea și Monitorizarea Proiectelor în domeniul Energeticii privind implementarea Proiectului „Eficiența energetică în Republica Moldova”",Grant,BEI,,355-358,,https://www.legis.md/cautare/getResults?doc_id=155646&lang=ro
"nr. 384, 29 iulie 2026",31.07.2026,Hotărâre,Hotărâre cu privire la inițierea negocierilor asupra proiectului Acordului de împrumut dintre Republica Moldova și Banca Europeană pentru Reconstrucție și Dezvoltare pentru realizarea Proiectului „Moldova – Proiect de alimentare durabilă cu apă (irigații)” și împuternicirea delegației oficiale pentru negocieri,Împrumut,BERD,,351-354,,https://www.legis.md/cautare/getResults?doc_id=155597&lang=ro
"nr. 700-X, 27 iulie 2026",30.07.2026,Decret,Decret cu privire la promulgarea Legii pentru ratificarea Contractului de finanțare dintre Republica Moldova și Banca Europeană de Investiții pentru realizarea proiectului „Reabilitarea și modernizarea școlilor din Moldova”,Împrumut,BEI,,347-350,,https://www.legis.md/cautare/getResults?doc_id=155563&lang=ro
"nr. 416, 29 iulie 2026",30.07.2026,Hotărâre,"Hotărâre cu privire la aprobarea semnării Amendamentului nr. 1 la Acordul pentru proiectul de cooperare și finanțare dintre Federația Internațională a Societăților de Cruce Roșie și Semilună Roșie (FICR) și Ministerul Muncii și Protecției Sociale al Republicii Moldova privind Proiectul „Sprijin pentru funcționarea centrelor de plasament temporar pentru refugiați și acordarea asistenței în sezonul rece în Republica Moldova”, semnat la Chișinău la 2 martie 2026",Grant,FICR,02.03.2026,347-350,,https://www.legis.md/cautare/getResults?doc_id=155555&lang=ro
"nr. 406, 29 iulie 2026",30.07.2026,Hotărâre,"Hotărâre cu privire la aprobarea proiectului de lege pentru ratificarea Amendamentului, încheiat prin schimb de scrisori, la Acordul de împrumut dintre Republica Moldova şi Banca Internaţională pentru Reconstrucţie şi Dezvoltare (BIRD) pentru realizarea Proiectului de competitivitate a întreprinderilor micro, mici și mijlocii (Proiectul ÎMMM), și la Acordul de finanțare dintre Republica Moldova și Asociația Internațională pentru Dezvoltare (AID) pentru realizarea Proiectului de competitivitate a întreprinderilor micro, mici și mijlocii (Proiectul ÎMMM), semnat la 26 iunie 2026",Împrumut,BIRD / AID,26.06.2026,347-350,,https://www.legis.md/cautare/getResults?doc_id=155546&lang=ro
"nr. 405, 29 iulie 2026",30.07.2026,Hotărâre,Hotărâre cu privire la inițierea negocierilor și aprobarea semnării Acordului de împrumut dintre Republica Moldova și Banca Europeană pentru Reconstrucție și Dezvoltare privind realizarea Proiectului VI de reabilitare a drumurilor din Moldova,Împrumut,BERD,,347-350,,https://www.legis.md/cautare/getResults?doc_id=155545&lang=ro
"nr. 383, 29 iulie 2026",30.07.2026,Hotărâre,"Hotărâre cu privire la aprobarea proiectului de lege pentru ratificarea Contractului de finanțare dintre Republica Moldova și Banca Europeană de Investiții privind realizarea proiectului „Livada Moldovei II”, semnat la Chișinău la 29 iunie 2026",Împrumut,BEI,29.06.2026,347-350,,https://www.legis.md/cautare/getResults?doc_id=155541&lang=ro
"nr. 143, 23 iulie 2026",30.07.2026,Lege,Lege pentru ratificarea Contractului de finanțare dintre Republica Moldova și Banca Europeană de Investiții pentru realizarea proiectului „Reabilitarea și modernizarea școlilor din Moldova”,Împrumut,BEI,,347-350,,https://www.legis.md/cautare/getResults?doc_id=155570&lang=ro
"nr. 690-X, 20 iulie 2026",23.07.2026,Decret,Decret privind promulgarea Legii pentru ratificarea Acordului de împrumut dintre Republica Moldova și Banca Internațională pentru Reconstrucție și Dezvoltare în vederea realizării Programului de operațiuni pentru politici de creștere rezilientă programatică a Republicii Moldova,Împrumut,BIRD,,330-333,,https://www.legis.md/cautare/getResults?doc_id=155431&lang=ro
"nr. 374, 22 iulie 2026",23.07.2026,Hotărâre,"Hotărâre cu privire la aprobarea proiectului de lege pentru ratificarea Scrisorii de modificare, semnate la Chișinău la 23 iunie 2026, la Acordul de împrumut dintre Republica Moldova și Banca Europeană pentru Reconstrucție și Dezvoltare „RLF – Răspuns de urgență – Căile Ferate din Moldova”, semnat la Chișinău la 27 iunie 2023",Împrumut,BERD,27.06.2023,330-333,,https://www.legis.md/cautare/getResults?doc_id=155411&lang=ro
"nr. 137, 9 iulie 2026",23.07.2026,Lege,Lege pentru ratificarea Acordului de împrumut dintre Republica Moldova și Banca Internațională pentru Reconstrucție și Dezvoltare în vederea realizării Programului de operațiuni pentru politici de creștere rezilientă programatică a Republicii Moldova,Împrumut,BIRD,,330-333,,https://www.legis.md/cautare/getResults?doc_id=155433&lang=ro
"nr. 353, 1 iulie 2026",02.07.2026,Hotărâre,"Hotărâre cu privire la aprobarea proiectului de lege pentru ratificarea Contractului de finanțare dintre Republica Moldova și Banca Europeană de Investiții „Reabilitarea și modernizarea școlilor din Moldova”, semnat la Chișinău și Luxemburg la 17 iunie 2026",Împrumut,BEI,17.06.2026,291-293,,https://www.legis.md/cautare/getResults?doc_id=155208&lang=ro
"nr. 666-X, 24 iunie 2026",26.06.2026,Decret,Decret pentru inițierea negocierilor și aprobarea semnării Acordului de grant dintre Republica Moldova și Banca Internațională pentru Reconstrucție și Dezvoltare privind acordarea grantului prin intermediul Facilității de grant pentru pregătirea proiectelor în vederea realizării proiectului construcției unor capacități noi de înaltă eficiență de generare a energiei termice și electrice pentru Societatea pe Acțiuni „Termoelectrica”,Grant,BIRD,,280-283,,https://www.legis.md/cautare/getResults?doc_id=155093&lang=ro
"nr. 331, 24 iunie 2026",25.06.2026,Hotărâre,Hotărâre cu privire la inițierea negocierilor și aprobarea semnării Contractului de finanțare dintre Republica Moldova și Banca Europeană de Investiții privind realizarea proiectului „Livada Moldovei II”,Împrumut,BEI,,277-279,,https://www.legis.md/cautare/getResults?doc_id=155030&lang=ro
"nr. 97, 4 iunie 2026",18.06.2026,Lege,Lege pentru ratificarea Acordului de facilitate de credit dintre Republica Moldova și Agenția Franceză pentru Dezvoltare în vederea realizării proiectului „Programul de dezvoltare integrată a agriculturii și irigațiilor (iDRIP)”,Împrumut,AFD,,258-260,,https://www.legis.md/cautare/getResults?doc_id=154898&lang=ro
"nr. 96, 4 iunie 2026",18.06.2026,Lege,Lege pentru ratificarea Acordului de grant dintre Republica Moldova și Agenția Franceză pentru Dezvoltare în vederea realizării proiectului „Programul de dezvoltare integrată a agriculturii și irigațiilor (iDRIP)”,Grant,AFD,,250-253,,https://www.legis.md/cautare/getResults?doc_id=154890&lang=ro
"nr. 648-X, 15 iunie 2026",18.06.2026,Decret,Decret cu privire la promulgarea Legii pentru ratificarea Acordului de facilitate de credit dintre Republica Moldova și Agenția Franceză pentru Dezvoltare în vederea realizării proiectului „Programul de dezvoltare integrată a agriculturii și irigațiilor (iDRIP)”,Împrumut,AFD,,258-260,,https://www.legis.md/cautare/getResults?doc_id=154897&lang=ro
"nr. 647-X, 15 iunie 2026",18.06.2026,Decret,Decret cu privire la promulgarea Legii pentru ratificarea Acordului de grant dintre Republica Moldova și Agenția Franceză pentru Dezvoltare în vederea realizării proiectului „Programul de dezvoltare integrată a agriculturii și irigațiilor (iDRIP)”,Grant,AFD,,250-253,,https://www.legis.md/cautare/getResults?doc_id=154889&lang=ro
"nr. 323, 17 iunie 2026",18.06.2026,Hotărâre,"Hotărâre privind inițierea negocierilor şi aprobarea semnării Scrisorii de modificare la Acordul de împrumut dintre Republica Moldova şi Banca Europeană pentru Reconstrucție şi Dezvoltare „RLF – Răspuns de urgenţă – Căile Ferate din Moldova”, semnat la Chișinău la 27 iunie 2023",Împrumut,BERD,27.06.2023,258-260,,https://www.legis.md/cautare/getResults?doc_id=154911&lang=ro
"nr. 98, 4 iunie 2026",16.06.2026,Lege,Lege pentru ratificarea Acordului de modificare nr. 1 la Acordul de împrumut dintre Republica Moldova și Banca Europeană pentru Reconstrucție și Dezvoltare privind realizarea Proiectului V de reabilitare a drumurilor din Moldova,Împrumut,BERD,,246-249,,https://www.legis.md/cautare/getResults?doc_id=154852&lang=ro
"nr. 644-X, 12 iunie 2026",16.06.2026,Decret,Decret cu privire la promulgarea Legii pentru ratificarea Acordului de modificare nr. 1 la Acordul de împrumut dintre Republica Moldova și Banca Europeană pentru Reconstrucție și Dezvoltare privind realizarea Proiectului V de reabilitare a drumurilor din Moldova,Împrumut,BERD,,246-249,,https://www.legis.md/cautare/getResults?doc_id=154851&lang=ro
"nr. 311, 11 iunie 2026",12.06.2026,Hotărâre,"Hotărâre cu privire la aprobarea proiectului de lege pentru ratificarea Acordului de împrumut dintre Republica Moldova și Banca Internațională pentru Reconstrucție şi Dezvoltare în vederea realizării Programului de operațiuni pentru politici de creștere rezilientă programatică a Republicii Moldova, semnat la 5 iunie 2026",Împrumut,BIRD,05.06.2026,242-245,,https://www.legis.md/cautare/getResults?doc_id=154828&lang=ro
"nr. 301, 11 iunie 2026",12.06.2026,Hotărâre,Hotărâre cu privire la inițierea negocierilor și aprobarea semnării Contractului de finanțare dintre Republica Moldova și Banca Europeană de Investiții „Reabilitarea și modernizarea școlilor din Moldova”,Împrumut,BEI,,242-245,,https://www.legis.md/cautare/getResults?doc_id=154821&lang=ro
"nr. 75, 26 mai 2026",29.05.2026,Ordin,Ordin cu privire la aducerea la cunoștința publică a datei intrării în vigoare a Acordului de înțelegere între Ministerul Dezvoltării Economice și Digitalizării al Republicii Moldova și Agenția Elvețiană pentru Dezvoltare și Cooperare (SDC) privind consultanța în domeniul bunei guvernări și a dezvoltării economice în Republica Moldova,Asistență tehnică,Elveția,,227-230,,https://www.legis.md/cautare/getResults?doc_id=154675&lang=ro
"nr. 277, 27 mai 2026",28.05.2026,Hotărâre,"Hotărâre cu privire la aprobarea proiectului de lege pentru ratificarea Acordului de modificare nr. 1, semnat la Chișinău la 19 decembrie 2025, la Acordul de împrumut dintre Republica Moldova și Banca Europeană pentru Reconstrucție și Dezvoltare privind realizarea Proiectului V de reabilitare a drumurilor din Moldova, semnat la Londra la 22 ianuarie 2024",Împrumut,BERD,19.12.2025,224-226,,https://www.legis.md/cautare/getResults?doc_id=154636&lang=ro
"nr. 276, 27 mai 2026",28.05.2026,Hotărâre,Hotărâre cu privire la aprobarea semnării Acordului de împrumut dintre Republica Moldova și Banca Internațională pentru Reconstrucție și Dezvoltare în vederea realizării Programului de operațiuni pentru politici de creștere rezilientă programatică a Republicii Moldova,Împrumut,BIRD,,224-226,,https://www.legis.md/cautare/getResults?doc_id=154635&lang=ro
"nr. 275, 27 mai 2026",28.05.2026,Hotărâre,"Hotărâre cu privire la aprobarea semnării Acordului de grant dintre Republica Moldova, Banca Internațională pentru Reconstrucție și Dezvoltare și Asociația Internațională pentru Dezvoltare, acționând în calitate de administrator al Fondului fiduciar multidonator al Programului „Creștere, reziliență și oportunități pentru bunăstare în Moldova (M-GROW)” (finanțare suplimentară pentru proiectul de competitivitate a întreprinderilor micro, mici și mijlocii)",Grant,BIRD / AID,,224-226,,https://www.legis.md/cautare/getResults?doc_id=154634&lang=ro
"nr. 274, 27 mai 2026",28.05.2026,Hotărâre,"Hotărâre cu privire la aprobarea proiectului de lege pentru ratificarea Acordului de facilitate de credit dintre Republica Moldova și Agenția Franceză de Dezvoltare pentru realizarea Proiectului „Programul de dezvoltare integrată a agriculturii și irigațiilor – (iDRIP)”, semnat la Chișinău la 14 mai 2026",Împrumut,AFD,14.05.2026,224-226,,https://www.legis.md/cautare/getResults?doc_id=154633&lang=ro
"nr. 270, 27 mai 2026",28.05.2026,Hotărâre,"Hotărâre cu privire la aprobarea semnării Acordului de grant investițional dintre Republica Moldova, Banca Europeană de Investiții și Unitatea consolidată pentru implementarea și monitorizarea proiectelor în domeniul energeticii privind implementarea Proiectului „Eficiența energetică în Republica Moldova”",Grant,BEI,,224-226,,https://www.legis.md/cautare/getResults?doc_id=154629&lang=ro
"nr. 617-X, 25 mai 2026",27.05.2026,Decret,"Decret privind inițierea negocierilor și aprobarea semnării Amendamentului, încheiat prin schimb de scrisori, la Acordul de împrumut dintre Republica Moldova şi Banca Internaţională pentru Reconstrucţie şi Dezvoltare (BIRD) pentru realizarea Proiectului de competitivitate a întreprinderilor micro, mici și mijlocii (Proiectul ÎMMM) și la Acordul de finanțare dintre Republica Moldova și Asociația Internațională pentru Dezvoltare (AID) pentru realizarea Proiectului de competitivitate a întreprinderilor micro, mici și mijlocii (Proiectul ÎMMM)",Împrumut,BIRD / AID,,222-223,,https://www.legis.md/cautare/getResults?doc_id=154608&lang=ro
"nr. 252, 13 mai 2026",14.05.2026,Hotărâre,Hotărâre cu privire la aprobarea semnării Acordului de grant dintre Republica Moldova și Agenția Franceză de Dezvoltare pentru realizarea Proiectului „Programul de dezvoltare integrată a agriculturii și irigațiilor – (iDRIP)”,Grant,AFD,,206-209,,https://www.legis.md/cautare/getResults?doc_id=154380&lang=ro
"nr. 251, 13 mai 2026",14.05.2026,Hotărâre,Hotărâre cu privire la aprobarea semnării Acordului de facilitate de credit dintre Republica Moldova și Agenția Franceză de Dezvoltare pentru realizarea Proiectului „Programul de dezvoltare integrată a agriculturii și irigațiilor – (iDRIP)”,Împrumut,AFD,,206-209,,https://www.legis.md/cautare/getResults?doc_id=154378&lang=ro
"nr. 215, 29 aprilie 2026",30.04.2026,Hotărâre,Hotărâre cu privire la inițierea negocierilor asupra proiectului Acordului de împrumut dintre Republica Moldova și Banca Internațională pentru Reconstrucție și Dezvoltare în vederea realizării Programului de operațiuni pentru politici de creștere rezilientă programatică a Republicii Moldova și acordarea împuternicirilor pentru negocierea acestuia,Împrumut,BIRD,,186-189,,https://www.legis.md/cautare/getResults?doc_id=154161&lang=ro
"nr. 73, 16 martie 2026",10.04.2026,Ordin,Ordin cu privire la semnarea și intrarea în vigoare a Acordului pentru proiectul de cooperare și finanțare dintre Federația Internațională a Societăților de Cruce Roșie și Semilună Roșie (FICR) și Ministerul Muncii și Protecției Sociale al Republicii Moldova privind Proiectul „Sprijin pentru funcționarea centrelor de plasament temporar pentru refugiați și acordarea asistenței în sezonul rece în Republica Moldova”,Grant,FICR,,166-169,,https://www.legis.md/cautare/getResults?doc_id=153901&lang=ro
"nr. 90, 4 martie 2026",05.03.2026,Hotărâre,"Hotărâre cu privire la aprobarea Acordului pentru proiectul de cooperare și finanțare dintre Federația Internațională a Societăților de Cruce Roșie și Semilună Roșie (FICR) și Ministerul Muncii și Protecției Sociale al Republicii Moldova privind Proiectul „Sprijin pentru funcționarea centrelor de plasament temporar pentru refugiați și acordarea asistenței în sezonul rece în Republica Moldova”, semnat la 2 martie 2026",Grant,FICR,02.03.2026,105-107,,https://www.legis.md/cautare/getResults?doc_id=153328&lang=ro
"nr. 87, 4 martie 2026",05.03.2026,Hotărâre,Hotărâre cu privire la aprobarea semnării Acordului de grant dintre Guvernul Republicii Moldova și Agenția Japoneză pentru Cooperare Internațională pentru Proiectul „Îmbunătățirea echipamentelor de producție a programelor de televiziune la Instituția Publică Compania «Teleradio-Moldova»”,Grant,JICA,,105-107,,https://www.legis.md/cautare/getResults?doc_id=153323&lang=ro
"nr. 85, 4 martie 2026",05.03.2026,Hotărâre,Hotărâre cu privire la inițierea negocierilor asupra proiectului Acordului de facilitate de credit dintre Republica Moldova și Agenția Franceză de Dezvoltare pentru realizarea Proiectului „Programul de dezvoltare integrată a agriculturii și irigațiilor – (iDRIP)” și acordarea împuternicirilor pentru negocierea acestuia,Împrumut,AFD,,105-107,,https://www.legis.md/cautare/getResults?doc_id=153320&lang=ro
"nr. 80, 25 februarie 2026",26.02.2026,Hotărâre,Hotărâre cu privire la aprobarea semnării Acordului pentru proiectul de cooperare și finanțare dintre Federația Internațională a Societăților de Cruce Roșie și Semilună Roșie (FICR) și Ministerul Muncii și Protecției Sociale al Republicii Moldova privind Proiectul „Sprijin pentru funcționarea centrelor de plasament temporar pentru refugiați și acordarea asistenței în sezonul rece în Republica Moldova”,Grant,FICR,,96-99,,https://www.legis.md/cautare/getResults?doc_id=153164&lang=ro
"nr. 23, 4 februarie 2026",19.02.2026,Ordin,"Ordin cu privire la aducerea la cunoștința publică a datei intrării în vigoare a Acordului de grant dintre Republica Moldova și Banca Internațională pentru Reconstrucție și Dezvoltare, acționând în calitate de entitate de implementare a Fondului Global de Mediu, pentru implementarea Proiectului „Restaurarea ecosistemelor pentru prevenirea poluării marine”",Grant,BIRD,,84-87,,https://www.legis.md/cautare/getResults?doc_id=153061&lang=ro
"nr. 25, 29 ianuarie 2026",05.02.2026,Ordin,Ordin cu privire la aducerea la cunoștința publică a datei intrării în vigoare a Acordului de grant dintre Instituția Publică Organizația pentru Dezvoltarea Antreprenoriatului și Agenția de Cooperare Internațională a Germaniei (GIZ) pentru proiectul „Întreprinderi și Comune Puternice pentru Moldova”,Grant,GIZ,,69-71,,https://www.legis.md/cautare/getResults?doc_id=152886&lang=ro
"nr. 14, 14 ianuarie 2026",15.01.2026,Hotărâre,"Hotărâre pentru aprobarea Acordului de grant dintre Instituția Publică Organizația pentru Dezvoltarea Antreprenoriatului și Agenția de Cooperare Internațională a Germaniei (GIZ) pentru implementarea Proiectului „Întreprinderi și comune puternice pentru Moldova”, semnat la Chișinău la 30 decembrie 2025",Grant,GIZ,30.12.2025,45-47,,https://www.legis.md/cautare/getResults?doc_id=152562&lang=ro
"nr. 182, 26 decembrie 2025",02.01.2026,Ordin,Ordin cu privire la aducerea la cunoștința publică a datei intrării în vigoare a Acordului de grant dintre Instituția Publică Organizația pentru Dezvoltarea Antreprenoriatului și Agenția Executivă pentru Consiliul European pentru Inovare și IMM-uri în vederea implementării proiectului „REC4SMEs – Sprijinirea IMM-urilor prin Comunități de Energie Regenerabilă pentru un viitor durabil”,Grant,UE,,3-6,,https://www.legis.md/cautare/getResults?doc_id=152330&lang=ro
"nr. 819, 29 decembrie 2025",30.12.2025,Hotărâre,Hotărâre cu privire la aprobarea semnării Acordului de grant dintre Instituția Publică Organizația pentru Dezvoltarea Antreprenoriatului și Agenția de Cooperare Internațională a Germaniei pentru implementarea Proiectului „Întreprinderi și comune puternice pentru Moldova”,Grant,GIZ,,646-650,,https://www.legis.md/cautare/getResults?doc_id=152294&lang=ro
"nr. 799, 23 decembrie 2025",23.12.2025,Hotărâre,"Hotărâre cu privire la inițierea negocierilor și aprobarea semnării Amendamentului nr. 1 la Acordul de finanțare dintre Guvernul Republicii Moldova și Comisia Europeană privind Programul „Sprijin pentru integrarea în UE”, semnat la Chișinău la 28 noiembrie 2024",Grant,UE,28.11.2024,626-629,,https://www.legis.md/cautare/getResults?doc_id=152164&lang=ro
"nr. 777, 17 decembrie 2025",18.12.2025,Hotărâre,"Hotărâre cu privire la inițierea negocierilor și aprobarea semnării Acordului de modificare nr. 1 la Acordul de împrumut dintre Republica Moldova şi Banca Europeană pentru Reconstrucție şi Dezvoltare privind realizarea Proiectului V de reabilitare a drumurilor din Moldova, semnat la Londra la 22 ianuarie 2024",Împrumut,BERD,22.01.2024,620-622,,https://www.legis.md/cautare/getResults?doc_id=152071&lang=ro
"nr. 776, 17 decembrie 2025",18.12.2025,Hotărâre,"Hotărâre privind aprobarea Acordului de grant dintre Instituția Publică Organizația pentru Dezvoltarea Antreprenoriatului și Agenția Executivă pentru Consiliul European pentru Inovare și IMM-uri în vederea implementării proiectului „REC4SMEs – Sprijinirea IMM-urilor prin Comunități de Energie Regenerabilă pentru un viitor durabil”, semnat la Chișinău la 28 noiembrie 2025 și la Bruxelles la 3 decembrie 2025",Grant,UE,28.11.2025,620-622,,https://www.legis.md/cautare/getResults?doc_id=152070&lang=ro
"nr. 455-X, 28 noiembrie 2025",03.12.2025,Decret,Decret cu privire la promulgarea Legii pentru ratificarea Acordului de facilitate de credit dintre Republica Moldova și Agenția Franceză pentru Dezvoltare nr. CMD 1016 01 G în vederea implementării proiectului „Programul pentru tranziția energetică verde”,Împrumut,AFD,,594-597,,https://www.legis.md/cautare/getResults?doc_id=151797&lang=ro
"nr. 292, 27 noiembrie 2025",03.12.2025,Lege,Lege pentru ratificarea Acordului de facilitate de credit dintre Republica Moldova și Agenția Franceză pentru Dezvoltare nr. CMD 1016 01 G în vederea implementării proiectului „Programul pentru tranziția energetică verde”,Împrumut,AFD,,594-597,,https://www.legis.md/cautare/getResults?doc_id=151798&lang=ro
"nr. 737, 26 noiembrie 2025",27.11.2025,Hotărâre,Hotărâre cu privire la aprobarea semnării Acordului de grant dintre Instituția Publică Organizația pentru Dezvoltarea Antreprenoriatului și Agenția Executivă pentru Consiliul European pentru Inovare și IMM-uri în vederea implementării proiectului „REC4SMEs – Sprijinirea IMM-urilor prin Comunități de Energie Regenerabilă pentru un viitor durabil”,Grant,UE,,584-586,,https://www.legis.md/cautare/getResults?doc_id=151743&lang=ro
"nr. 268, 24 octombrie 2025",20.11.2025,Ordin,"Ordin cu privire la semnarea și intrarea în vigoare a Amendamentului nr. 6 la Acordul de cooperare și finanțare, încheiat cu Federația Internațională a Societăților de Cruce Roșie și Semilună Roșie (FICR)",Grant,FICR,,573-575,,https://www.legis.md/cautare/getResults?doc_id=151670&lang=ro
"nr. 151, 28 octombrie 2025",20.11.2025,Ordin,Ordin cu privire la aducerea la cunoștința publică a datei intrării în vigoare a Memorandumului de înțelegere între Organizația pentru Dezvoltarea Antreprenoriatului (ODA) și Agenția Japoneză de Cooperare Internațională (JICA) privind consultanța în domeniul promovării IMM-urilor,Asistență tehnică,JICA,,573-575,,https://www.legis.md/cautare/getResults?doc_id=151654&lang=ro
"nr. 703, 5 noiembrie 2025",06.11.2025,Hotărâre,"Hotărâre cu privire la aprobarea proiectului de lege pentru ratificarea Acordului de facilitate de credit dintre Republica Moldova și Agenția Franceză pentru Dezvoltare nr. CMD 1016 01 G „Programul pentru tranziția energetică verde”, semnat la 11 august 2025",Împrumut,AFD,11.08.2025,553-556,,https://www.legis.md/cautare/getResults?doc_id=151510&lang=ro
"nr. 116, 4 septembrie 2025",02.10.2025,Ordin,"Ordin cu privire la aducerea la cunoștința publică a datei intrării în vigoare a Acordului de Grant pentru proiectul „Facilitarea dezvoltării IMM-urilor din Moldova, faza II”, dintre Banca Germană de Dezvoltare „Kreditanstalt für Wiederaufbau (KfW), Ministerul Dezvoltării Economice și Digitalizării și Organizația pentru Dezvoltarea Antreprenoriatului",Grant,KfW,,515-518,,https://www.legis.md/cautare/getResults?doc_id=151007&lang=ro
"nr. 573, 3 septembrie 2025",04.09.2025,Hotărâre,"Hotărâre cu privire la aprobarea semnării Acordului de grant dintre Republica Moldova și Banca Internațională pentru Reconstrucție și Dezvoltare, acționând în calitate de entitate de implementare a Fondului Global de Mediu, pentru implementarea Proiectului „Restaurarea ecosistemelor pentru prevenirea poluării marine”",Grant,BIRD,,463-466,,https://www.legis.md/cautare/getResults?doc_id=150544&lang=ro
"nr. 572, 3 septembrie 2025",04.09.2025,Hotărâre,Hotărâre cu privire la inițierea negocierilor și aprobarea semnării Acordului de finanțare dintre Guvernul Republicii Moldova și Comisia Europeană privind Planul de acțiuni multianual pentru perioada 2025-2027,Grant,UE,,463-466,,https://www.legis.md/cautare/getResults?doc_id=150542&lang=ro
"nr. 120, 19 august 2025",04.09.2025,Ordin,Ordin cu privire la aducerea la cunoștința publică a datei intrării în vigoare a Acordului de modificare la Acordul de grant dintre Ministerul Mediului și Swedfund International AB,Grant,Suedia,,463-466,,https://www.legis.md/cautare/getResults?doc_id=150527&lang=ro
"nr. 100, 4 iulie 2025",04.09.2025,Ordin,Ordin cu privire la aducerea la cunoștința publică a datei intrării în vigoare a Acordului de cooperare între Banca Europeană de Investiții și Republica Moldova cu privire la servicii de consultanță pentru sprijinirea pregătirii proiectelor de gestionare integrată a deșeurilor în două regiuni din Moldova (regiunile 4 și 7),Asistență tehnică,BEI,,463-466,,https://www.legis.md/cautare/getResults?doc_id=150526&lang=ro
"nr. 512, 20 august 2025",21.08.2025,Hotărâre,Hotărâre cu privire la aprobarea semnării Acordului de grant dintre Republica Moldova și Banca Internațională pentru Reconstrucție și Dezvoltare privind cofinanțarea Proiectului „Modernizarea și îmbunătățirea serviciilor de reabilitare”,Grant,BIRD,,441-444,,https://www.legis.md/cautare/getResults?doc_id=150272&lang=ro
"nr. 171, 29 iulie 2025",19.08.2025,Ordin,Ordin cu privire la semnarea și intrarea în vigoare a Acordului de Asistență Tehnică încheiat între Programul Alimentar Mondial (PAM) și Ministerul Muncii și Protecției Sociale pentru localizarea și implementarea programului pentru gospodării gazdă pentru refugiați și consolidarea protecției sociale reactive la șocuri în cadrul Planului Strategic Interimar pe Țară al PAM (2024–2026) în Republica Moldova,Asistență tehnică,PAM,,437-440,,https://www.legis.md/cautare/getResults?doc_id=150234&lang=ro
"nr. 495, 6 august 2025",07.08.2025,Hotărâre,Hotărâre cu privire la aprobarea semnării Acordului de facilitate de credit dintre Republica Moldova și Agenția Franceză pentru Dezvoltare nr. CMD 1016 01 G „Programul pentru tranziția energetică verde”,Împrumut,AFD,,420-422,,https://www.legis.md/cautare/getResults?doc_id=150018&lang=ro
"nr. 471, 21 iulie 2025",22.07.2025,Hotărâre,Hotărâre cu privire la inițierea negocierilor asupra proiectului Acordului de facilitate de credit dintre Republica Moldova și Agenția Franceză pentru Dezvoltare nr. CMD 1016 01 G „Programul pentru tranziția energetică verde” și acordarea împuternicirilor pentru negocierea acestuia,Împrumut,AFD,,386-388,,https://www.legis.md/cautare/getResults?doc_id=149642&lang=ro
"nr. 324-X, 17 iulie 2025",22.07.2025,Decret,"Decret privind promulgarea Legii pentru ratificarea Amendamentului la Acordul de împrumut dintre Republica Moldova şi Banca Internațională pentru Reconstrucție și Dezvoltare pentru realizarea proiectului „Investiții pentru Guvernanță, Creștere și Reziliență în Agricultură (AGGRI)”",Împrumut,BIRD,,386-388,,https://www.legis.md/cautare/getResults?doc_id=149638&lang=ro
"nr. 310-X, 16 iulie 2025",22.07.2025,Decret,Decret cu privire la promulgarea Legii pentru ratificarea Acordului de împrumut dintre Guvernul Republicii Moldova și Guvernul Regatului Belgiei pentru realizarea proiectului „Aprovizionarea descentralizată cu apă potabilă pentru Moldova”,Împrumut,Belgia,,386-388,,https://www.legis.md/cautare/getResults?doc_id=149651&lang=ro
"nr. 309-X, 16 iulie 2025",22.07.2025,Decret,Decret cu privire la promulgarea Legii pentru ratificarea Acordului de finanțare dintre Republica Moldova și Asociația Internațională pentru Dezvoltare în vederea realizării Programului „Operațiunea politică de dezvoltare pentru sprijinirea oportunităților economice și a tranziției climatice”,Împrumut,AID,,386-388,,https://www.legis.md/cautare/getResults?doc_id=149647&lang=ro
"nr. 308-X, 16 iulie 2025",22.07.2025,Decret,Decret cu privire la promulgarea Legii pentru ratificarea Acordului de împrumut dintre Republica Moldova și Banca Internațională pentru Reconstrucție și Dezvoltare în vederea realizării Programului „Operațiunea politică de dezvoltare pentru sprijinirea oportunităților economice și a tranziției climatice”,Împrumut,BIRD,,386-388,,https://www.legis.md/cautare/getResults?doc_id=149649&lang=ro
"nr. 307-X, 16 iulie 2025",22.07.2025,Decret,Decret cu privire la promulgarea Legii pentru ratificarea Contractului de finanțare dintre Republica Moldova și Banca Europeană de Investiții privind implementarea proiectului „Spitalele regionale din Republica Moldova”,Împrumut,BEI,,386-388,,https://www.legis.md/cautare/getResults?doc_id=149643&lang=ro
"nr. 234, 10 iulie 2025",22.07.2025,Lege,Lege pentru ratificarea Acordului de împrumut dintre Guvernul Republicii Moldova și Guvernul Regatului Belgiei pentru realizarea proiectului „Aprovizionarea descentralizată cu apă potabilă pentru Moldova”,Împrumut,Belgia,,386-388,,https://www.legis.md/cautare/getResults?doc_id=149652&lang=ro
"nr. 226, 10 iulie 2025",22.07.2025,Lege,Lege pentru ratificarea Acordului de împrumut dintre Republica Moldova și Banca Internațională pentru Reconstrucție și Dezvoltare în vederea realizării Programului „Operațiunea politică de dezvoltare pentru sprijinirea oportunităților economice și a tranziției climatice”,Împrumut,BIRD,,386-388,,https://www.legis.md/cautare/getResults?doc_id=149650&lang=ro
"nr. 225, 10 iulie 2025",22.07.2025,Lege,Lege pentru ratificarea Acordului de finanțare dintre Republica Moldova și Asociația Internațională pentru Dezvoltare în vederea realizării Programului „Operațiunea politică de dezvoltare pentru sprijinirea oportunităților economice și a tranziției climatice”,Împrumut,AID,,386-388,,https://www.legis.md/cautare/getResults?doc_id=149648&lang=ro
"nr. 219, 10 iulie 2025",22.07.2025,Lege,Lege pentru ratificarea Contractului de finanțare dintre Republica Moldova și Banca Europeană de Investiții privind implementarea proiectului „Spitalele regionale din Republica Moldova”,Împrumut,BEI,,386-388,,https://www.legis.md/cautare/getResults?doc_id=149646&lang=ro
"nr. 211, 10 iulie 2025",22.07.2025,Lege,"Lege pentru ratificarea Amendamentului la Acordul de împrumut dintre Republica Moldova şi Banca Internațională pentru Reconstrucție și Dezvoltare pentru realizarea proiectului „Investiții pentru Guvernanță, Creștere și Reziliență în Agricultură (AGGRI)”",Împrumut,BIRD,,386-388,,https://www.legis.md/cautare/getResults?doc_id=149641&lang=ro
"nr. 469, 21 iulie 2025",21.07.2025,Hotărâre,"Hotărâre cu privire la inițierea negocierilor și aprobarea semnării Amendamentului nr. 2 la Acordul de finanțare dintre Guvernul Republicii Moldova și Uniunea Europeană privind Facilitatea de cooperare tehnică 2016, semnat la Chișinău la 21 iulie 2017",Asistență tehnică,UE,21.07.2017,385,,https://www.legis.md/cautare/getResults?doc_id=149639&lang=ro
"nr. 316-X, 17 iulie 2025",21.07.2025,Decret,"Decret privind promulgarea Legii pentru ratificarea Contractului de finanțare dintre Republica Moldova, SA „Termoelectrica” și Banca Europeană de Investiții privind realizarea proiectului „Optimizarea sistemului de alimentare centralizată cu energie termică din municipiul Chișinău”",Împrumut,BEI,,381-384,,https://www.legis.md/cautare/getResults?doc_id=149616&lang=ro
"nr. 315-X, 17 iulie 2025",21.07.2025,Decret,Decret cu privire la promulgarea Legii pentru ratificarea Acordului de modificare nr. 1 la Contractul de finanțare dintre Republica Moldova și Banca Europeană de Investiții pentru suplinirea și realizarea în continuare a proiectului „Moldova drumuri III”,Împrumut,BEI,,381-384,,https://www.legis.md/cautare/getResults?doc_id=149620&lang=ro
"nr. 314-X, 17 iulie 2025",21.07.2025,Decret,Decret privind promulgarea Legii pentru ratificarea Amendamentului nr. 1 la Acordul de grant dintre Republica Moldova şi Banca Europeană de Investiții în vederea realizării proiectului „Eficiența energetică în Republica Moldova”,Grant,BEI,,381-384,,https://www.legis.md/cautare/getResults?doc_id=149622&lang=ro
"nr. 213, 10 iulie 2025",21.07.2025,Lege,Lege pentru ratificarea Amendamentului nr. 1 la Acordul de grant dintre Republica Moldova și Banca Europeană de Investiții în vederea realizării proiectului „Eficiența energetică în Republica Moldova”,Grant,BEI,,381-384,,https://www.legis.md/cautare/getResults?doc_id=149623&lang=ro
"nr. 212, 10 iulie 2025",21.07.2025,Lege,Lege pentru ratificarea Acordului de modificare nr. 1 la Contractul de finanțare dintre Republica Moldova și Banca Europeană de Investiții pentru suplinirea și realizarea în continuare a proiectului „Moldova drumuri III”,Împrumut,BEI,,381-384,,https://www.legis.md/cautare/getResults?doc_id=149621&lang=ro
"nr. 203, 10 iulie 2025",21.07.2025,Lege,"Lege pentru ratificarea Contractului de finanțare dintre Republica Moldova, SA „Termoelectrica” și Banca Europeană de Investiții privind realizarea proiectului „Optimizarea sistemului de alimentare centralizată cu energie termică din municipiul Chișinău”",Împrumut,BEI,,381-384,,https://www.legis.md/cautare/getResults?doc_id=149617&lang=ro
"nr. 298-X, 15 iulie 2025",18.07.2025,Decret,Decret cu privire la promulgarea Legii pentru ratificarea Acordului de modificare nr. 4 la Acordul de împrumut dintre Republica Moldova și Banca Europeană pentru Reconstrucție și Dezvoltare privind realizarea lucrărilor de construcție și reabilitare a drumurilor în Republica Moldova,Împrumut,BERD,,375-378,,https://www.legis.md/cautare/getResults?doc_id=149582&lang=ro
"nr. 296-X, 15 iulie 2025",18.07.2025,Decret,Decret privind promulgarea Legii pentru ratificarea Amendamentului nr. 1 la Contractul de finanțare dintre Republica Moldova și Banca Europeană de Investiții pentru realizarea proiectului „Eficiența energetică în Republica Moldova”,Împrumut,BEI,,375-378,,https://www.legis.md/cautare/getResults?doc_id=149587&lang=ro
"nr. 202, 10 iulie 2025",18.07.2025,Lege,Lege pentru ratificarea Amendamentului nr. 1 la Contractul de finanțare dintre Republica Moldova și Banca Europeană de Investiții pentru realizarea proiectului „Eficiența energetică în Republica Moldova”,Împrumut,BEI,,375-378,,https://www.legis.md/cautare/getResults?doc_id=149588&lang=ro
"nr. 184, 3 iulie 2025",18.07.2025,Lege,Lege pentru ratificarea Acordului de modificare nr. 4 la Acordul de împrumut dintre Republica Moldova şi Banca Europeană pentru Reconstrucție şi Dezvoltare privind realizarea lucrărilor de construcție şi reabilitare a drumurilor în Republica Moldova,Împrumut,BERD,,375-378,,https://www.legis.md/cautare/getResults?doc_id=149583&lang=ro
"nr. 433, 9 iulie 2025",10.07.2025,Hotărâre,"Hotărâre cu privire la aprobarea proiectului de lege pentru ratificarea Amendamentului nr. 1, semnat la Chișinău la 4 iulie 2025, la Contractul de finanțare dintre Republica Moldova și Banca Europeană de Investiții pentru realizarea Proiectului „Eficiența energetică în Republica Moldova”, în sumă de 30 de milioane de euro, semnat la Chișinău la 10 decembrie 2021",Împrumut,BEI,04.07.2025,356-365,,https://www.legis.md/cautare/getResults?doc_id=149428&lang=ro
"nr. 432, 9 iulie 2025",10.07.2025,Hotărâre,"Hotărâre cu privire la aprobarea proiectului de lege pentru ratificarea Amendamentului nr. 1, semnat la Chișinău la 7 iulie 2025, la Acordul de grant dintre Republica Moldova și Banca Europeană de Investiții în vederea realizării Proiectului „Eficiența energetică în Republica Moldova”, semnat la Chișinău la 13 septembrie 2022",Grant,BEI,07.07.2025,356-365,,https://www.legis.md/cautare/getResults?doc_id=149427&lang=ro
"nr. 431, 9 iulie 2025",10.07.2025,Hotărâre,"Hotărâre cu privire la aprobarea proiectului de lege pentru ratificarea Acordului de modificare nr. 1, semnat la 4 iulie 2025, la Contractul de finanțare dintre Republica Moldova și Banca Europeană de Investiții pentru suplinirea și realizarea în continuare a proiectului „Moldova drumuri III”",Împrumut,BEI,04.07.2025,356-365,,https://www.legis.md/cautare/getResults?doc_id=149426&lang=ro
"nr. 430, 9 iulie 2025",10.07.2025,Hotărâre,"Hotărâre cu privire la aprobarea proiectului de lege pentru ratificarea Contractului de finanțare dintre Republica Moldova și Banca Europeană de Investiții privind realizarea Proiectului „Optimizarea sistemului de alimentare centralizată cu energie termică din mun. Chișinău”, semnat la Chișinău la 3 iulie 2025",Împrumut,BEI,03.07.2025,356-365,,https://www.legis.md/cautare/getResults?doc_id=149425&lang=ro
"nr. 429, 9 iulie 2025",10.07.2025,Hotărâre,"Hotărâre cu privire la aprobarea proiectului de lege pentru ratificarea Contractului de finanțare dintre Republica Moldova și Banca Europeană de Investiții privind implementarea Proiectului „Spitalele regionale din Republica Moldova”, semnat la Chișinău la 8 iulie 2025",Împrumut,BEI,08.07.2025,356-365,,https://www.legis.md/cautare/getResults?doc_id=149424&lang=ro
"nr. 427, 9 iulie 2025",10.07.2025,Hotărâre,"Hotărâre pentru aprobarea proiectului de lege pentru ratificarea Amendamentului, semnat la Сhișinău la 3 iulie 2025, la Acordul de împrumut dintre Republica Moldova și Banca Internațională pentru Reconstrucție și Dezvoltare pentru realizarea Proiectului „Investiții pentru Guvernanță, Creștere și Reziliență în Agricultură (AGGRI)”, semnat la Chișinău la 5 iunie 2023",Împrumut,BIRD,03.07.2025,356-365,,https://www.legis.md/cautare/getResults?doc_id=149422&lang=ro
"nr. 425, 9 iulie 2025",10.07.2025,Hotărâre,Hotărâre cu privire la aprobarea semnării Acordului de grant dintre Republica Moldova și Banca de Dezvoltare a Consiliului Europei „Eficiența energetică în infrastructura educațională”,Grant,CEB,,356-365,,https://www.legis.md/cautare/getResults?doc_id=149420&lang=ro
"nr. 286-X, 4 iulie 2025",05.07.2025,Decret,Decret privind inițierea negocierilor și aprobarea semnării Amendamentului nr. 1 la Acordul de grant dintre Republica Moldova și Banca Europeană de Investiții în vederea realizării Proiectului „Eficiența energetică în Republica Moldova”,Grant,BEI,,350-352,,https://www.legis.md/cautare/getResults?doc_id=149391&lang=ro
"nr. 412, 2 iulie 2025",03.07.2025,Hotărâre,Hotărâre cu privire la aprobarea semnării Contractului de finanțare dintre Republica Moldova și Banca Europeană de Investiții privind implementarea proiectului „Spitalele regionale din Republica Moldova”,Împrumut,BEI,,343-345,,https://www.legis.md/cautare/getResults?doc_id=149313&lang=ro
"nr. 411, 2 iulie 2025",03.07.2025,Hotărâre,"Hotărâre cu privire la aprobarea proiectului de lege pentru ratificarea Acordului de modificare nr. 4, semnat la Chișinău la 26 iunie 2025, la Acordul de împrumut dintre Republica Moldova şi Banca Europeană pentru Reconstrucție şi Dezvoltare privind realizarea lucrărilor de construcție şi reabilitare a drumurilor în Republica Moldova, semnat la Chișinău la 28 iunie 2013",Împrumut,BERD,26.06.2025,343-345,,https://www.legis.md/cautare/getResults?doc_id=149312&lang=ro
"nr. 410, 2 iulie 2025",03.07.2025,Hotărâre,"Hotărâre cu privire la inițierea negocierilor și aprobarea semnării Amendamentului la Acordul de împrumut dintre Republica Moldova și Banca Internațională pentru Reconstrucție și Dezvoltare pentru realizarea proiectului „Investiții pentru Guvernanță, Creștere și Reziliență în Agricultură (AGGRI)”, semnat la Chișinău la 5 iunie 2023",Împrumut,BIRD,05.06.2023,343-345,,https://www.legis.md/cautare/getResults?doc_id=149310&lang=ro
"nr. 408, 2 iulie 2025",03.07.2025,Hotărâre,"Hotărâre cu privire la aprobarea proiectului de lege pentru ratificarea Acordului de împrumut dintre Guvernul Republicii Moldova și Guvernul Regatului Belgiei pentru realizarea Proiectului „Aprovizionarea descentralizată cu apă potabilă pentru Moldova”, întocmit la Chișinău la 23 iunie 2025",Împrumut,Belgia,,343-345,,https://www.legis.md/cautare/getResults?doc_id=149308&lang=ro
"nr. 407, 2 iulie 2025",03.07.2025,Hotărâre,Hotărâre cu privire la inițierea negocierilor și aprobarea semnării Acordului de modificare nr. 1 la Contractul de finanțare dintre Republica Moldova şi Banca Europeană de Investiții pentru suplinirea și realizarea în continuare a proiectului „Moldova drumuri III”,Împrumut,BEI,,343-345,,https://www.legis.md/cautare/getResults?doc_id=149307&lang=ro
"nr. 406, 2 iulie 2025",03.07.2025,Hotărâre,Hotărâre cu privire la aprobarea semnării Contractului de finanțare dintre Republica Moldova și Banca Europeană de Investiții privind realizarea Proiectului „Optimizarea sistemului de alimentare centralizată cu energie termică din mun. Chișinău”,Împrumut,BEI,,343-345,,https://www.legis.md/cautare/getResults?doc_id=149306&lang=ro
"nr. 405, 2 iulie 2025",03.07.2025,Hotărâre,"Hotărâre cu privire la inițierea negocierilor și aprobarea semnării Amendamentului nr. 1 la Contractul de finanțare dintre Republica Moldova și Banca Europeană de Investiții pentru realizarea Proiectului „Eficiența energetică în Republica Moldova”, în sumă de 30 de milioane de euro, semnat la Chișinău la 10 decembrie 2021",Împrumut,BEI,10.12.2021,343-345,,https://www.legis.md/cautare/getResults?doc_id=149305&lang=ro
"nr. 273-X, 30 iunie 2025",03.07.2025,Decret,Decret cu privire la promulgarea Legii pentru ratificarea Amendamentului nr. 2 la Contractul de finanțare dintre Republica Moldova și Banca Europeană de Investiții privind interconectarea electrică Moldova–România,Împrumut,BEI,,343-345,,https://www.legis.md/cautare/getResults?doc_id=149324&lang=ro
"nr. 272-X, 30 iunie 2025",03.07.2025,Decret,"Decret privind promulgarea Legii pentru ratificarea Amendamentului nr. 1 la Acordul de grant dintre Ministerul Mediului al Republicii Moldova și Banca Europeană pentru Reconstrucție și Dezvoltare privind finanțarea asistenței tehnice, în sumă de 600000 de euro, în vederea realizării proiectului „Deșeuri solide în Republica Moldova”",Grant,BERD,,343-345,,https://www.legis.md/cautare/getResults?doc_id=149315&lang=ro
"nr. 166, 26 iunie 2025",03.07.2025,Lege,Lege pentru ratificarea Amendamentului nr. 2 la Contractul de finanțare dintre Republica Moldova și Banca Europeană de Investiții privind interconectarea electrică Moldova–România,Împrumut,BEI,,343-345,,https://www.legis.md/cautare/getResults?doc_id=149341&lang=ro
"nr. 161, 26 iunie 2025",03.07.2025,Lege,"Lege pentru ratificarea Amendamentului nr. 1 la Acordul de grant dintre Ministerul Mediului al Republicii Moldova și Banca Europeană pentru Reconstrucție și Dezvoltare privind finanțarea asistenței tehnice, în sumă de 600000 de euro, în vederea realizării proiectului „Deșeuri solide în Republica Moldova”",Grant,BERD,,343-345,,https://www.legis.md/cautare/getResults?doc_id=149316&lang=ro
"nr. 492, 6 iunie 2025",28.06.2025,Ordin,Ordin cu privire la sеmnаrеа și intrаrеа în vigoare а Acordului de grant dintre Republica Moldova și Banca de Dezvoltare a Consiliului Europei privind asistența tehnică pentru realizarea Proiectului „Construcția Spitalului Regional Bălți”,Grant,CEB,,340-342,,https://www.legis.md/cautare/getResults?doc_id=149219&lang=ro
"nr. 259-X, 25 iunie 2025",28.06.2025,Decret,"Decret privind promulgarea Legii pentru ratificarea Amendamentului nr. 1, încheiat prin schimb de scrisori, la Acordul de împrumut dintre Republica Moldova şi Banca Europeană pentru Reconstrucție și Dezvoltare în vederea realizării proiectului „Sistemul termoenergetic al municipiului Bălți (S.A. „CET-Nord”)”, faza II",Împrumut,BERD,,340-342,,https://www.legis.md/cautare/getResults?doc_id=149229&lang=ro
"nr. 258-X, 25 iunie 2025",28.06.2025,Decret,Decret pentru promulgarea Legii privind ratificarea Acordului de împrumut (finanțarea suplimentară pentru Proiectul „Învățământul superior”) dintre Republica Moldova și Banca Internațională pentru Reconstrucție și Dezvoltare,Împrumut,BIRD,,340-342,,https://www.legis.md/cautare/getResults?doc_id=149226&lang=ro
"nr. 257-X, 25 iunie 2025",28.06.2025,Decret,Decret privind promulgarea Legii pentru ratificarea Amendamentului nr. 3 la Acordul de finanțare (Proiectul „Învățământul superior”) dintre Republica Moldova și Asociația Internațională pentru Dezvoltare,Împrumut,AID,,340-342,,https://www.legis.md/cautare/getResults?doc_id=149221&lang=ro
"nr. 150, 19 iunie 2025",28.06.2025,Lege,"Lege pentru ratificarea Amendamentului nr. 1, încheiat prin schimb de scrisori, la Acordul de împrumut dintre Republica Moldova și Banca Europeană pentru Reconstrucție și Dezvoltare în vederea realizării proiectului „Sistemul termoenergetic al municipiului Bălți (S.A. „CET-Nord”)”, faza II",Împrumut,BERD,,340-342,,https://www.legis.md/cautare/getResults?doc_id=149230&lang=ro
"nr. 148, 19 iunie 2025",28.06.2025,Lege,Lege privind ratificarea Acordului de împrumut (finanțarea suplimentară pentru Proiectul „Învățământul superior”) dintre Republica Moldova și Banca Internațională pentru Reconstrucție și Dezvoltare,Împrumut,BIRD,,340-342,,https://www.legis.md/cautare/getResults?doc_id=149227&lang=ro
"nr. 147, 19 iunie 2025",28.06.2025,Lege,Lege pentru ratificarea Amendamentului nr. 3 la Acordul de finanțare (Proiectul „Învățământul superior”) dintre Republica Moldova și Asociația Internațională pentru Dezvoltare,Împrumut,AID,,340-342,,https://www.legis.md/cautare/getResults?doc_id=149223&lang=ro
"nr. 399, 24 iunie 2025",25.06.2025,Hotărâre,Hotărâre cu privire la inițierea negocierilor și aprobarea semnării Amendamentului nr. 1 la Acordul de finanțare dintre Guvernul Republicii Moldova și Comisia Europeană privind Programul „UE pentru Reforme”,Grant,UE,,333-335,,https://www.legis.md/cautare/getResults?doc_id=149161&lang=ro
"nr. 398, 24 iunie 2025",25.06.2025,Hotărâre,Hotărâre cu privire la inițierea negocierilor și aprobarea semnării Amendamentului nr. 1 la Acordul de finanțare dintre Guvernul Republicii Moldova și Comisia Europeană privind Programul „UE pentru redresare și reziliență”,Grant,UE,,333-335,,https://www.legis.md/cautare/getResults?doc_id=149160&lang=ro
"nr. 385, 24 iunie 2025",25.06.2025,Hotărâre,"Hotărâre cu privire la aprobarea proiectului de lege pentru ratificarea Amendamentului nr. 2 la Contractul de finanțare dintre Republica Moldova și Banca Europeană de Investiții privind interconectarea electrică Moldova – România, semnat la Chișinău la 20 decembrie 2017",Împrumut,BEI,20.12.2017,333-335,,https://www.legis.md/cautare/getResults?doc_id=149150&lang=ro
"nr. 381, 24 iunie 2025",25.06.2025,Hotărâre,Hotărâre cu privire la inițierea negocierilor asupra proiectului Contractului de finanțare dintre Republica Moldova și Banca Europeană de Investiții privind implementarea Proiectului „Spitalele regionale din Republica Moldova” și acordarea împuternicirilor delegației oficiale de negociatori,Împrumut,BEI,,333-335,,https://www.legis.md/cautare/getResults?doc_id=149149&lang=ro
"nr. 252-X, 20 iunie 2025",24.06.2025,Decret,Decret pentru inițierea negocierilor şi aprobarea semnării Acordului de modificare nr. 4 la Acordul de împrumut între Republica Moldova şi Banca Europeană pentru Reconstrucție şi Dezvoltare privind realizarea lucrărilor de construcție şi reabilitare a drumurilor în Republica Moldova,Împrumut,BERD,,329-332,,https://www.legis.md/cautare/getResults?doc_id=149127&lang=ro
"nr. 380, 18 iunie 2025",19.06.2025,Hotărâre,Hotărâre cu privire la aprobarea semnării Acordului de împrumut dintre Guvernul Republicii Moldova și Guvernul Regatului Belgiei pentru realizarea Proiectului „Aprovizionarea descentralizată cu apă potabilă pentru Moldova”,Împrumut,Belgia,,321-324,,https://www.legis.md/cautare/getResults?doc_id=149021&lang=ro
"nr. 373, 18 iunie 2025",19.06.2025,Hotărâre,"Hotărâre cu privire la aprobarea proiectului de lege pentru ratificarea Acordului de împrumut dintre Republica Moldova și Banca Internațională pentru Reconstrucție şi Dezvoltare în vederea realizării Programului „Operațiunea politica de dezvoltare pentru sprijinirea oportunităților economice și a tranziției climatice”, semnat la 28 mai 2025",Împrumut,BIRD,28.05.2025,321-324,,https://www.legis.md/cautare/getResults?doc_id=149019&lang=ro
"nr. 372, 18 iunie 2025",19.06.2025,Hotărâre,"Hotărâre cu privire la aprobarea proiectului de lege pentru ratificarea Acordului de finanțare dintre Republica Moldova și Asociația Internațională pentru Dezvoltare în vederea realizării Programului „Operațiunea politica de dezvoltare pentru sprijinirea oportunităților economice și a tranziției climatice”, semnat la 28 mai 2025",Împrumut,AID,28.05.2025,321-324,,https://www.legis.md/cautare/getResults?doc_id=149018&lang=ro
"nr. 369, 18 iunie 2025",19.06.2025,Hotărâre,"Hotărâre cu privire la aprobarea proiectului de lege pentru ratificarea Amendamentului nr. 1, semnat la Chișinău la 19 mai 2025, la Acordul de grant dintre Ministerul Mediului al Republicii Moldova și Banca Europeană pentru Reconstrucție și Dezvoltare privind finanțarea asistenței tehnice, în sumă de 600 000 de euro, în vederea realizării Proiectului „Deșeuri solide în Republica Moldova”, semnat la Chișinău la 20 decembrie 2023",Grant,BERD,19.05.2025,321-324,,https://www.legis.md/cautare/getResults?doc_id=149015&lang=ro
"nr. 363, 18 iunie 2025",19.06.2025,Hotărâre,Hotărâre pentru inițierea negocierilor asupra proiectului Contractului de finanțare dintre Republica Moldova și Banca Europeană de Investiții privind realizarea Proiectului „Optimizarea sistemului de alimentare centralizată cu energie termică din mun. Chișinău” și acordarea împuternicirilor delegației pentru negocierea acestuia,Împrumut,BEI,,321-324,,https://www.legis.md/cautare/getResults?doc_id=149006&lang=ro
"nr. 245-X, 18 iunie 2025",19.06.2025,Decret,"Decret privind promulgarea Legii pentru ratificarea Amendamentului nr. 1 la Acordul de grant dintre Republica Moldova și Banca Europeană pentru Reconstrucție și Dezvoltare privind finanțarea proiectelor investiționale orientate spre dezvoltarea infrastructurii în domeniul managementului deșeurilor solide, în sumă de 4340000 de euro, în vederea realizării proiectului „Deșeuri solide în Republica Moldova”",Grant,BERD,,321-324,,https://www.legis.md/cautare/getResults?doc_id=149014&lang=ro
"nr. 138, 13 iunie 2025",19.06.2025,Lege,"Lege pentru ratificarea Amendamentului nr. 1 la Acordul de grant dintre Republica Moldova și Banca Europeană pentru Reconstrucție și Dezvoltare privind finanțarea proiectelor investiționale orientate spre dezvoltarea infrastructurii în domeniul managementului deșeurilor solide, în sumă de 4340000 de euro, în vederea realizării proiectului „Deșeuri solide în Republica Moldova”",Grant,BERD,,321-324,,https://www.legis.md/cautare/getResults?doc_id=149023&lang=ro
"nr. 138, 12 iunie 2025",19.06.2025,Ordin,Ordin cu privire la semnarea și intrarea în vigoare a Amendamentului nr. 5 la Acordul de cooperare și finanțare încheiat cu Federația Internațională a Societăților de Cruce Roșie și Semilună Roșie (FICR),Grant,FICR,,321-324,,https://www.legis.md/cautare/getResults?doc_id=149007&lang=ro
"nr. 355, 11 iunie 2025",12.06.2025,Hotărâre,"Hotărâre pentru inițierea negocierilor și aprobarea semnării Amendamentului nr. 2 la Contractul de finanțare între Republica Moldova și Banca Europeană de Investiții privind interconectarea electrică Moldova – România, semnat la 20 decembrie 2017",Împrumut,BEI,20.12.2017,309-312,,https://www.legis.md/cautare/getResults?doc_id=148888&lang=ro
"nr. 344, 11 iunie 2025",12.06.2025,Hotărâre,"Hotărâre cu privire la aprobarea proiectului de lege pentru ratificarea Amendamentului nr. 1, încheiat prin schimb de scrisori, la Acordul de împrumut dintre Republica Moldova și Banca Europeană pentru Reconstrucție și Dezvoltare, în vederea realizării proiectului „Sistemul termoenergetic al municipiului Bălți (SA „CET-Nord”)”, faza II, semnat la Chișinău la 24 decembrie 2021",Împrumut,BERD,24.12.2021,309-312,,https://www.legis.md/cautare/getResults?doc_id=148873&lang=ro
"nr. 342, 11 iunie 2025",12.06.2025,Hotărâre,"Hotărâre cu privire la aprobarea proiectului de lege pentru ratificarea Acordului de împrumut (Finanțarea suplimentară pentru Proiectul „Învățământul superior”) dintre Republica Moldova și Banca Internațională pentru Reconstrucție și Dezvoltare (acționând în nume propriu și în calitate de Agenție de Suport pentru Implementare a Facilității Globale de Finanțare Concesională), încheiat la 2 iunie 2025",Împrumut,BIRD,,309-312,,https://www.legis.md/cautare/getResults?doc_id=148871&lang=ro
"nr. 341, 11 iunie 2025",12.06.2025,Hotărâre,"Hotărâre cu privire la aprobarea proiectului de lege pentru ratificarea Amendamentului nr. 3, semnat la Chișinău la 2 iunie 2025, la Acordul de finanțare (Proiectul „Învățământul superior”) dintre Republica Moldova și Asociația Internațională pentru Dezvoltare, încheiat la Chişinău la 19 mai 2020",Împrumut,AID,02.06.2025,309-312,,https://www.legis.md/cautare/getResults?doc_id=148869&lang=ro
"nr. 45, 2 iunie 2025",05.06.2025,Ordin,Ordin cu privire la comunicarea publică a datei intrării în vigoare a Acordului de grant dintre Ministerul Energiei și Swedfund International AB,Grant,Suedia,,297-300,,https://www.legis.md/cautare/getResults?doc_id=148779&lang=ro
"nr. 219-X, 29 mai 2025",03.06.2025,Decret,"Decret privind promulgarea Legii pentru ratificarea Acordului de împrumut dintre Republica Moldova, reprezentată de Ministerul Finanțelor în calitate de împrumutat și Banca Națională a Moldovei în calitate de agent al împrumutatului, și Uniunea Europeană, reprezentată de Comisia Europeană în calitate de creditor, privind acordarea Facilității de reformă și creștere pentru Republica Moldova",Împrumut,UE,,293-296,da,https://www.legis.md/cautare/getResults?doc_id=148755&lang=ro
"nr. 213-X, 28 mai 2025",03.06.2025,Decret,"Decret privind promulgarea Legii pentru ratificarea Acordului de finanțare dintre Republica Moldova, Comisia Europeană și regiunea Hauts-de-France pentru Programul Interreg (Interreg VI-C) Interreg Europe 2021–2027",Grant,UE,,289-292,,https://www.legis.md/cautare/getResults?doc_id=148751&lang=ro
"nr. 211-X, 28 mai 2025",03.06.2025,Decret,Decret cu privire la promulgarea Legii pentru ratificarea Acordului de facilitate de credit dintre Republica Moldova și Agenția Franceză pentru Dezvoltare nr. CMD 1013 01 D în vederea implementării proiectului „Inițiativa pentru dezvoltarea infrastructurii publice durabile prin renovări de eficiență energetică (INSPIREE)”,Împrumut,AFD,,289-292,,https://www.legis.md/cautare/getResults?doc_id=148744&lang=ro
"nr. 210-X, 28 mai 2025",03.06.2025,Decret,"Decret cu privire la promulgarea Legii pentru ratificarea Acordului de grant dintre Republica Moldova, Societatea pe Acțiuni „Termoelectrica” și Banca Europeană pentru Reconstrucție și Dezvoltare privind acordarea grantului din cadrul Platformei de Investiții pentru Vecinătate a Comisiei Europene în vederea realizării proiectului „Optimizarea sistemului de alimentare centralizată cu energie termică din municipiul Chișinău”",Grant,BERD / UE,,289-292,,https://www.legis.md/cautare/getResults?doc_id=148729&lang=ro
"nr. 118, 29 mai 2025",03.06.2025,Lege,"Lege pentru ratificarea Acordului de împrumut dintre Republica Moldova, reprezentată de Ministerul Finanțelor în calitate de împrumutat și Banca Națională a Moldovei în calitate de agent al împrumutatului, și Uniunea Europeană, reprezentată de Comisia Europeană în calitate de creditor, privind acordarea Facilității de reformă și creștere pentru Republica Moldova",Împrumut,UE,,293-296,da,https://www.legis.md/cautare/getResults?doc_id=148756&lang=ro
"nr. 115, 22 mai 2025",03.06.2025,Lege,"Lege pentru ratificarea Acordului de finanțare dintre Republica Moldova, Comisia Europeană și regiunea Hauts-de-France pentru Programul Interreg (Interreg VI-C) Interreg Europe 2021–2027",Grant,UE,,289-292,,https://www.legis.md/cautare/getResults?doc_id=148753&lang=ro
"nr. 106, 22 mai 2025",03.06.2025,Lege,Lege pentru ratificarea Acordului de facilitate de credit dintre Republica Moldova și Agenția Franceză pentru Dezvoltare nr. CMD 1013 01 D în vederea implementării proiectului „Inițiativa pentru dezvoltarea infrastructurii publice durabile prin renovări de eficiență energetică (INSPIREE)”,Împrumut,AFD,,289-292,,https://www.legis.md/cautare/getResults?doc_id=148748&lang=ro
"nr. 105, 22 mai 2025",03.06.2025,Lege,"Lege pentru ratificarea Acordului de grant dintre Republica Moldova, Societatea pe Acțiuni „Termoelectrica” și Banca Europeană pentru Reconstrucție și Dezvoltare privind acordarea grantului din cadrul Platformei de Investiții pentru Vecinătate a Comisiei Europene în vederea realizării proiectului „Optimizarea sistemului de alimentare centralizată cu energie termică din municipiul Chișinău”",Grant,BERD / UE,,289-292,,https://www.legis.md/cautare/getResults?doc_id=148746&lang=ro
"nr. 212-X, 28 mai 2025",30.05.2025,Decret,"Decret cu privire la promulgarea Legii pentru ratificarea Acordului de grant dintre Republica Moldova, Societatea pe Acțiuni „Termoelectrica” și Banca Europeană pentru Reconstrucție și Dezvoltare privind grantul investițional acordat din Fondul Regional al Parteneriatului Europei de Est pentru Eficiență Energetică și Mediu în vederea realizării proiectului „Optimizarea sistemului de alimentare centralizată cu energie termică din municipiul Chișinău”",Grant,BERD,,265-268,,https://www.legis.md/cautare/getResults?doc_id=148690&lang=ro
"nr. 104, 22 mai 2025",30.05.2025,Lege,"Lege pentru ratificarea Acordului de grant dintre Republica Moldova, Societatea pe Acțiuni „Termoelectrica” și Banca Europeană pentru Reconstrucție și Dezvoltare privind grantul investițional acordat din Fondul Regional al Parteneriatului Europei de Est pentru Eficiență Energetică și Mediu în vederea realizării proiectului „Optimizarea sistemului de alimentare centralizată cu energie termică din municipiul Chișinău”",Grant,BERD,,265-268,,https://www.legis.md/cautare/getResults?doc_id=148701&lang=ro
"nr. 307, 28 mai 2025",29.05.2025,Hotărâre,"Hotărâre cu privire la aprobarea proiectului de lege pentru ratificarea Acordului de împrumut dintre Republica Moldova, reprezentată de Ministerul Finanțelor în calitate de Împrumutat și Banca Națională a Moldovei în calitate de Agent al Împrumutatului, și Uniunea Europeană, reprezentată de Comisia Europeană în calitate de Creditor privind acordarea Facilității de reformă și creștere pentru Republica Moldova, semnat la data de 21 mai 2025",Împrumut,UE,,261-264,da,https://www.legis.md/cautare/getResults?doc_id=148658&lang=ro
"nr. 294, 21 mai 2025",22.05.2025,Hotărâre,Hotărâre cu privire la aprobarea semnării Acordului de finanțare dintre Republica Moldova și Asociația Internațională pentru Dezvoltare în vederea realizării Programului „Operațiunea politica de dezvoltare pentru sprijinirea oportunităților economice și a tranziției climatice”,Împrumut,AID,,245-248,,https://www.legis.md/cautare/getResults?doc_id=148530&lang=ro
"nr. 293, 21 mai 2025",22.05.2025,Hotărâre,Hotărâre cu privire la aprobarea semnării Acordului de împrumut dintre Republica Moldova și Banca Internațională pentru Reconstrucție şi Dezvoltare în vederea realizării Programului „Operațiunea politica de dezvoltare pentru sprijinirea oportunităților economice și a tranziției climatice”,Împrumut,BIRD,,245-248,,https://www.legis.md/cautare/getResults?doc_id=148529&lang=ro
"nr. 93, 8 mai 2025",20.05.2025,Lege,"Lege pentru ratificarea Amendamentului nr. 1, încheiat prin schimb de scrisori, la Acordul de finanțare dintre Republica Moldova, Comisia Europeană și Ministerul Dezvoltării, Lucrărilor Publice și Administrației al României pentru Programul Interreg VI-B NEXT Bazinul Mării Negre 2021–2027",Grant,UE,,241-244,,https://www.legis.md/cautare/getResults?doc_id=148497&lang=ro
"nr. 92, 8 mai 2025",20.05.2025,Lege,"Lege pentru ratificarea Amendamentului nr. 1, încheiat prin schimb de scrisori, la Acordul de finanțare dintre Republica Moldova, Comisia Europeană și Ministerul Dezvoltării, Lucrărilor Publice și Administrației al României pentru Programul Interreg VI-A NEXT România – Republica Moldova 2021–2027",Grant,UE,,241-244,,https://www.legis.md/cautare/getResults?doc_id=148490&lang=ro
"nr. 196-X, 15 mai 2025",20.05.2025,Decret,"Decret privind promulgarea Legii pentru ratificarea Amendamentului nr. 1, încheiat prin schimb de scrisori, la Acordul de finanțare dintre Republica Moldova, Comisia Europeană și Ministerul Dezvoltării, Lucrărilor Publice și Administrației al României pentru Programul Interreg VI-B NEXT Bazinul Mării Negre 2021–2027",Grant,UE,,241-244,,https://www.legis.md/cautare/getResults?doc_id=148496&lang=ro
"nr. 195-X, 15 mai 2025",20.05.2025,Decret,"Decret privind promulgarea Legii pentru ratificarea Amendamentului nr. 1, încheiat prin schimb de scrisori, la Acordul de finanțare dintre Republica Moldova, Comisia Europeană și Ministerul Dezvoltării, Lucrărilor Publice și Administrației al României pentru Programul Interreg VI-A NEXT România – Republica Moldova 2021–2027",Grant,UE,,241-244,,https://www.legis.md/cautare/getResults?doc_id=148489&lang=ro
"nr. 282, 14 mai 2025",15.05.2025,Hotărâre,Hotărâre cu privire la aprobarea semnării Acordului de împrumut (Finanțarea suplimentară pentru Proiectul „Învățământul superior”) dintre Republica Moldova și Banca Internațională pentru Reconstrucție și Dezvoltare (acționând în nume propriu și în calitate de Agenție de Suport pentru Implementare a Facilității Globale de Finanțare Concesională),Împrumut,BIRD,,229-232,,https://www.legis.md/cautare/getResults?doc_id=148416&lang=ro
"nr. 279, 14 mai 2025",15.05.2025,Hotărâre,"Hotărâre cu privire la aprobarea semnării Amendamentului nr. 1 la Acordul de grant dintre Republica Moldova și Banca Europeană pentru Reconstrucție și Dezvoltare privind finanțarea proiectelor investiționale orientate spre dezvoltarea infrastructurii în domeniul managementul deșeurilor solide, în sumă de 4 340 000 euro, în vederea realizării Proiectului „Deșeuri solide în Republica Moldova”, semnat la Chișinău la 17 septembrie 2024",Grant,BERD,17.09.2024,229-232,,https://www.legis.md/cautare/getResults?doc_id=148412&lang=ro
"nr. 278, 14 mai 2025",15.05.2025,Hotărâre,"Hotărâre pentru inițierea negocierilor și aprobarea semnării Amendamentului nr. 2 la Contractul de finanțare dintre Republica Moldova și Banca Europeană de Investiții privind implementarea Proiectului „Deșeuri solide în Republica Moldova”, în sumă de 25 de milioane de euro, semnat la 18 octombrie 2019",Împrumut,BEI,18.10.2019,229-232,,https://www.legis.md/cautare/getResults?doc_id=148411&lang=ro
"nr. 277, 14 mai 2025",15.05.2025,Hotărâre,"Hotărâre cu privire la aprobarea semnării Acordului de grant dintre Republica Moldova, Banca Internațională pentru Reconstrucție și Dezvoltare și Asociația Internațională pentru Dezvoltare pentru realizarea Programului Fondului fiduciar multidonator „Creștere, Reziliență și Oportunități pentru Bunăstare în Moldova (M-GROW)”, în vederea finanțării Proiectului „Sprijinirea eficienței achizițiilor publice și a valorii pentru bani în Moldova”",Grant,BIRD / AID,,229-232,,https://www.legis.md/cautare/getResults?doc_id=148410&lang=ro
"nr. 187-X, 12 mai 2025",15.05.2025,Decret,Decret pentru inițierea negocierilor și aprobarea semnării Amendamentului nr. 3 la Acordul de finanțare (Proiectul Învățământul Superior) dintre Republica Moldova și Asociația Internațională pentru Dezvoltare,Împrumut,AID,,229-232,,https://www.legis.md/cautare/getResults?doc_id=148403&lang=ro
"nr. 263, 7 mai 2025",08.05.2025,Hotărâre,"Hotărâre cu privire la aprobarea proiectului de lege pentru ratificarea Acordului de facilitate de credit dintre Republica Moldova și Agenția Franceză pentru Dezvoltare nr. CMD 1013 01 D în vederea implementării Proiectului „Inițiativa pentru dezvoltarea infrastructurii publice durabile prin renovări de eficiență energetică (INSPIREE)”, semnat la Paris la 10 martie 2025",Împrumut,AFD,10.03.2025,215-222,,https://www.legis.md/cautare/getResults?doc_id=148358&lang=ro
"nr. 261, 7 mai 2025",08.05.2025,Hotărâre,"Hotărâre cu privire la inițierea negocierilor și aprobarea semnării Acordului de împrumut dintre Republica Moldova, reprezentată de Ministerul Finanțelor în calitate de Împrumutat și Banca Națională a Moldovei în calitate de Agent al Împrumutatului, și Uniunea Europeană, reprezentată de Comisia Europeană în calitate de Creditor privind acordarea Facilității de reformă și creștere pentru Republica Moldova",Împrumut,UE,,215-222,da,https://www.legis.md/cautare/getResults?doc_id=148355&lang=ro
"nr. 220, 23 aprilie 2025",24.04.2025,Hotărâre,"Hotărâre cu privire la aprobarea proiectului de lege pentru ratificarea Amendamentului nr. 1, încheiat prin schimb de scrisori, la Acordul de finanţare dintre Republica Moldova, Comisia Europeană şi Ministerul Dezvoltării, Lucrărilor Publice şi Administraţiei al României pentru Programul Interreg VI-B NEXT Bazinul Mării Negre 2021-2027, semnat la 11 august 2023",Grant,UE,11.08.2023,195-198,,https://www.legis.md/cautare/getResults?doc_id=148191&lang=ro
"nr. 219, 23 aprilie 2025",24.04.2025,Hotărâre,"Hotărâre cu privire la aprobarea proiectului de lege pentru ratificarea Amendamentului nr. 1, încheiat prin schimb de scrisori, la Acordul de finanțare dintre Republica Moldova, Comisia Europeană și Ministerul Dezvoltării, Lucrărilor Publice și Administrației al României pentru Programul Interreg VI-A NEXT România – Republica Moldova 2021-2027, semnat la 11 august 2023",Grant,UE,11.08.2023,195-198,,https://www.legis.md/cautare/getResults?doc_id=148189&lang=ro
"nr. 173-X, 18 aprilie 2025",24.04.2025,Decret,"Decret privind aprobarea semnării Amendamentului nr. 1, încheiat prin schimb de scrisori, la Acordul de împrumut dintre Republica Moldova şi Banca Europeană pentru Reconstrucție și Dezvoltare în vederea realizării proiectului „Sistemul termoenergetic al municipiului Bălți (S.A. „CET-Nord”)”, faza II",Împrumut,BERD,,195-198,,https://www.legis.md/cautare/getResults?doc_id=148187&lang=ro
"nr. 206, 16 aprilie 2025",17.04.2025,Hotărâre,"Hotărâre cu privire la aprobarea semnării Acordului de grant dintre Republica Moldova, Societatea pe Acțiuni „Termoelectrica” și Banca Europeană pentru Reconstrucție și Dezvoltare privind acordarea grantului din cadrul Platformei de Investiții pentru Vecinătate a Comisiei Europene în vederea realizării Proiectului „Optimizarea sistemului de alimentare cu energie termică din mun. Chișinău”",Grant,BERD / UE,,187-189,,https://www.legis.md/cautare/getResults?doc_id=148088&lang=ro
"nr. 205, 16 aprilie 2025",17.04.2025,Hotărâre,"Hotărâre cu privire la aprobarea semnării Acordului de grant dintre Republica Moldova, Societatea pe Acțiuni „Termoelectrica” și Banca Europeană pentru Reconstrucție și Dezvoltare privind grantul investițional acordat din Fondul Regional al Parteneriatului Europei de Est pentru Eficiență Energetică și Mediu pentru realizarea Proiectului „Optimizarea sistemului de alimentare centralizată cu energie termică din mun. Chișinău”",Grant,BERD,,187-189,,https://www.legis.md/cautare/getResults?doc_id=148085&lang=ro
"nr. 203, 16 aprilie 2025",17.04.2025,Hotărâre,"Hotărâre cu privire la aprobarea proiectului de lege pentru ratificarea Acordului de finanțare dintre Republica Moldova, Comisia Europeană și regiunea Hauts-de-France pentru Programul Interreg (Interreg VI-C) Interreg Europe 2021-2027, semnat la 27 decembrie 2024",Grant,UE,27.12.2024,187-189,,https://www.legis.md/cautare/getResults?doc_id=148081&lang=ro
"nr. 68, 27 martie 2025",04.04.2025,Lege,Lege pentru ratificarea Acordului de modificare nr. 2 la Acordul de împrumut dintre Republica Moldova și Banca Europeană pentru Reconstrucție și Dezvoltare în vederea realizării proiectului „Securitatea furnizării gazelor naturale”,Împrumut,BERD,,170-172,,https://www.legis.md/cautare/getResults?doc_id=147895&lang=ro
"nr. 186, 3 aprilie 2025",04.04.2025,Hotărâre,"Hotărâre cu privire la aprobarea semnării Acordului de grant dintre Republica Moldova, Banca Internațională pentru Reconstrucție și Dezvoltare și Asociația Internațională pentru Dezvoltare în vederea realizării Programului Fondului fiduciar multidonator „Creștere, Reziliență și Oportunități pentru Bunăstare în Moldova (M-GROW)”, pentru cofinanțarea Programului „Operațiunea politica de dezvoltare pentru sprijinirea oportunităților economice și a tranziției climatice”",Grant,BIRD / AID,,170-172,,https://www.legis.md/cautare/getResults?doc_id=147900&lang=ro
"nr. 185, 3 aprilie 2025",04.04.2025,Hotărâre,Hotărâre privind inițierea negocierilor asupra proiectului Acordului de finanțare dintre Republica Moldova și Asociația Internațională pentru Dezvoltare în vederea realizării Programului „Operațiunea politica de dezvoltare pentru sprijinirea oportunităților economice și a tranziției climatice” și acordarea împuternicirilor pentru negocierea acestuia,Împrumut,AID,,170-172,,https://www.legis.md/cautare/getResults?doc_id=147899&lang=ro
"nr. 184, 3 aprilie 2025",04.04.2025,Hotărâre,Hotărâre cu privire la inițierea negocierilor asupra proiectului Acordului de împrumut dintre Republica Moldova și Banca Internațională pentru Reconstrucție şi Dezvoltare în vederea realizării Programului „Operațiunea politica de dezvoltare pentru sprijinirea oportunităților economice și a tranziției climatice” și acordarea împuternicirilor pentru negocierea acestuia,Împrumut,BIRD,,170-172,,https://www.legis.md/cautare/getResults?doc_id=147898&lang=ro
"nr. 183, 3 aprilie 2025",04.04.2025,Hotărâre,Hotărâre cu privire la inițierea negocierilor asupra proiectului Acordului de împrumut (Finanțarea Suplimentară pentru Proiectul Învățământul Superior) dintre Republica Moldova și Banca Internațională pentru Reconstrucție și Dezvoltare (acționând în nume propriu și în calitate de Agenție de Suport pentru Implementare a Facilității Globale de Finanțare Concesională) și împuternicirea delegației oficiale pentru negocieri,Împrumut,BIRD,,170-172,,https://www.legis.md/cautare/getResults?doc_id=147896&lang=ro
"nr. 178, 3 aprilie 2025",04.04.2025,Hotărâre,"Hotărâre cu privire la inițierea negocierilor și aprobarea semnării Amendamentului nr. 1 la Acordul de finanțare dintre Guvernul Republicii Moldova și Comisia Europeană privind Contractul de performanță pentru reforma sectorială, semnat la Chişinău la 31 ianuarie 2025",Grant,UE,31.01.2025,170-172,da,https://www.legis.md/cautare/getResults?doc_id=147890&lang=ro
"nr. 143-X, 31 martie 2025",04.04.2025,Decret,Decret cu privire la promulgarea Legii pentru ratificarea Acordului de modificare nr. 2 la Acordul de împrumut dintre Republica Moldova și Banca Europeană pentru Reconstrucție și Dezvoltare în vederea realizării proiectului „Securitatea furnizării gazelor naturale”,Împrumut,BERD,,170-172,,https://www.legis.md/cautare/getResults?doc_id=147893&lang=ro
"nr. 67, 27 martie 2025",03.04.2025,Lege,Lege pentru ratificarea Acordului de împrumut dintre Republica Moldova și Banca Internațională pentru Reconstrucție și Dezvoltare în vederea realizării Proiectului de susținere a managementului riscurilor de dezastre și rezilienței Republicii Moldova,Împrumut,BIRD,,167-169,,https://www.legis.md/cautare/getResults?doc_id=147870&lang=ro
"nr. 27, 31 martie 2025",03.04.2025,Ordin,"Ordin cu privire la comunicarea publică a datei intrării în vigoare a Acordului de grant și proiect dintre Ministerul Energiei, Banca Germană „Kreditanstalt für Wiederaufbau (KfW)” și Unitatea Consolidată pentru Implementarea și Monitorizarea Proiectelor în Domeniul Energeticii",Grant,KfW,,167-169,,https://www.legis.md/cautare/getResults?doc_id=147859&lang=ro
"nr. 144-X, 31 martie 2025",03.04.2025,Decret,Decret cu privire la promulgarea Legii pentru ratificarea Acordului de împrumut dintre Republica Moldova și Banca Internațională pentru Reconstrucție și Dezvoltare în vederea realizării Proiectului de susținere a managementului riscurilor de dezastre și rezilienței Republicii Moldova,Împrumut,BIRD,,167-169,,https://www.legis.md/cautare/getResults?doc_id=147869&lang=ro
"nr. 32, 19 martie 2025",01.04.2025,Ordin,Ordin cu privire la aducerea la cunoștința publică a datei intrării în vigoare a Acordului de grant dintre Ministerul Dezvoltării Economice și Digitalizării al Republicii Moldova și Swedfund International AB privind serviciile de consultanță pentru implementarea setului de instrumente al UE pentru securitatea 5G,Grant,Suedia,,164-166,,https://www.legis.md/cautare/getResults?doc_id=147814&lang=ro
"nr. 163, 26 martie 2025",27.03.2025,Hotărâre,"Hotărâre cu privire la inițierea negocierilor și aprobarea semnării Amendamentului nr. 1 la Acordul de grant dintre Ministerul Mediului al Republicii Moldova și Banca Europeană pentru Reconstrucție și Dezvoltare privind finanțarea asistenței tehnice, în sumă de 600 000 de euro, în vederea realizării Proiectului „Deșeuri solide în Republica Moldova”, semnat la Chișinău la 20 decembrie 2023",Grant,BERD,20.12.2023,154-156,,https://www.legis.md/cautare/getResults?doc_id=147721&lang=ro
"nr. 157, 26 martie 2025",27.03.2025,Hotărâre,"Hotărâre cu privire la aprobarea proiectului de lege pentru ratificarea Acordului de modificare nr. 2 la Acordul de împrumut dintre Republica Moldova și Banca Europeană pentru Reconstrucție și Dezvoltare în vederea realizării proiectului „Securitatea furnizării gazelor naturale”, semnat la Chișinău la 23 iunie 2022",Împrumut,BERD,23.06.2022,154-156,,https://www.legis.md/cautare/getResults?doc_id=147715&lang=ro
"nr. 132-X, 25 martie 2025",27.03.2025,Decret,"Decret privind inițierea negocierilor asupra proiectului Amendamentului nr. 1 la Acordul de împrumut dintre Republica Moldova şi Banca Europeană pentru Reconstrucție și Dezvoltare în vederea realizării proiectului „Sistemul termoenergetic al municipiului Bălți (S.A. „CET-Nord”)”, faza II",Împrumut,BERD,,154-156,,https://www.legis.md/cautare/getResults?doc_id=147763&lang=ro
"nr. 96-X, 5 martie 2025",11.03.2025,Decret,"Decret privind inițierea negocierilor și aprobarea semnării Amendamentului nr. 1, încheiat prin schimb de scrisori, la Acordul de finanțare dintre Republica Moldova, Comisia Europeană și Ministerul Dezvoltării, Lucrărilor Publice și Administrației al României pentru Programul Interreg VI-A NEXT România – Republica Moldova 2021–2027",Grant,UE,,122-125,,https://www.legis.md/cautare/getResults?doc_id=147463&lang=ro
"nr. 102-X, 7 martie 2025",11.03.2025,Decret,"Decret privind iniţierea negocierilor şi aprobarea semnării Amendamentului nr.1, încheiat prin schimb de scrisori, la Acordul de finanţare dintre Republica Moldova, Comisia Europeană şi Ministerul Dezvoltării, Lucrărilor Publice şi Administraţiei al României pentru Programul Interreg VI-B NEXT Bazinul Mării Negre 2021–2027",Grant,UE,,122-125,,https://www.legis.md/cautare/getResults?doc_id=147475&lang=ro
"nr. 110, 5 martie 2025",06.03.2025,Hotărâre,Hotărâre cu privire la aprobarea semnării Acordului de facilitate de credit dintre Republica Moldova și Agenția Franceză pentru Dezvoltare nr. CMD 1013 01 D în vederea implementării Proiectului „Inițiativa pentru dezvoltarea infrastructurii publice durabile prin renovări de eficiență energetică (INSPIREE)”,Împrumut,AFD,,108-110,,https://www.legis.md/cautare/getResults?doc_id=147398&lang=ro
"nr. 108, 5 martie 2025",06.03.2025,Hotărâre,Hotărâre cu privire la inițierea negocierilor asupra proiectului Acordului de împrumut dintre Guvernul Republicii Moldova și Guvernul Regatului Belgiei pentru realizarea Proiectului „Aprovizionarea descentralizată cu apă potabilă pentru Moldova” și împuternicirea delegației oficiale pentru negocierea acestuia,Împrumut,Belgia,,108-110,,https://www.legis.md/cautare/getResults?doc_id=147396&lang=ro
"nr. 107, 5 martie 2025",06.03.2025,Hotărâre,Hotărâre pentru aprobarea semnării Acordului de grant dintre Republica Moldova și Banca de Dezvoltare a Consiliului Europei privind asistența tehnică pentru realizarea Proiectului „Construcția Spitalului Regional Bălți”,Grant,CEB,,108-110,,https://www.legis.md/cautare/getResults?doc_id=147395&lang=ro
"nr. 92-X, 28 februarie 2025",04.03.2025,Decret,"Decret cu privire la promulgarea Legii pentru ratificarea Acordului de grant dintre Republica Moldova, Întreprinderea de Stat „Moldelectrica” și Banca Europeană pentru Reconstrucție și Dezvoltare pentru realizarea proiectului „Interconectarea rețelelor de energie electrică dintre Republica Moldova și România, Faza II”",Grant,BERD,,104-107,,https://www.legis.md/cautare/getResults?doc_id=147367&lang=ro
"nr. 86-X, 26 februarie 2025",04.03.2025,Decret,"Decret cu privire la promulgarea Legii pentru ratificarea Acordului de finanțare dintre Republica Moldova, Comisia Europeană și Agenția Națională de Coeziune Teritorială din Franța pentru Programul URBACT IV 2021–2027",Grant,UE,,104-107,,https://www.legis.md/cautare/getResults?doc_id=147356&lang=ro
"nr. 29, 27 februarie 2025",04.03.2025,Lege,"Lege pentru ratificarea Acordului de grant dintre Republica Moldova, Întreprinderea de Stat „Moldelectrica” și Banca Europeană pentru Reconstrucție și Dezvoltare pentru realizarea proiectului „Interconectarea rețelelor de energie electrică dintre Republica Moldova și România, Faza II”",Grant,BERD,,104-107,,https://www.legis.md/cautare/getResults?doc_id=147370&lang=ro
"nr. 20, 20 februarie 2025",04.03.2025,Lege,"Lege pentru ratificarea Acordului de finanțare dintre Republica Moldova, Comisia Europeană și Agenția Națională de Coeziune Teritorială din Franța pentru Programul URBACT IV 2021–2027",Grant,UE,,104-107,,https://www.legis.md/cautare/getResults?doc_id=147358&lang=ro
"nr. 90, 26 februarie 2025",27.02.2025,Hotărâre,"Hotărâre cu privire la aprobarea Acordului de finanțare dintre Guvernul Republicii Moldova și Comisia Europeană privind Contractul de performanță pentru reforma sectorială, semnat la Chișinău la 31 ianuarie 2025",Grant,UE,31.01.2025,96-99,da,https://www.legis.md/cautare/getResults?doc_id=147235&lang=ro
"nr. 89, 26 februarie 2025",27.02.2025,Hotărâre,Hotărâre cu privire la aprobarea proiectului de lege pentru ratificarea Acordului de împrumut dintre Republica Moldova și Banca Internațională pentru Reconstrucție și Dezvoltare în vederea realizării Proiectului de susținere a managementului riscurilor de dezastre și rezilienței a Republicii Moldova,Împrumut,BIRD,,96-99,,https://www.legis.md/cautare/getResults?doc_id=147234&lang=ro
"nr. 85, 26 februarie 2025",27.02.2025,Hotărâre,"Hotărâre cu privire la aprobarea proiectului de lege pentru ratificarea Acordului de grant dintre Republica Moldova, Întreprinderea de Stat „Moldelectrica” și Banca Europeană pentru Reconstrucție și Dezvoltare pentru realizarea proiectului „Interconectarea rețelelor de energie electrică dintre Republica Moldova și România, Faza II”, semnat la Chișinău la 6 februarie 2025",Grant,BERD,06.02.2025,96-99,,https://www.legis.md/cautare/getResults?doc_id=147231&lang=ro
"nr. 79-X, 24 februarie 2025",27.02.2025,Decret,Decret privind aprobarea semnării Acordului de modificare nr. 2 la Acordul de împrumut dintre Republica Moldova și Banca Europeană pentru Reconstrucție și Dezvoltare în vederea realizării Proiectului „Securitatea furnizării gazelor naturale”,Împrumut,BERD,,96-99,,https://www.legis.md/cautare/getResults?doc_id=147225&lang=ro
"nr. 76-X, 18 februarie 2025",27.02.2025,Decret,Decret cu privire la promulgarea Legii pentru ratificarea Acordului de împrumut dintre Republica Moldova și Banca Europeană pentru Reconstrucție și Dezvoltare privind realizarea proiectului „Optimizarea sistemului de alimentare centralizată cu energie termică din mun. Chișinău”,Împrumut,BERD,,96-99,,https://www.legis.md/cautare/getResults?doc_id=147212&lang=ro
"nr. 14, 13 februarie 2025",27.02.2025,Lege,Lege pentru ratificarea Acordului de împrumut dintre Republica Moldova și Banca Europeană pentru Reconstrucție și Dezvoltare privind realizarea proiectului „Optimizarea sistemului de alimentare centralizată cu energie termică din mun. Chișinău”,Împrumut,BERD,,96-99,,https://www.legis.md/cautare/getResults?doc_id=147213&lang=ro
"nr. 69, 12 februarie 2025",13.02.2025,Hotărâre,Hotărâre сu privire la inițierea negocierilor asupra proiectului Acordului de facilitate de credit dintre Republica Moldova și Agenția Franceză pentru Dezvoltare nr. CMD 1013 01 D în vederea implementării proiectului „Inițiativa pentru dezvoltarea infrastructurii publice durabile prin renovări de eficiență energetică (INSPIREE)” și împuternicirea delegației oficiale pentru negocierea acestuia,Împrumut,AFD,,47-49,,https://www.legis.md/cautare/getResults?doc_id=147094&lang=ro
"nr. 51, 5 februarie 2025",06.02.2025,Hotărâre,"Hotărâre cu privire la aprobarea proiectului de lege pentru ratificarea Acordului de finanțare dintre Republica Moldova, Comisia Europeană și Agenția Națională de Coeziune Teritorială din Franța pentru Programul URBACT IV 2021-2027, semnat la 12 decembrie 2024",Grant,UE,12.12.2024,37-39,,https://www.legis.md/cautare/getResults?doc_id=147023&lang=ro
"nr. 66-X, 3 februarie 2025",04.02.2025,Decret,Decret privind inițierea negocierilor asupra proiectului Acordului de modificare nr. 2 la Acordul de împrumut dintre Republica Moldova și Banca Europeană pentru Reconstrucție și Dezvoltare în vederea realizării Proiectului „Securitatea furnizării gazelor naturale”,Împrumut,BERD,,33-36,,https://www.legis.md/cautare/getResults?doc_id=147003&lang=ro
"nr. 59-X, 30 ianuarie 2025",31.01.2025,Decret,"Decret privind inițierea negocierilor și aprobarea semnării Acordului de grant dintre Republica Moldova, Întreprinderea de Stat „Moldelectrica” și Banca Europeană pentru Reconstrucție și Dezvoltare pentru realizarea proiectului „Interconectarea rețelelor de energie electrică dintre Republica Moldova și România, Faza II”",Grant,BERD,,25-28,,https://www.legis.md/cautare/getResults?doc_id=146933&lang=ro
"nr. 1, 15 ianuarie 2025",16.01.2025,Hotărâre,"Hotărâre cu privire la aprobarea proiectului de lege pentru ratificarea Acordului de împrumut dintre Republica Moldova și Banca Europeană pentru Reconstrucție și Dezvoltare privind realizarea Proiectului „Optimizarea sistemului de alimentare centralizată cu energie termică din mun. Chișinău”, semnat la Chișinău la 29 noiembrie 2024",Împrumut,BERD,29.11.2024,8-10,,https://www.legis.md/cautare/getResults?doc_id=146748&lang=ro
"nr. 908, 30 decembrie 2024",31.12.2024,Hotărâre,Hotărâre cu privire la aprobarea semnării Acordului de împrumut dintre Republica Moldova și Banca Internațională pentru Reconstrucție şi Dezvoltare în vederea realizării Proiectului de susținere a managementului riscurilor de dezastre și rezilienței Republicii Moldova,Împrumut,BIRD,,569-571,,https://www.legis.md/cautare/getResults?doc_id=146604&lang=ro
"nr. 194, 29 noiembrie 2024",31.12.2024,Ordin,Ordin cu privire la aducerea la cunoștința publică a datei intrării în vigoare a Acordului de grant dintre Ministerul Mediului și Swedfund International AB,Grant,Suedia,,569-571,,https://www.legis.md/cautare/getResults?doc_id=146584&lang=ro
"nr. 299, 19 decembrie 2024",27.12.2024,Lege,Lege pentru ratificarea Contractului de finanțare dintre Republica Moldova și Banca Europeană de Investiții în vederea implementării Proiectului „Programul de dezvoltare a pădurilor din Moldova”,Împrumut,BEI,,552-555,,https://www.legis.md/cautare/getResults?doc_id=146458&lang=ro
"nr. 1712-IX, 23 decembrie 2024",27.12.2024,Decret,Decret privind promulgarea Legii pentru ratificarea Contractului de finanțare dintre Republica Moldova și Banca Europeană de Investiții în vederea implementării Proiectului „Programul de dezvoltare a pădurilor din Moldova”,Împrumut,BEI,,552-555,,https://www.legis.md/cautare/getResults?doc_id=146457&lang=ro
"nr. 295, 13 decembrie 2024",24.12.2024,Lege,Lege pentru ratificarea Acordului de grant investițional dintre Republica Moldova și Banca Europeană de Investiții „Moldova Solidarity Lanes”,Grant,BEI,,540-543,,https://www.legis.md/cautare/getResults?doc_id=146368&lang=ro
"nr. 1707-IX, 20 decembrie 2024",24.12.2024,Decret,Decret cu privire la promulgarea Legii pentru ratificarea Acordului de grant investițional dintre Republica Moldova și Banca Europeană de Investiții „Moldova Solidarity Lanes”,Grant,BEI,,540-543,,https://www.legis.md/cautare/getResults?doc_id=146367&lang=ro
"nr. 1706-IX, 20 decembrie 2024",24.12.2024,Decret,"Decret cu privire la inițierea negocierilor și aprobarea semnării Acordului de finanțare dintre Republica Moldova, Comisia Europeană și Regiunea Hauts-de-France pentru Programul Interreg (Interreg VI-C) Interreg Europe 2021-2027",Grant,UE,,540-543,,https://www.legis.md/cautare/getResults?doc_id=146384&lang=ro
"nr. 1686-IX, 9 decembrie 2024",12.12.2024,Decret,"Decret pentru inițierea negocierilor și aprobarea semnării Acordului de finanțare dintre Republica Moldova, Comisia Europeană și Agenția Națională de Coeziune Teritorială din Franța pentru Programul URBACT IV 2021-2027",Grant,UE,,516-518,,https://www.legis.md/cautare/getResults?doc_id=146176&lang=ro
"nr. 806, 4 decembrie 2024",05.12.2024,Hotărâre,"Hotărâre cu privire la aprobarea Acordului de finanțare dintre Guvernul Republicii Moldova și Comisia Europeană privind Programul „Sprijin pentru integrarea în UE”, semnat la Chișinău la 28 noiembrie 2024",Grant,UE,28.11.2024,506-508,,https://www.legis.md/cautare/getResults?doc_id=146069&lang=ro
"nr. 275, 28 noiembrie 2024",05.12.2024,Lege,"Lege pentru ratificarea Amendamentului nr. 1 la Acordul de grant al Parteneriatului Global pentru Educație (Proiectul „Îmbunătățirea calității educației”) dintre Republica Moldova și Banca Internațională pentru Reconstrucție și Dezvoltare, în calitate de agent de grant al Parteneriatului Global pentru Educație",Grant,BIRD,,506-508,,https://www.legis.md/cautare/getResults?doc_id=146102&lang=ro
"nr. 273, 28 noiembrie 2024",05.12.2024,Lege,"Lege pentru ratificarea Amendamentului nr. 1 la Acordul de grant al Fondului fiduciar cu donatori multipli al Parteneriatului pentru învățarea timpurie (ELP) (Proiectul „Îmbunătățirea calității educației”) dintre Republica Moldova și Banca Internațională pentru Reconstrucție și Dezvoltare, în calitate de administrator al ELP",Grant,BIRD,,506-508,,https://www.legis.md/cautare/getResults?doc_id=146093&lang=ro
"nr. 1675-IX, 3 decembrie 2024",05.12.2024,Decret,"Decret cu privire la promulgarea Legii pentru ratificarea Amendamentului nr. 1 la Acordul de grant al Parteneriatului Global pentru Educație (Proiectul „Îmbunătățirea calității educației”) dintre Republica Moldova și Banca Internațională pentru Reconstrucție și Dezvoltare, în calitate de agent de grant al Parteneriatului Global pentru Educație",Grant,BIRD,,506-508,,https://www.legis.md/cautare/getResults?doc_id=146098&lang=ro
"nr. 1674-IX, 3 decembrie 2024",05.12.2024,Decret,"Decret cu privire la promulgarea Legii pentru ratificarea Amendamentului nr. 1 la Acordul de grant al Fondului fiduciar cu donatori multipli al Parteneriatului pentru învățarea timpurie (ELP) (Proiectul „Îmbunătățirea calității educației”) dintre Republica Moldova și Banca Internațională pentru Reconstrucție și Dezvoltare, în calitate de administrator al ELP",Grant,BIRD,,506-508,,https://www.legis.md/cautare/getResults?doc_id=146086&lang=ro
"nr. 260, 21 noiembrie 2024",03.12.2024,Lege,"Lege pentru ratificarea Acordului de grant dintre Republica Moldova și Banca Internațională pentru Reconstrucție şi Dezvoltare și Asociația Internațională pentru Dezvoltare în vederea realizării Programului Fondului fiduciar multidonator „Creștere, reziliență și oportunități pentru bunăstare în Moldova (M-GROW)” pentru cofinanțarea Proiectului ,,Tranziția durabilă către eficiența energetică în Moldova (STEEM)”",Grant,BIRD / AID,,502-505,,https://www.legis.md/cautare/getResults?doc_id=146037&lang=ro
"nr. 1668-IX, 28 noiembrie 2024",03.12.2024,Decret,"Decret privind promulgarea Legii pentru ratificarea Acordului de grant dintre Republica Moldova și Banca Internațională pentru Reconstrucție şi Dezvoltare și Asociația Internațională pentru Dezvoltare în vederea realizării Programului Fondului fiduciar multidonator „Creștere, reziliență și oportunități pentru bunăstare în Moldova (M-GROW)” pentru cofinanțarea Proiectului ,,Tranziția durabilă către eficiența energetică în Moldova (STEEM)”",Grant,BIRD / AID,,502-505,,https://www.legis.md/cautare/getResults?doc_id=146036&lang=ro
"nr. 790, 27 noiembrie 2024",28.11.2024,Hotărâre,Hotărâre cu privire la aprobarea semnării Acordului de împrumut dintre Republica Moldova și Banca Europeană pentru Reconstrucție și Dezvoltare privind realizarea Proiectului „Optimizarea sistemului de alimentare centralizată cu energie termică din mun. Chișinău”,Împrumut,BERD,,494-497,,https://www.legis.md/cautare/getResults?doc_id=145930&lang=ro
"nr. 786, 27 noiembrie 2024",28.11.2024,Hotărâre,Hotărâre cu privire la inițierea negocierilor și aprobarea semnării Acordului de finanțare dintre Guvernul Republicii Moldova și Comisia Europeană privind Programul „Sprijin pentru integrarea în UE”,Grant,UE,,494-497,,https://www.legis.md/cautare/getResults?doc_id=145926&lang=ro
"nr. 785, 27 noiembrie 2024",28.11.2024,Hotărâre,"Hotărâre cu privire la aprobarea proiectului de lege pentru ratificarea Contractului de finanțare dintre Republica Moldova și Banca Europeană de Investiții în vederea implementării Proiectului „Programul de dezvoltare a pădurilor din Moldova”, semnat la Chișinău la 17 septembrie 2024",Împrumut,BEI,17.09.2024,494-497,,https://www.legis.md/cautare/getResults?doc_id=145925&lang=ro
"nr. 264, 21 noiembrie 2024",28.11.2024,Lege,"Lege pentru ratificarea Acordului de grant dintre Republica Moldova și Banca Europeană pentru Reconstrucție și Dezvoltare privind finanțarea proiectelor investiționale orientate spre dezvoltarea infrastructurii în domeniul managementului deșeurilor solide, în sumă de 4340000 de euro, în vederea realizării proiectului „Deșeuri solide în Republica Moldova”",Grant,BERD,,494-497,,https://www.legis.md/cautare/getResults?doc_id=145972&lang=ro
"nr. 1662-IX, 25 noiembrie 2024",28.11.2024,Decret,"Decret privind promulgarea Legii pentru ratificarea Acordului de grant dintre Republica Moldova și Banca Internațională pentru Reconstrucție şi Dezvoltare privind finanțarea proiectelor investiționale orientate spre dezvoltarea infrastructurii în domeniul managementului deșeurilor solide, în sumă de 4340000 de euro, în vederea realizării proiectului „Deșeuri solide în Republica Moldova”",Grant,BIRD,,494-497,,https://www.legis.md/cautare/getResults?doc_id=145968&lang=ro
"nr. 251, 8 noiembrie 2024",21.11.2024,Lege,Lege pentru ratificarea Acordului de împrumut dintre Republica Moldova și Banca Internațională pentru Reconstrucție și Dezvoltare în vederea implementării proiectului „Tranziție durabilă prin eficiență energetică în Moldova (STEEM)”,Împrumut,BIRD,,482-485,,https://www.legis.md/cautare/getResults?doc_id=145825&lang=ro
"nr. 1652-IX, 20 noiembrie 2024",21.11.2024,Decret,Decret cu privire la promulgarea Legii pentru ratificarea Acordului de împrumut dintre Republica Moldova și Banca Internațională pentru Reconstrucție şi Dezvoltare în vederea implementării proiectului „Tranziție durabilă prin eficiență energetică în Moldova (STEEM)”,Împrumut,BIRD,,482-485,,https://www.legis.md/cautare/getResults?doc_id=145823&lang=ro
"nr. 256, 15 noiembrie 2024",20.11.2024,Lege,Lege pentru ratificarea Amendamentului nr. 1 la Acordul de împrumut (Proiectul „Îmbunătățirea calității educației”) dintre Republica Moldova și Banca Internațională pentru Reconstrucție și Dezvoltare,Împrumut,BIRD,,477-480,,https://www.legis.md/cautare/getResults?doc_id=145802&lang=ro
"nr. 250, 8 noiembrie 2024",20.11.2024,Lege,Lege pentru ratificarea Acordului de facilitate de credit dintre Republica Moldova și Agenția Franceză pentru Dezvoltare nr. CMD 1014 01 E,Împrumut,AFD,,477-480,,https://www.legis.md/cautare/getResults?doc_id=145796&lang=ro
"nr. 1645-IX, 19 noiembrie 2024",20.11.2024,Decret,Decret cu privire la promulgarea Legii pentru ratificarea Amendamentului nr. 1 la Acordul de împrumut (Proiectul „Îmbunătățirea calității educației”) dintre Republica Moldova și Banca Internațională pentru Reconstrucție și Dezvoltare,Împrumut,BIRD,,477-480,,https://www.legis.md/cautare/getResults?doc_id=145801&lang=ro
"nr. 1644-IX, 19 noiembrie 2024",20.11.2024,Decret,Decret cu privire la promulgarea Legii pentru ratificarea Acordului de facilitate de credit dintre Republica Moldova și Agenția Franceză pentru Dezvoltare nr. CMD 1014 01 E,Împrumut,AFD,,477-480,,https://www.legis.md/cautare/getResults?doc_id=145794&lang=ro
"nr. 769, 13 noiembrie 2024",14.11.2024,Hotărâre,Hotărâre cu privire la inițierea negocierilor asupra proiectului Acordului de împrumut dintre Republica Moldova și Banca Europeană pentru Reconstrucție și Dezvoltare privind realizarea Proiectului „Optimizarea sistemului de alimentare centralizată cu energie termică din mun. Chișinău” și acordarea împuternicirilor delegației pentru negocierea acestuia,Împrumut,BERD,,467-469,,https://www.legis.md/cautare/getResults?doc_id=145742&lang=ro
"nr. 756, 13 noiembrie 2024",14.11.2024,Hotărâre,"Hotărâre cu privire la aprobarea proiectului de lege pentru ratificarea Amendamentului nr. 1 la Acordul de grant al Parteneriatului Global pentru Educație (Proiectul „Îmbunătățirea calității educației”) dintre Republica Moldova și Banca Internațională pentru Reconstrucție și Dezvoltare, în calitate de agent de grant al Parteneriatului Global pentru Educație, semnat la Chișinău la 10 octombrie 2024",Grant,BIRD,10.10.2024,467-469,,https://www.legis.md/cautare/getResults?doc_id=145734&lang=ro
"nr. 755, 13 noiembrie 2024",14.11.2024,Hotărâre,"Hotărâre cu privire la aprobarea proiectului de lege pentru ratificarea Amendamentului nr. 1 la Acordul de grant al Fondului fiduciar cu donatori multipli al Parteneriatului pentru învățarea timpurie (ELP) (Proiectul „Îmbunătățirea calității educației”) dintre Republica Moldova și Banca Internațională pentru Reconstrucție și Dezvoltare, în calitate de administrator al ELP, semnat la Chișinău la 10 octombrie 2024",Grant,BIRD,10.10.2024,467-469,,https://www.legis.md/cautare/getResults?doc_id=145733&lang=ro
"nr. 737, 6 noiembrie 2024",07.11.2024,Hotărâre,"Hotărâre cu privire la aprobarea proiectului de lege pentru ratificarea Amendamentului nr. 1 la Acordul de împrumut (Proiectul Îmbunătățirea Calității Educației) dintre Republica Moldova și Banca Internațională pentru Reconstrucție și Dezvoltare, semnat la Chișinău la 10 octombrie 2024",Împrumut,BIRD,10.10.2024,459-461,,https://www.legis.md/cautare/getResults?doc_id=145637&lang=ro
"nr. 735, 6 noiembrie 2024",07.11.2024,Hotărâre,"Hotărâre cu privire la aprobarea proiectului de lege pentru ratificarea Acordului de grant dintre Republica Moldova, Banca Internațională pentru Reconstrucție și Dezvoltare și Asociația Internațională pentru Dezvoltare în vederea realizării Programului Fondului fiduciar multidonator „Creștere, Reziliență și Oportunități pentru Bunăstare în Moldova (M-GROW)” pentru cofinanțarea Proiectului „Tranziția durabilă către eficiența energetică în Moldova (STEEM)”, semnat la Chișinău la 8 august 2024",Grant,BIRD / AID,08.08.2024,459-461,,https://www.legis.md/cautare/getResults?doc_id=145634&lang=ro
"nr. 710, 16 octombrie 2024",17.10.2024,Hotărâre,"Hotărâre cu privire la aprobarea proiectului de lege pentru ratificarea Acordului de împrumut dintre Republica Moldova și Banca Internațională pentru Reconstrucție și Dezvoltare în vederea implementării Proiectului „Tranziție durabilă prin eficiență energetică în Moldova (STEEM)”, semnat la Chișinău la 8 august 2024",Împrumut,BIRD,08.08.2024,434-436,,https://www.legis.md/cautare/getResults?doc_id=145448&lang=ro
"nr. 690, 9 octombrie 2024",10.10.2024,Hotărâre,Hotărâre cu privire la aprobarea semnării Acordului de împrumut dintre Republica Moldova și Banca Internațională pentru Reconstrucție şi Dezvoltare în vederea realizării Proiectului de susținere a managementului riscurilor de dezastre și rezilienței Republicii Moldova,Împrumut,BIRD,,423-426,,https://www.legis.md/cautare/getResults?doc_id=146661&lang=ro
"nr. 681, 2 octombrie 2024",03.10.2024,Hotărâre,"Hotărâre cu privire la aprobarea proiectului de lege pentru ratificarea Acordului de facilitate de credit dintre Republica Moldova și Agenția Franceză pentru Dezvoltare nr. CMD 1014 01 E, semnat la Chișinău la 17 septembrie 2024",Împrumut,AFD,17.09.2024,414-417,,https://www.legis.md/cautare/getResults?doc_id=145225&lang=ro
"nr. 1628-IX, 26 septembrie 2024",27.09.2024,Decret,"Decret pentru inițierea negocierilor și aprobarea semnării Amendamentului nr. 1 la Acordul de grant al Parteneriatului Global pentru Educație (Proiectul Îmbunătățirea Calității Educației) dintre Republica Moldova și Banca Internațională pentru Reconstrucție și Dezvoltare, ca Agent de Grant al Parteneriatului Global pentru Educație",Grant,BIRD,,411-413,,https://www.legis.md/cautare/getResults?doc_id=145204&lang=ro
"nr. 1627-IX, 26 septembrie 2024",27.09.2024,Decret,"Decret pentru inițierea negocierilor și aprobarea semnării Amendamentului nr. 1 la Acordul de grant al Fondului fiduciar cu donatori multipli al Parteneriatului pentru învățarea timpurie (ELP) (Proiectul Îmbunătățirea Calității Educației) dintre Republica Moldova și Banca Internațională pentru Reconstrucție și Dezvoltare, în calitate de administrator al ELP",Grant,BIRD,,411-413,,https://www.legis.md/cautare/getResults?doc_id=145202&lang=ro
"nr. 659, 25 septembrie 2024",26.09.2024,Hotărâre,"Hotărâre cu privire la inițierea negocierilor și aprobarea semnării Amendamentului nr. 1 la Acordul de împrumut (Proiectul Îmbunătățirea Calității Educației) dintre Republica Moldova și Banca Internațională pentru Reconstrucție și Dezvoltare, semnat la Chișinău la 30 iunie 2023",Împrumut,BIRD,30.06.2023,408-410,,https://www.legis.md/cautare/getResults?doc_id=145175&lang=ro
"nr. 237, 13 septembrie 2024",19.09.2024,Lege,Lege pentru ratificarea Amendamentului nr. 2 la Acordul de finanțare (Proiectul „Învățământul superior”) dintre Republica Moldova și Asociația Internațională pentru Dezvoltare,Împrumut,AID,,400-401,,https://www.legis.md/cautare/getResults?doc_id=145081&lang=ro
"nr. 1622-IX, 18 septembrie 2024",19.09.2024,Decret,Decret cu privire la promulgarea Legii pentru ratificarea Amendamentului nr. 2 la Acordul de finanțare (Proiectul „Învățământul superior”) dintre Republica Moldova și Asociația Internațională pentru Dezvoltare,Împrumut,AID,,400-401,,https://www.legis.md/cautare/getResults?doc_id=145078&lang=ro
"nr. 631, 11 septembrie 2024",12.09.2024,Hotărâre,"Hotărâre cu privire la aprobarea proiectului de lege pentru ratificarea Amendamentului nr. 2 la Acordul de finanțare (Proiectul Învățământul Superior) dintre Republica Moldova și Asociația Internațională pentru Dezvoltare, încheiat la Chișinău la 19 mai 2020",Împrumut,AID,,392-394,,https://www.legis.md/cautare/getResults?doc_id=145010&lang=ro
"nr. 629, 11 septembrie 2024",12.09.2024,Hotărâre,Hotărâre cu privire la aprobarea semnării Acordului de grant investițional dintre Republica Moldova şi Banca Europeană de Investiții „Moldova Solidarity Lanes”,Grant,BEI,,392-394,,https://www.legis.md/cautare/getResults?doc_id=145008&lang=ro
"nr. 628, 11 septembrie 2024",12.09.2024,Hotărâre,Hotărâre cu privire la aprobarea semnării Acordului de facilitate de credit dintre Republica Moldova și Agenția Franceză de Dezvoltare nr. CMD 1014 01 E,Împrumut,AFD,,392-394,,https://www.legis.md/cautare/getResults?doc_id=145007&lang=ro
"nr. 625, 11 septembrie 2024",12.09.2024,Hotărâre,Hotărâre cu privire la aprobarea semnării Contractului de finanțare dintre Republica Moldova și Banca Europeană de Investiții în vederea implementării Proiectului „Programul de dezvoltare a pădurilor din Moldova”,Împrumut,BEI,,392-394,,https://www.legis.md/cautare/getResults?doc_id=145003&lang=ro
"nr. 609, 4 septembrie 2024",05.09.2024,Hotărâre,"Hotărâre cu privire la aprobarea semnării Acordului de grant dintre Republica Moldova și Banca Europeană pentru Reconstrucții și Dezvoltare privind finanțarea proiectelor investiționale orientate spre dezvoltarea infrastructurii în domeniul managementului deșeurilor solide, în sumă de 4 340 000 de euro, în vederea realizării Proiectului „Deșeuri solide în Republica Moldova”",Grant,BERD,,380-382,,https://www.legis.md/cautare/getResults?doc_id=144864&lang=ro
"nr. 594, 28 august 2024",29.08.2024,Hotărâre,Hotărâre cu privire la inițierea negocierilor asupra proiectului Contractului de finanțare dintre Republica Moldova și Banca Europeană de Investiții în vederea implementării Proiectului „Programul de Dezvoltare a Pădurilor din Moldova” şi acordarea împuternicirilor pentru negocierea acestuia,Împrumut,BEI,,373-376,,https://www.legis.md/cautare/getResults?doc_id=144760&lang=ro
"nr. 215, 31 iulie 2024",15.08.2024,Lege,Lege pentru ratificarea Acordului de împrumut dintre Republica Moldova și Banca Internațională pentru Reconstrucție și Dezvoltare în vederea realizării Programului „Operațiunea Politica de dezvoltare pentru sprijinirea creșterii și rezilienței în Moldova”,Împrumut,BIRD,,355-357,,https://www.legis.md/cautare/getResults?doc_id=144605&lang=ro
"nr. 1576-IX, 9 august 2024",15.08.2024,Decret,Decret cu privire la promulgarea Legii pentru ratificarea Acordului de împrumut dintre Republica Moldova și Banca Internațională pentru Reconstrucție și Dezvoltare în vederea realizării Programului „Operațiunea Politica de dezvoltare pentru sprijinirea creșterii și rezilienței în Moldova”,Împrumut,BIRD,,355-357,,https://www.legis.md/cautare/getResults?doc_id=144604&lang=ro
"nr. 216, 31 iulie 2024",08.08.2024,Lege,"Lege pentru ratificarea Acordului de grant dintre Republica Moldova și Banca Internațională pentru Reconstrucție şi Dezvoltare și Asociația Internațională pentru Dezvoltare în vederea realizării Programului Fondului fiduciar multidonator „Creștere, reziliență și oportunități pentru bunăstare în Moldova (M-GROW)” pentru cofinanțarea Programului „Operațiunea Politica de dezvoltare pentru sprijinirea creșterii și rezilienței în Moldova”",Grant,BIRD / AID,,344-346,,https://www.legis.md/cautare/getResults?doc_id=144483&lang=ro
"nr. 1570-IX, 2 august 2024",08.08.2024,Decret,"Decret privind promulgarea Legii pentru ratificarea Acordului de grant dintre Republica Moldova și Banca Internațională pentru Reconstrucție şi Dezvoltare și Asociația Internațională pentru Dezvoltare în vederea realizării Programului Fondului fiduciar multidonator „Creștere, reziliență și oportunități pentru bunăstare în Moldova (M-GROW)” pentru cofinanțarea Programului „Operațiunea Politica de dezvoltare pentru sprijinirea creșterii și rezilienței în Moldova”",Grant,BIRD / AID,,344-346,,https://www.legis.md/cautare/getResults?doc_id=144481&lang=ro
"nr. 1541-IX, 31 iulie 2024",02.08.2024,Decret,Decret privind inițierea negocierilor și aprobarea semnării Amendamentului nr. 2 la Acordul de finanțare (Proiectul Învățământul Superior) dintre Republica Moldova și Asociația Internațională pentru Dezvoltare,Împrumut,AID,,336-339,,https://www.legis.md/cautare/getResults?doc_id=144374&lang=ro
"nr. 187, 18 iulie 2024",30.07.2024,Lege,"Lege pentru ratificarea Acordului de grant dintre Republica Moldova și Banca Internațională pentru Reconstrucție și Dezvoltare, acționând în calitate de entitate de implementare a Fondului fiduciar pentru prevenirea, pregătirea și răspunsul la pandemii",Grant,BIRD,,325-328,,https://www.legis.md/cautare/getResults?doc_id=144290&lang=ro
"nr. 184, 18 iulie 2024",30.07.2024,Lege,Lege pentru ratificarea Acordului de grant dintre Republica Moldova și Banca de Dezvoltare a Consiliului Europei pentru implementarea măsurilor de eficiență energetică în cadrul Proiectului „Locuințe publice III”,Grant,CEB,,325-328,,https://www.legis.md/cautare/getResults?doc_id=144288&lang=ro
"nr. 1537-IX, 24 iulie 2024",30.07.2024,Decret,"Decret cu privire la aprobarea semnării Acordului de grant dintre Republica Moldova, Banca Internaţională pentru Reconstrucţie şi Dezvoltare şi Asociaţia Internaţională pentru Dezvoltare în vederea realizării Programului Fondului fiduciar multidonator „Creştere, Rezilienţă şi Oportunităţi pentru Bunăstare în Moldova (M-GROW)” pentru cofinanţarea Proiectului „Tranziţia durabilă către eficienţa energetică în Moldova (STEEM)”",Grant,BIRD / AID,,325-328,,https://www.legis.md/cautare/getResults?doc_id=144291&lang=ro
"nr. 1536-IX, 24 iulie 2024",30.07.2024,Decret,"Decret privind promulgarea Legii pentru ratificarea Acordului de grant dintre Republica Moldova și Banca Internațională pentru Reconstrucție și Dezvoltare, acționând în calitate de entitate de implementare a Fondului fiduciar pentru prevenirea, pregătirea și răspunsul la pandemii",Grant,BIRD,,325-328,,https://www.legis.md/cautare/getResults?doc_id=144289&lang=ro
"nr. 1535-IX, 24 iulie 2024",30.07.2024,Decret,Decret privind promulgarea Legii pentru ratificarea Acordului de grant dintre Republica Moldova și Banca de Dezvoltare a Consiliului Europei pentru implementarea măsurilor de eficiență energetică în cadrul Proiectului „Locuințe publice III”,Grant,CEB,,325-328,,https://www.legis.md/cautare/getResults?doc_id=144286&lang=ro
"nr. 173, 11 iulie 2024",26.07.2024,Lege,Lege pentru ratificarea Acordului de împrumut dintre Republica Moldova și Banca Internațională pentru Reconstrucție și Dezvoltare cu privire la Proiectul „Modernizarea și îmbunătățirea serviciilor de reabilitare”,Împrumut,BIRD,,321-324,,https://www.legis.md/cautare/getResults?doc_id=144281&lang=ro
"nr. 1531-IX, 22 iulie 2024",26.07.2024,Decret,Decret privind promulgarea Legii pentru ratificarea Acordului de împrumut dintre Republica Moldova și Banca Internațională pentru Reconstrucție și Dezvoltare cu privire la Proiectul „Modernizarea și îmbunătățirea serviciilor de reabilitare”,Împrumut,BIRD,,321-324,,https://www.legis.md/cautare/getResults?doc_id=144280&lang=ro
"nr. 172, 11 iulie 2024",25.07.2024,Lege,Lege pentru ratificarea Acordului de modificare nr. 1 la Acordul de împrumut dintre Republica Moldova și Banca Europeană pentru Reconstrucție și Dezvoltare „RLF – Răspuns de urgență – Căile Ferate din Moldova”,Împrumut,BERD,,318-320,,https://www.legis.md/cautare/getResults?doc_id=144263&lang=ro
"nr. 1530-IX, 22 iulie 2024",25.07.2024,Decret,Decret cu privire la promulgarea Legii pentru ratificarea Acordului de modificare nr. 1 la Acordul de împrumut dintre Republica Moldova și Banca Europeană pentru Reconstrucție și Dezvoltare „RLF – Răspuns de urgență – Căile Ferate din Moldova”,Împrumut,BERD,,318-320,,https://www.legis.md/cautare/getResults?doc_id=144261&lang=ro
"nr. 529, 17 iulie 2024",18.07.2024,Hotărâre,Hotărâre cu privire la aprobarea semnării Acordului de împrumut dintre Republica Moldova și Banca Internațională pentru Reconstrucție și Dezvoltare în vederea implementării Proiectului „Tranziția durabilă către eficiența energetică în Moldova (STEEM)”,Împrumut,BIRD,,308-310,,https://www.legis.md/cautare/getResults?doc_id=144163&lang=ro
"nr. 528, 17 iulie 2024",18.07.2024,Hotărâre,"Hotărâre cu privire la aprobarea proiectului de lege pentru ratificarea Acordului de grant dintre Republica Moldova și Banca Internațională pentru Reconstrucție și Dezvoltare și Asociația Internațională pentru Dezvoltare în vederea realizării Programului Fondului fiduciar multidonator „Creștere, Reziliență și Oportunități pentru Bunăstare în Moldova (M- GROW)” în vederea cofinanțării Programului „Operațiunea politica de dezvoltare pentru sprijinirea creșterii și rezilienței în Moldova”, semnat la 11 iulie 2024",Grant,BIRD / AID,11.07.2024,308-310,,https://www.legis.md/cautare/getResults?doc_id=144162&lang=ro
"nr. 527, 17 iulie 2024",18.07.2024,Hotărâre,"Hotărâre cu privire la aprobarea proiectului de lege pentru ratificarea Acordului de împrumut dintre Republica Moldova și Banca Internațională pentru Reconstrucție și Dezvoltare în vederea realizării Programului „Operațiunea politica de dezvoltare pentru sprijinirea creșterii și rezilienței în Moldova”, semnat la 11 iulie 2024",Împrumut,BIRD,11.07.2024,308-310,,https://www.legis.md/cautare/getResults?doc_id=144161&lang=ro
"nr. 526, 17 iulie 2024",18.07.2024,Hotărâre,Hotărâre cu privire la inițierea negocierilor asupra proiectului Acordului de împrumut dintre Republica Moldova și Banca Internațională pentru Reconstrucție şi Dezvoltare în vederea realizării Proiectului de susținere a managementului riscurilor de dezastre și rezilienței Republicii Moldova și acordarea împuternicirilor pentru negocierea acestuia,Împrumut,BIRD,,308-310,,https://www.legis.md/cautare/getResults?doc_id=144160&lang=ro
"nr. 525, 17 iulie 2024",18.07.2024,Hotărâre,Hotărâre cu privire la inițierea negocierilor asupra proiectului Acordului de facilitate de credit dintre Republica Moldova și Agenția Franceză pentru Dezvoltare nr. CMD 1014 01 E și acordarea împuternicirilor pentru negocierea acestuia,Împrumut,AFD,,308-310,,https://www.legis.md/cautare/getResults?doc_id=144158&lang=ro
"nr. 177, 11 iulie 2024",18.07.2024,Lege,Lege pentru ratificarea Acordului de finanțare dintre Republica Moldova și Asociația Internațională pentru Dezvoltare în vederea realizării Proiectului „Conectivitate rurală în Moldova”,Împrumut,AID,,308-310,,https://www.legis.md/cautare/getResults?doc_id=144171&lang=ro
"nr. 176, 11 iulie 2024",18.07.2024,Lege,Lege pentru ratificarea Acordului de împrumut dintre Republica Moldova și Banca Internațională pentru Reconstrucție și Dezvoltare în vederea realizării Proiectului „Conectivitate rurală în Moldova”,Împrumut,BIRD,,308-310,,https://www.legis.md/cautare/getResults?doc_id=144169&lang=ro
"nr. 1528-IX, 15 iulie 2024",18.07.2024,Decret,Decret cu privire la promulgarea Legii pentru ratificarea Acordului de finanțare dintre Republica Moldova și Asociația Internațională pentru Dezvoltare în vederea realizării Proiectului „Conectivitate rurală în Moldova”,Împrumut,AID,,308-310,,https://www.legis.md/cautare/getResults?doc_id=144170&lang=ro
"nr. 1527-IX, 15 iulie 2024",18.07.2024,Decret,Decret cu privire la promulgarea Legii pentru ratificarea Acordului de împrumut dintre Republica Moldova și Banca Internațională pentru Reconstrucție și Dezvoltare în vederea realizării Proiectului „Conectivitate rurală în Moldova”,Împrumut,BIRD,,308-310,,https://www.legis.md/cautare/getResults?doc_id=144167&lang=ro
"nr. 487, 8 iulie 2024",09.07.2024,Hotărâre,"Hotărâre cu privire la aprobarea proiectului de lege pentru ratificarea Acordului de grant dintre Republica Moldova și Banca de Dezvoltare a Consiliului Europei pentru implementarea măsurilor de eficiență energetică în cadrul Proiectului „Locuințe publice III”, semnat la Chișinău la 1 iulie 2024",Grant,CEB,01.07.2024,295-298,,https://www.legis.md/cautare/getResults?doc_id=144029&lang=ro
"nr. 484, 8 iulie 2024",09.07.2024,Hotărâre,"Hotărâre cu privire la aprobarea proiectului de lege pentru ratificarea Acordului de finanțare dintre Republica Moldova și Asociația Internațională pentru Dezvoltare în vederea realizării Proiectului „Conectivitate rurală în Moldova”, semnat la 19 iunie 2024",Împrumut,AID,19.06.2024,295-298,,https://www.legis.md/cautare/getResults?doc_id=144022&lang=ro
"nr. 483, 8 iulie 2024",09.07.2024,Hotărâre,"Hotărâre cu privire la aprobarea proiectului de lege pentru ratificarea Acordului de împrumut dintre Republica Moldova și Banca Internațională pentru Reconstrucție și Dezvoltare în vederea realizării Proiectului „Conectivitate rurală în Moldova”, semnat la 19 iunie 2024",Împrumut,BIRD,19.06.2024,295-298,,https://www.legis.md/cautare/getResults?doc_id=144015&lang=ro
"nr. 482, 8 iulie 2024",09.07.2024,Hotărâre,"Hotărâre cu privire la aprobarea proiectului de lege pentru ratificarea Acordului de grant dintre Republica Moldova și Banca Internațională pentru Reconstrucție și Dezvoltare, acționând în calitate de entitate de implementare a Fondului fiduciar pentru prevenirea, pregătirea și răspunsul la pandemii, semnat la Chișinău la 17 iunie 2024",Grant,BIRD,17.06.2024,295-298,,https://www.legis.md/cautare/getResults?doc_id=144014&lang=ro
"nr. 481, 8 iulie 2024",09.07.2024,Hotărâre,"Hotărâre privind aprobarea proiectului de lege pentru ratificarea Acordului de împrumut dintre Republica Moldova și Banca Internațională pentru Reconstrucție și Dezvoltare cu privire la Proiectul „Modernizarea și îmbunătățirea serviciilor de reabilitare”, semnat la Chișinău la 17 iunie 2024",Împrumut,BIRD,17.06.2024,295-298,,https://www.legis.md/cautare/getResults?doc_id=144012&lang=ro
"nr. 475, 3 iulie 2024",04.07.2024,Hotărâre,"Hotărâre cu privire la aprobarea proiectului de lege pentru ratificarea Acordului de modificare nr. 1, semnat la Chișinău la 14 iunie 2024, la Acordul de împrumut dintre Republica Moldova și Banca Europeană pentru Reconstrucție și Dezvoltare „RLF – Răspuns de urgență – Căile Ferate din Moldova”, semnat la Chișinău la 27 iunie 2023",Împrumut,BERD,14.06.2024,287-290,,https://www.legis.md/cautare/getResults?doc_id=143964&lang=ro
"nr. 453, 26 iunie 2024",27.06.2024,Hotărâre,Hotărâre vu privire la aprobarea semnării Acordului de împrumut dintre Republica Moldova și Banca Internațională pentru Reconstrucție şi Dezvoltare în vederea realizării Programului „Operațiunea politica de dezvoltare pentru sprijinirea creșterii și rezilienței în Moldova”,Împrumut,BIRD,,271-274,,https://www.legis.md/cautare/getResults?doc_id=143805&lang=ro
"nr. 1497-IX, 24 iunie 2024",27.06.2024,Decret,"Decret cu privire la aprobarea semnării Acordului de grant dintre Republica Moldova, Banca Internațională pentru Reconstrucție şi Dezvoltare și Asociația Internațională pentru Dezvoltare în vederea realizării Programului Fondului fiduciar multidonator „Creștere, Reziliență și Oportunități pentru Bunăstare în Moldova (M-GROW)” pentru cofinanțarea Programului „Operațiunea Politica de Dezvoltare pentru Sprijinirea Creșterii și Rezilienței în Moldova”",Grant,BIRD / AID,,271-274,,https://www.legis.md/cautare/getResults?doc_id=143822&lang=ro
"nr. 1490-IX, 17 iunie 2024",20.06.2024,Decret,"Decret cu privire la promulgarea Legii pentru ratificarea Amendamentului nr. 2, încheiat prin schimb de scrisori, la Acordul de finanțare dintre Guvernul Republicii Moldova, Uniunea Europeană și Ministerul Dezvoltării Regionale și Administrației Publice al României privind Programul operațional comun Bazinul Mării Negre 2014–2020 pentru Programul de cooperare transfrontalieră al Instrumentului European de Vecinătate (ENI) pe anii 2014–2020",Grant,UE,,260-263,,https://www.legis.md/cautare/getResults?doc_id=143656&lang=ro
"nr. 1489-IX, 17 iunie 2024",20.06.2024,Decret,"Decret cu privire la promulgarea Legii pentru ratificarea Amendamentului nr. 2, întocmit prin schimb de scrisori, la Acordul de finanțare dintre Guvernul Republicii Moldova, Uniunea Europeană și Ministerul Dezvoltării Regionale și Administrației Publice al României privind Programul operațional comun România – Republica Moldova 2014–2020 pentru Programul de cooperare transfrontalieră al Instrumentului European de Vecinătate (ENI) pe anii 2014–2020",Grant,UE,,260-263,,https://www.legis.md/cautare/getResults?doc_id=143654&lang=ro
"nr. 1486-IX, 17 iunie 2024",20.06.2024,Decret,Decret cu privire la inițierea negocierilor și aprobarea semnării Acordului de grant dintre Republica Moldova și Banca de Dezvoltare a Consiliului Europei pentru implementarea măsurilor de eficiență energetică în cadrul Proiectului „Locuințe publice III”,Grant,CEB,,260-263,,https://www.legis.md/cautare/getResults?doc_id=143667&lang=ro
"nr. 140, 6 iunie 2024",20.06.2024,Lege,"Lege pentru ratificarea Amendamentului nr. 2, încheiat prin schimb de scrisori, la Acordul de finanțare dintre Guvernul Republicii Moldova, Uniunea Europeană și Ministerul Dezvoltării Regionale și Administrației Publice al României privind Programul operațional comun Bazinul Mării Negre 2014–2020 pentru Programul de cooperare transfrontalieră al Instrumentului European de Vecinătate (ENI) pe anii 2014–2020",Grant,UE,,260-263,,https://www.legis.md/cautare/getResults?doc_id=143659&lang=ro
"nr. 139, 6 iunie 2024",20.06.2024,Lege,"Lege pentru ratificarea Amendamentului nr. 2, întocmit prin schimb de scrisori, la Acordul de finanțare dintre Guvernul Republicii Moldova, Uniunea Europeană și Ministerul Dezvoltării Regionale și Administrației Publice al României privind Programul operațional comun România – Republica Moldova 2014–2020 pentru Programul de cooperare transfrontalieră al Instrumentului European de Vecinătate (ENI) pe anii 2014–2020",Grant,UE,,260-263,,https://www.legis.md/cautare/getResults?doc_id=143655&lang=ro
"nr. 420, 12 iunie 2024",13.06.2024,Hotărâre,"Hotărâre pentru aprobarea semnării Acordului de modificare nr. 1 la Acordul de împrumut dintre Republica Moldova și Banca Europeană pentru Reconstrucție și Dezvoltare „RLF – Răspuns de urgență – Căile Ferate din Moldova”, semnat la Chișinău la 27 iunie 2023",Împrumut,BERD,27.06.2023,251-253,,https://www.legis.md/cautare/getResults?doc_id=143554&lang=ro
"nr. 419, 12 iunie 2024",13.06.2024,Hotărâre,Hotărâre cu privire la aprobarea semnării Acordului de împrumut dintre Republica Moldova și Banca Internațională pentru Reconstrucție și Dezvoltare în vederea realizării Proiectului „Conectivitate rurală în Moldova”,Împrumut,BIRD,,251-253,,https://www.legis.md/cautare/getResults?doc_id=143553&lang=ro
"nr. 418, 12 iunie 2024",13.06.2024,Hotărâre,Hotărâre cu privire la aprobarea semnării Acordului de finanțare dintre Republica Moldova și Asociația Internațională pentru Dezvoltare în vederea realizării Proiectului „Conectivitate rurală în Moldova”,Împrumut,AID,,251-253,,https://www.legis.md/cautare/getResults?doc_id=143552&lang=ro
"nr. 1477-IX, 10 iunie 2024",13.06.2024,Decret,"Decret cu privire la promulgarea Legii pentru ratificarea Acordului de grant dintre Republica Moldova și Banca Europeană pentru Reconstrucție și Dezvoltare privind finanțarea proiectelor investiționale orientate spre dezvoltarea infrastructurii în domeniul managementului deșeurilor solide, în sumă de 5 400 000 de euro, în vederea realizării proiectului „Deșeuri solide în Republica Moldova”",Grant,BERD,,251-253,,https://www.legis.md/cautare/getResults?doc_id=143567&lang=ro
"nr. 129, 30 mai 2024",13.06.2024,Lege,"Lege pentru ratificarea Acordului de grant dintre Republica Moldova și Banca Europeană pentru Reconstrucție și Dezvoltare privind finanțarea proiectelor investiționale orientate spre dezvoltarea infrastructurii în domeniul managementului deșeurilor solide, în sumă de 5 400 000 de euro, în vederea realizării proiectului „Deșeuri solide în Republica Moldova”",Grant,BERD,,251-253,,https://www.legis.md/cautare/getResults?doc_id=143568&lang=ro
"nr. 396, 5 iunie 2024",06.06.2024,Hotărâre,Hotărâre pentru aprobarea semnării Acordului de împrumut dintre Republica Moldova și Banca Internațională pentru Reconstrucție și Dezvoltare cu privire la Proiectul „Modernizarea și îmbunătățirea serviciilor de reabilitare”,Împrumut,BIRD,,238-240,,https://www.legis.md/cautare/getResults?doc_id=143493&lang=ro
"nr. 377, 29 mai 2024",30.05.2024,Hotărâre,"Hotărâre privind inițierea negocierilor asupra proiectului Acordului de modificare nr. 1 la Acordul de împrumut dintre Republica Moldova și Banca Europeană pentru Reconstrucție și Dezvoltare „RLF – Răspuns de urgență – Căile Ferate din Moldova”, semnat la Chișinău la 27 iunie 2023, și împuternicirea delegației oficiale pentru negocierea acestuia",Împrumut,BERD,27.06.2023,229-231,,https://www.legis.md/cautare/getResults?doc_id=143399&lang=ro
"nr. 355, 29 mai 2024",30.05.2024,Hotărâre,"Hotărâre cu privire la aprobarea proiectului de lege pentru ratificarea Amendamentului nr. 2, încheiat prin schimb de scrisori, la Acordul de finanțare dintre Guvernul Republicii Moldova, Uniunea Europeană și Ministerul Dezvoltării Regionale şi Administrației Publice al României privind Programul Operațional Comun Bazinul Mării Negre 2014-2020 pentru Programul de Cooperare Transfrontalieră al Instrumentului European de Vecinătate (ENI) pe anii 2014-2020, semnat la Chișinău la 12 decembrie 2016",Grant,UE,12.12.2016,229-231,,https://www.legis.md/cautare/getResults?doc_id=143370&lang=ro
"nr. 354, 29 mai 2024",30.05.2024,Hotărâre,"Hotărâre cu privire la aprobarea proiectului de lege pentru ratificarea Amendamentului nr. 2, încheiat prin schimb de scrisori, la Acordul de finanțare dintre Guvernul Republicii Moldova, Uniunea Europeană și Ministerul Dezvoltării Regionale şi Administrației Publice al României privind Programul Operațional Comun România – Republica Moldova 2014-2020 pentru Programul de Cooperare Transfrontalieră al Instrumentului European de Vecinătate (ENI) pe anii 2014-2020, semnat la Chișinău la 12 decembrie 2016",Grant,UE,12.12.2016,229-231,,https://www.legis.md/cautare/getResults?doc_id=143369&lang=ro
"nr. 1454-IX, 21 mai 2024",28.05.2024,Decret,"Decret privind promulgarea Legii pentru ratificarea Acordului de facilitate de credit dintre Republica Moldova și Agenția Franceză pentru Dezvoltare, nr. CMD 1009 01 J",Împrumut,AFD,,226-228,,https://www.legis.md/cautare/getResults?doc_id=143353&lang=ro
"nr. 115, 16 mai 2024",28.05.2024,Lege,"Lege pentru ratificarea Acordului de facilitate de credit dintre Republica Moldova și Agenția Franceză pentru Dezvoltare, nr. CMD 1009 01 J",Împrumut,AFD,,226-228,,https://www.legis.md/cautare/getResults?doc_id=143354&lang=ro
"nr. 1452-IX, 15 mai 2024",17.05.2024,Decret,"Decret cu privire la inițierea negocierilor asupra proiectului Acordului de grant dintre Republica Moldova, Banca Internațională pentru Reconstrucție şi Dezvoltare și Asociația Internațională pentru Dezvoltare în vederea realizării Programului Fondului fiduciar multidonator „Creștere, Reziliență și Oportunități pentru Bunăstare în Moldova (M-GROW)” pentru cofinanțarea Programului „Operațiunea Politica de Dezvoltare pentru Sprijinirea Creșterii și Rezilienței în Moldova”",Grant,BIRD / AID,,213-215,,https://www.legis.md/cautare/getResults?doc_id=143270&lang=ro
"nr. 1451-IX, 15 mai 2024",17.05.2024,Decret,"Decret cu privire la inițierea negocierilor asupra proiectului Acordului de grant dintre Republica Moldova, Banca Internațională pentru Reconstrucție şi Dezvoltare și Asociația Internațională pentru Dezvoltare pentru realizarea Programului Fondului fiduciar multidonator „Creștere, Reziliență și Oportunități pentru Bunăstare în Moldova (M-GROW)” în vederea cofinanțării Proiectului „Tranziția durabilă către eficiența energetică în Moldova (STEEM)”",Grant,BIRD / AID,,213-215,,https://www.legis.md/cautare/getResults?doc_id=143269&lang=ro
"nr. 1449-IX, 15 mai 2024",17.05.2024,Decret,"Decret pentru inițierea negocierilor și aprobarea semnării Amendamentului nr. 1, întocmit prin schimb de scrisori, la Acordul de finanțare dintre Republica Moldova și Asociația Internațională pentru Dezvoltare cu privire la Proiectul de înregistrare şi evaluare funciară",Împrumut,AID,,213-215,,https://www.legis.md/cautare/getResults?doc_id=143267&lang=ro
"nr. 348, 15 mai 2024",16.05.2024,Hotărâre,Hotărâre cu privire la inițierea negocierilor asupra proiectului Acordului de împrumut dintre Republica Moldova și Banca Internațională pentru Reconstrucție și Dezvoltare în vederea implementării Proiectului „Tranziția durabilă către eficiența energetică în Moldova (STEEM)” și acordarea împuternicirilor delegației pentru negocierea acestuia,Împrumut,BIRD,,209-212,,https://www.legis.md/cautare/getResults?doc_id=143225&lang=ro
"nr. 345, 15 mai 2024",16.05.2024,Hotărâre,Hotărâre cu privire la inițierea negocierilor asupra proiectului Acordului de împrumut dintre Republica Moldova și Banca Internațională pentru Reconstrucție și Dezvoltare în vederea realizării Programului „Operațiunea politica de dezvoltare pentru sprijinirea creșterii și rezilienței în Moldova” și acordarea împuternicirilor pentru negocierea acestuia,Împrumut,BIRD,,209-212,,https://www.legis.md/cautare/getResults?doc_id=143223&lang=ro
"nr. 1430-IX, 2 mai 2024",10.05.2024,Decret,"Decret cu privire la promulgarea Legii pentru ratificarea Acordului de împrumut dintre Republica Moldova și Banca Europeană pentru Reconstrucție și Dezvoltare privind realizarea Proiectului „Interconectarea rețelelor de energie electrică dintre Republica Moldova și România, Faza II”",Împrumut,BERD,,202-204,,https://www.legis.md/cautare/getResults?doc_id=143140&lang=ro
"nr. 1429-IX, 2 mai 2024",10.05.2024,Decret,Decret cu privire la promulgarea Legii pentru ratificarea Acordului de grant dintre Republica Moldova și Banca de Dezvoltare a Consiliului Europei privind implementarea măsurilor de eficiență energetică în cadrul Proiectului „Locuințe publice III”,Grant,CEB,,202-204,,https://www.legis.md/cautare/getResults?doc_id=143137&lang=ro
"nr. 104, 26 aprilie 2024",10.05.2024,Lege,"Lege pentru ratificarea Acordului de împrumut dintre Republica Moldova și Banca Europeană pentru Reconstrucție și Dezvoltare privind realizarea Proiectului „Interconectarea rețelelor de energie electrică dintre Republica Moldova și România, Faza II”",Împrumut,BERD,,202-204,,https://www.legis.md/cautare/getResults?doc_id=143141&lang=ro
"nr. 102, 25 aprilie 2024",10.05.2024,Lege,Lege pentru ratificarea Acordului de grant dintre Republica Moldova și Banca de Dezvoltare a Consiliului Europei privind implementarea măsurilor de eficiență energetică în cadrul Proiectului „Locuințe publice III”,Grant,CEB,,202-204,,https://www.legis.md/cautare/getResults?doc_id=143139&lang=ro
"nr. 1418-IX, 30 aprilie 2024",03.05.2024,Decret,"Decret privind inițierea negocierilor și aprobarea semnării Acordului de grant dintre Republica Moldova și Banca Internațională pentru Reconstrucție și Dezvoltare, acționând în calitate de entitate de implementare a Fondului fiduciar pentru prevenirea, pregătirea și răspunsul la pandemii",Grant,BIRD,,195-197,,https://www.legis.md/cautare/getResults?doc_id=143066&lang=ro
"nr. 318, 30 aprilie 2024",02.05.2024,Hotărâre,"Hotărâre cu privire la inițierea negocierilor și aprobarea semnării Amendamentului nr. 2, încheiat prin schimb de scrisori, la Acordul de finanțare dintre Guvernul Republicii Moldova, Uniunea Europeană și Ministerul Dezvoltării Regionale şi Administrației Publice al României privind Programul Operațional Comun România - Republica Moldova 2014-2020 pentru Programul de Cooperare Transfrontalieră al Instrumentului European de Vecinătate (ENI) pe anii 2014-2020, semnat la Chișinău la 12 decembrie 2016",Grant,UE,12.12.2016,192-194,,https://www.legis.md/cautare/getResults?doc_id=143019&lang=ro
"nr. 317, 30 aprilie 2024",02.05.2024,Hotărâre,"Hotărâre cu privire la inițierea negocierilor și aprobarea semnării Amendamentului nr. 2, încheiat prin schimb de scrisori, la Acordul de finanțare dintre Guvernul Republicii Moldova, Uniunea Europeană și Ministerul Dezvoltării Regionale şi Administrației Publice al României privind Programul Operațional Comun Bazinul Mării Negre 2014 –2020 pentru Programul de Cooperare Transfrontalieră al Instrumentului European de Vecinătate (ENI) pe anii 2014 – 2020, semnat la Chișinău la 12 decembrie 2016",Grant,UE,12.12.2016,192-194,,https://www.legis.md/cautare/getResults?doc_id=143018&lang=ro
"nr. 315, 30 aprilie 2024",02.05.2024,Hotărâre,"Hotărâre cu privire la aprobarea proiectului de lege pentru ratificarea Acordului de grant dintre Republica Moldova și Banca Europeană pentru Reconstrucție și Dezvoltare privind finanțarea proiectelor investiționale orientate spre dezvoltarea infrastructurii în domeniul managementului deșeurilor solide, în sumă de 5 400 000 de euro, în vederea realizării Proiectului „Deșeuri solide în Republica Moldova”, semnat la 22 februarie 2024",Grant,BERD,22.02.2024,192-194,,https://www.legis.md/cautare/getResults?doc_id=143016&lang=ro
"nr. 279, 17 aprilie 2024",18.04.2024,Hotărâre,"Hotărâre cu privire la modificarea unor hotărâri ale Guvernului (punerea în aplicare a prevederilor Legii nr. 10/2024 pentru ratificarea Acordului de grant, întocmit prin schimb de note, dintre Guvernul Republicii Moldova și Guvernul Japoniei privind realizarea proiectului „Asigurarea fermierilor cu fertilizanți”)",Grant,Japonia,,177-180,,https://www.legis.md/cautare/getResults?doc_id=142837&lang=ro
"nr. 268, 17 aprilie 2024",18.04.2024,Hotărâre,"Hotărâre cu privire la aprobarea proiectului de lege pentru ratificarea Acordului de împrumut dintre Republica Moldova și Banca Europeană pentru Reconstrucție și Dezvoltare privind realizarea Proiectului „Interconectarea rețelelor de energie electrică dintre Republica Moldova și România, Faza II”, semnat la Chișinău la 13 martie 2024",Împrumut,BERD,13.03.2024,177-180,,https://www.legis.md/cautare/getResults?doc_id=142829&lang=ro
"nr. 267, 17 aprilie 2024",18.04.2024,Hotărâre,"Hotărâre cu privire la aprobarea proiectului de lege pentru ratificarea Acordului de facilitate de credit dintre Republica Moldova și Agenția Franceză pentru Dezvoltare nr. CMD 1009 01 J, semnat la Paris la 7 martie 2024",Împrumut,AFD,07.03.2024,177-180,,https://www.legis.md/cautare/getResults?doc_id=142828&lang=ro
"nr. 265, 17 aprilie 2024",18.04.2024,Hotărâre,"Hotărâre cu privire la aprobarea proiectului de lege pentru ratificarea Acordului de grant dintre Republica Moldova și Banca de Dezvoltare a Consiliului Europei pentru implementarea măsurilor de eficiență energetică în cadrul Proiectului „Locuințe publice III”, semnat la Chișinău la 26 martie 2024",Grant,CEB,26.03.2024,177-180,,https://www.legis.md/cautare/getResults?doc_id=142826&lang=ro
"nr. 54, 14 martie 2024",25.03.2024,Lege,Lege pentru ratificarea Contractului de finanțare dintre Republica Moldova și Banca Europeană de Investiții „EFSD + Fereastra dedicată investiției 1”,Împrumut,BEI,,112-117,,https://www.legis.md/cautare/getResults?doc_id=142473&lang=ro
"nr. 53, 14 martie 2024",25.03.2024,Lege,Lege pentru ratificarea Acordului de împrumut dintre Republica Moldova și Banca Europeană pentru Reconstrucție și Dezvoltare privind realizarea Proiectului V de reabilitare a drumurilor din Moldova,Împrumut,BERD,,112-117,,https://www.legis.md/cautare/getResults?doc_id=142471&lang=ro
"nr. 1378-IX, 20 martie 2024",25.03.2024,Decret,Decret cu privire la promulgarea Legii pentru ratificarea Acordului de împrumut dintre Republica Moldova și Banca Europeană pentru Reconstrucție și Dezvoltare privind realizarea Proiectului V de reabilitare a drumurilor din Moldova,Împrumut,BERD,,112-117,,https://www.legis.md/cautare/getResults?doc_id=142470&lang=ro
"nr. 1377-IX, 20 martie 2024",25.03.2024,Decret,Decret cu privire la promulgarea Legii pentru ratificarea Contractului de finanțare dintre Republica Moldova și Banca Europeană de Investiții „EFSD + Fereastra dedicată investiției 1”,Împrumut,BEI,,112-117,,https://www.legis.md/cautare/getResults?doc_id=142472&lang=ro
"nr. 205, 20 martie 2024",21.03.2024,Hotărâre,Hotărâre cu privire la inițierea negocierilor asupra proiectului Acordului de împrumut dintre Republica Moldova și Banca Internațională pentru Reconstrucție și Dezvoltare în vederea realizării Proiectului „Conectivitate rurală în Moldova” și acordarea împuternicirilor pentru negocierea acestuia,Împrumut,BIRD,,104-107,,https://www.legis.md/cautare/getResults?doc_id=142373&lang=ro
"nr. 204, 20 martie 2024",21.03.2024,Hotărâre,Hotărâre cu privire la inițierea negocierilor asupra proiectului Acordului de finanțare dintre Republica Moldova și Asociația Internațională pentru Dezvoltare în vederea realizării Proiectului „Conectivitate rurală în Moldova” și acordarea împuternicirilor pentru negocierea acestuia,Împrumut,AID,,104-107,,https://www.legis.md/cautare/getResults?doc_id=142372&lang=ro
"nr. 1364-IX, 12 martie 2024",15.03.2024,Decret,Decret pentru inițierea negocierilor și aprobarea semnării Acordului de grant dintre Republica Moldova și Banca de Dezvoltare a Consiliului Europei pentru implementarea măsurilor de eficiență energetică în cadrul Proiectului „Locuințe publice III”,Grant,CEB,,101-102,,https://www.legis.md/cautare/getResults?doc_id=142312&lang=ro
"nr. 170, 6 martie 2024",07.03.2024,Hotărâre,Hotărâre cu privire la aprobarea semnării Acordului de facilitate de credit dintre Republica Moldova și Agenția Franceză pentru Dezvoltare nr. CMD 1009 01 J,Împrumut,AFD,,93-95,,https://www.legis.md/cautare/getResults?doc_id=142212&lang=ro
"nr. 162, 6 martie 2024",07.03.2024,Hotărâre,"Hotărâre cu privire la aprobarea semnării Acordului de împrumut dintre Republica Moldova și Banca Europeană pentru Reconstrucție și Dezvoltare privind realizarea Proiectului „Interconectarea rețelelor de energie electrică dintre Republica Moldova și România, Faza II”",Împrumut,BERD,,93-95,,https://www.legis.md/cautare/getResults?doc_id=142209&lang=ro
"nr. 143, 28 februarie 2024",29.02.2024,Hotărâre,"Hotărâre cu privire la aprobarea proiectului de lege pentru ratificarea Contractului de finanțare dintre Republica Moldova şi Banca Europeană de Investiții „EFSD + Fereastra dedicată investiției 1”, semnat la Chișinău la 15 decembrie 2023",Împrumut,BEI,15.12.2023,83-85,,https://www.legis.md/cautare/getResults?doc_id=142045&lang=ro
"nr. 142, 28 februarie 2024",29.02.2024,Hotărâre,"Hotărâre cu privire la aprobarea proiectului de lege pentru ratificarea Acordului de împrumut dintre Republica Moldova şi Banca Europeană pentru Reconstrucție şi Dezvoltare privind realizarea Proiectului V de reabilitare a drumurilor din Moldova, semnat la Londra la 22 ianuarie 2024",Împrumut,BERD,22.01.2024,83-85,,https://www.legis.md/cautare/getResults?doc_id=142044&lang=ro
"nr. 136, 28 februarie 2024",29.02.2024,Hotărâre,Hotărâre cu privire la aprobarea Acordului de finanțare dintre Guvernul Republicii Moldova și Comisia Europeană privind Programul „UE4Moldova: Integrare și Stabilitate”,Grant,UE,,83-85,,https://www.legis.md/cautare/getResults?doc_id=142040&lang=ro
"nr. 24, 15 februarie 2024",23.02.2024,Lege,"Lege pentru ratificarea Acordului de grant dintre Ministerul Mediului al Republicii Moldova și Banca Europeană pentru Reconstrucție și Dezvoltare privind finanțarea asistenței tehnice, în sumă de 600000 de euro, în vederea realizării Proiectului „Deșeuri solide în Republica Moldova”",Grant,BERD,,79-82,,https://www.legis.md/cautare/getResults?doc_id=141966&lang=ro
"nr. 1342-IX, 20 februarie 2024",23.02.2024,Decret,"Decret cu privire la promulgarea Legii pentru ratificarea Acordului de grant dintre Ministerul Mediului al Republicii Moldova și Banca Europeană pentru Reconstrucție și Dezvoltare privind finanțarea asistenței tehnice, în sumă de 600000 de euro, în vederea realizării Proiectului „Deșeuri solide în Republica Moldova”",Grant,BERD,,79-82,,https://www.legis.md/cautare/getResults?doc_id=141965&lang=ro
"nr. 110, 14 februarie 2024",15.02.2024,Hotărâre,Hotărâre сu privire la inițierea negocierilor și aprobarea semnării Acordului de finanțare dintre Guvernul Republicii Moldova și Comisia Europeană privind Programul „UE4Moldova: Integrare și Stabilitate”,Grant,UE,,70-72,,https://www.legis.md/cautare/getResults?doc_id=141848&lang=ro
"nr.1331-IX, 9 februarie 2024",13.02.2024,Decret,"Decret cu privire la promulgarea Legii pentru ratificarea Acordului de grant, întocmit prin schimb de note, dintre Guvernul Republicii Moldova și Guvernul Japoniei privind realizarea proiectului „Asigurarea fermierilor cu fertilizanți”",Grant,Japonia,,64-69,,https://www.legis.md/cautare/getResults?doc_id=141809&lang=ro
"nr. 10, 1 februarie 2024",13.02.2024,Lege,"Lege pentru ratificarea Acordului de grant, întocmit prin schimb de note, dintre Guvernul Republicii Moldova și Guvernul Japoniei privind realizarea proiectului „Asigurarea fermierilor cu fertilizanți”",Grant,Japonia,,64-69,,https://www.legis.md/cautare/getResults?doc_id=141810&lang=ro
"nr. 44, 24 ianuarie 2024",25.01.2024,Hotărâre,"Hotărâre cu privire la aprobarea proiectului de lege pentru ratificarea Acordului de grant, întocmit prin schimb de note, dintre Guvernul Republicii Moldova și Guvernul Japoniei privind realizarea Proiectului „Asigurarea fermierilor cu fertilizanți”, semnat la Chișinău la 6 decembrie 2023",Grant,Japonia,06.12.2023,32-35,,https://www.legis.md/cautare/getResults?doc_id=141432&lang=ro
"nr. 43, 24 ianuarie 2024",25.01.2024,Hotărâre,"Hotărâre cu privire la aprobarea proiectului de lege pentru ratificarea Acordului de grant dintre Ministerul Mediului al Republicii Moldova și Banca Europeană pentru Reconstrucție și Dezvoltare privind finanțarea asistenței tehnice, în sumă de 600 000 de euro, în vederea realizării Proiectului „Deșeuri solide în Republica Moldova”, semnat la Chișinău la 20 decembrie 2023",Grant,BERD,20.12.2023,32-35,,https://www.legis.md/cautare/getResults?doc_id=141431&lang=ro
"nr. 441, 28 decembrie 2023",12.01.2024,Lege,"Lege pentru ratificarea Acordului de împrumut dintre Guvernul Republicii Moldova și Bank Gospodarstwa Krajowego (Polonia) pentru susținerea dezvoltării întreprinderilor mici și mijlocii, prin intermediul instituției publice „Organizația pentru Dezvoltarea Antreprenoriatului”",Împrumut,Polonia,,13-16,,https://www.legis.md/cautare/getResults?doc_id=141202&lang=ro
"nr. 28, 10 ianuarie 2024",12.01.2024,Hotărâre,"Hotărâre pentru inițierea negocierilor asupra proiectului Acordului de împrumut dintre Republica Moldova și Banca Europeană pentru Reconstrucție și Dezvoltare privind realizarea Proiectului „Interconectarea rețelelor de energie electrică dintre Republica Moldova și România, Faza II” și acordarea împuternicirilor delegației oficiale pentru negocierea acestuia",Împrumut,BERD,,13-16,,https://www.legis.md/cautare/getResults?doc_id=141216&lang=ro
"nr. 1293-IX, 9 ianuarie 2024",12.01.2024,Decret,"Decret cu privire la promulgarea Legii pentru ratificarea Acordului de împrumut dintre Guvernul Republicii Moldova și Bank Gospodarstwa Krajowego (Polonia) pentru susținerea dezvoltării întreprinderilor mici și mijlocii, prin intermediul instituției publice „Organizația pentru Dezvoltarea Antreprenoriatului”",Împrumut,Polonia,,13-16,,https://www.legis.md/cautare/getResults?doc_id=141201&lang=ro
