act,data_editie,tip,titlu,categorie,partener,semnat,editie,suport_bugetar,link
DP770/2026,10.09.2026,Decret,Decret pentru promulgarea Legii privind scutirea de unele taxe și impozite la importul/livrările de mărfuri și/sau servicii destinate implementării Acordului-cadru de împrumut dintre Banca de Dezvoltare a Consiliului Europei și Republica Moldova „Modernizarea școlilor (facilitatea de finanțare publică)”,Împrumut,CEB,,legis.md,,https://www.legis.md/cautare/getResults?doc_id=156367&lang=ro
LP199/2026,03.09.2026,Lege,Lege privind scutirea de unele taxe și impozite la importul/livrările de mărfuri și/sau servicii destinate implementării Acordului-cadru de împrumut dintre Banca de Dezvoltare a Consiliului Europei și Republica Moldova „Modernizarea școlilor (facilitatea de finanțare publică)”,Împrumut,CEB,,legis.md,,https://www.legis.md/cautare/getResults?doc_id=156368&lang=ro
DP763/2026,03.09.2026,Decret,Decret cu privire la promulgarea Legii pentru ratificarea Scrisorii de modificare la Acordul de împrumut dintre Republica Moldova și Banca Europeană pentru Reconstrucție și Dezvoltare „RLF – Răspuns de urgență – Căile Ferate din Moldova”,Împrumut,BERD,,legis.md,,https://www.legis.md/cautare/getResults?doc_id=156249&lang=ro
O147/2026,02.09.2026,Ordin,Ordin cu privire la aducerea la cunoştinţa publică a datei intrării în vigoare a Acordului de colaborare dintre Instituţia Publică Organizaţia pentru Dezvoltarea Antreprenoriatului şi Programul Naţiunilor Unite pentru Dezvoltare pentru implementarea proiectului „Comunităţi reziliente prin abilitarea femeilor”,Asistență tehnică,PNUD,,MO 407-409,,https://www.legis.md/cautare/getResults?document_status=0&nr_doc=147&datepicker1=24.08.2026&publication_status=+-+TOATE+-+&nr=&publish_date=&search_type=1&search_string=
LP188/2026,24.08.2026,Lege,Lege pentru ratificarea Scrisorii de modificare la Acordul de împrumut dintre Republica Moldova și Banca Europeană pentru Reconstrucție și Dezvoltare „RLF – Răspuns de urgență – Căile Ferate din Moldova”,Împrumut,BERD,,legis.md,,https://www.legis.md/cautare/getResults?doc_id=156261&lang=ro
DP741/2026,21.08.2026,Decret,Decret pentru inițierea negocierilor și aprobarea semnării Amendamentului la Acordurile de finanțare dintre Republica Moldova și Asociația Internațională pentru Dezvoltare privind Proiectul de dezvoltare a sistemului electroenergetic,Împrumut,AID,,legis.md,,https://www.legis.md/cautare/getResults?doc_id=155993&lang=ro
OMMPS273/2026,18.08.2026,Ordin,"Ordin cu privire la semnarea și intrarea în vigoare a Amendamentului nr. 1, semnat la Chișinău la 29 iulie 2026, la Acordul pentru proiectul de cooperare și finanțare dintre Federația Internațională a Societăților de Cruce Roșie și Semilună Roșie (FICR) și Ministerul Muncii și Protecției Sociale al Republicii Moldova privind Proiectul „Sprijin pentru funcționarea centrelor de plasament temporar pentru refugiați și acordarea asistenței în sezonul rece în Republica Moldova”, semnat la Chișinău la 2 martie 2026",Grant,FICR,29.07.2026,legis.md,,https://www.legis.md/cautare/getResults?doc_id=156195&lang=ro
HG442/2026,12.08.2026,Hotărâre,"Hotărâre cu privire la aprobarea Amendamentului nr. 1, semnat la Chișinău la 29 iulie 2026, la Acordul pentru proiectul de cooperare și finanțare dintre Federația Internațională a Societăților de Cruce Roșie și Semilună Roșie (FICR) și Ministerul Muncii și Protecției Sociale al Republicii Moldova privind Proiectul „Sprijin pentru funcționarea centrelor de plasament temporar pentru refugiați și acordarea asistenței în sezonul rece în Republica Moldova’’, semnat la Chișinău la 2 martie 2026",Grant,FICR,29.07.2026,legis.md,,https://www.legis.md/cautare/getResults?doc_id=155817&lang=ro
HG430/2026,06.08.2026,Hotărâre,Hotărâre cu privire la aprobarea semnării Acordului de colaborare dintre Instituția Publică Organizația pentru Dezvoltarea Antreprenoriatului și Programul Națiunilor Unite pentru Dezvoltare pentru implementarea proiectului „Comunități reziliente prin abilitarea femeilor”,Asistență tehnică,PNUD,,MO 359-362,,https://www.legis.md/cautare/getResults?document_status=0&nr_doc=430&datepicker1=05.08.2026&publication_status=+-+TOATE+-+&nr=&publish_date=&search_type=1&search_string=
DP716/2026,05.08.2026,Decret,"Decret cu privire la promulgarea Legii pentru ratificarea Amendamentului, încheiat prin schimb de scrisori, la Acordul de împrumut dintre Republica Moldova și Banca Internațională pentru Reconstrucție și Dezvoltare (BIRD) pentru realizarea Proiectului de competitivitate a întreprinderilor micro, mici și mijlocii (Proiectul ÎMMM) și la Acordul de finanțare dintre Republica Moldova și Asociația Internațională pentru Dezvoltare (AID) pentru realizarea Proiectului de competitivitate a întreprinderilor micro, mici și mijlocii (Proiectul ÎMMM)",Împrumut,BIRD / AID,,legis.md,,https://www.legis.md/cautare/getResults?doc_id=155677&lang=ro
DP715/2026,05.08.2026,Decret,Decret cu privire la promulgarea Legii pentru ratificarea Contractului de finanțare dintre Republica Moldova și Banca Europeană de Investiții privind realizarea proiectului „Livada Moldovei II”,Împrumut,BEI,,legis.md,,https://www.legis.md/cautare/getResults?doc_id=155814&lang=ro
LP157/2026,30.07.2026,Lege,"Lege pentru ratificarea Amendamentului, încheiat prin schimb de scrisori, la Acordul de împrumut dintre Republica Moldova și Banca Internațională pentru Reconstrucție și Dezvoltare (BIRD) pentru realizarea Proiectului de competitivitate a întreprinderilor micro, mici și mijlocii (Proiectul ÎMMM) și la Acordul de finanțare dintre Republica Moldova și Asociația Internațională pentru Dezvoltare (AID) pentru realizarea Proiectului de competitivitate a întreprinderilor micro, mici și mijlocii (Proiectul ÎMMM)",Împrumut,BIRD / AID,,legis.md,,https://www.legis.md/cautare/getResults?doc_id=155678&lang=ro
LP155/2026,30.07.2026,Lege,Lege pentru ratificarea Contractului de finanțare dintre Republica Moldova și Banca Europeană de Investiții privind realizarea proiectului „Livada Moldovei II”,Împrumut,BEI,,legis.md,,https://www.legis.md/cautare/getResults?doc_id=155816&lang=ro
HG416/2026,29.07.2026,Hotărâre,"Hotărâre cu privire la aprobarea semnării Amendamentului nr. 1 la Acordul pentru proiectul de cooperare și finanțare dintre Federația Internațională a Societăților de Cruce Roșie și Semilună Roșie (FICR) și Ministerul Muncii și Protecției Sociale al Republicii Moldova privind Proiectul „Sprijin pentru funcționarea centrelor de plasament temporar pentru refugiați și acordarea asistenței în sezonul receîn Republica Moldova”, semnat la Chișinău la 2 martie 2026",Grant,FICR,02.03.2026,legis.md,,https://www.legis.md/cautare/getResults?doc_id=155555&lang=ro
HG406/2026,29.07.2026,Hotărâre,"Hotărâre cu privire la aprobarea proiectului de lege pentru ratificarea Amendamentului, încheiat prin schimb de scrisori, la Acordul de împrumut dintre Republica Moldova şi Banca Internaţională pentru Reconstrucţie şi Dezvoltare (BIRD) pentru realizarea Proiectului de competitivitate a întreprinderilor micro, mici și mijlocii (Proiectul ÎMMM), și la Acordul de finanțare dintre Republica Moldova și Asociația Internațională pentru Dezvoltare (AID) pentru realizarea Proiectuluide competitivitate a întreprinderilor micro, mici și mijlocii (Proiectul ÎMMM), semnat la 26 iunie 2026",Împrumut,BIRD / AID,26.06.2026,legis.md,,https://www.legis.md/cautare/getResults?doc_id=155546&lang=ro
HG405/2026,29.07.2026,Hotărâre,Hotărâre cu privire la inițierea negocierilor și aprobarea semnăriiAcordului de împrumut dintre Republica Moldova și Banca Europeană pentru Reconstrucție și Dezvoltare privind realizarea Proiectului VI de reabilitare a drumurilor din Moldova,Împrumut,BERD,,legis.md,,https://www.legis.md/cautare/getResults?doc_id=155545&lang=ro
HG384/2026,29.07.2026,Hotărâre,Hotărâre cu privire la inițierea negocierilor asupra proiectului Acordului de împrumut dintre Republica Moldova și Banca Europeană pentru Reconstrucție și Dezvoltare pentru realizarea Proiectului „Moldova – Proiect de alimentare durabilă cu apă (irigații)” și împuternicirea delegației oficiale pentru negocieri,Împrumut,BERD,,legis.md,,https://www.legis.md/cautare/getResults?doc_id=155597&lang=ro
HG383/2026,29.07.2026,Hotărâre,"Hotărâre cu privire la aprobarea proiectului de lege pentru ratificarea Contractului de finanțare dintre Republica Moldova și Banca Europeană de Investiții privind realizarea proiectului „Livada Moldovei II”, semnat la Chișinău la 29 iunie 2026",Împrumut,BEI,29.06.2026,legis.md,,https://www.legis.md/cautare/getResults?doc_id=155541&lang=ro
DP700/2026,27.07.2026,Decret,Decret cu privire la promulgarea Legii pentru ratificarea Contractului de finanțare dintre Republica Moldova și Banca Europeană de Investiții pentru realizarea proiectului „Reabilitarea și modernizarea școlilor din Moldova”,Împrumut,BEI,,legis.md,,https://www.legis.md/cautare/getResults?doc_id=155563&lang=ro
OME49/2026,24.07.2026,Ordin,"Ordin cu privire la comunicarea publică a datei intrării în vigoare a Acordului de grant investițional dintre Republica Moldova, Banca Europeană de Investiții și Unitatea Consolidată pentru Implementarea și Monitorizarea Proiectelor în domeniul Energeticii privind implementarea Proiectului „Eficiența energetică în Republica Moldova”",Grant,BEI,,legis.md,,https://www.legis.md/cautare/getResults?doc_id=155646&lang=ro
LP143/2026,23.07.2026,Lege,Lege pentru ratificarea Contractului de finanțare dintre Republica Moldova și Banca Europeană de Investiții pentru realizarea proiectului „Reabilitarea și modernizarea școlilor din Moldova”,Împrumut,BEI,,legis.md,,https://www.legis.md/cautare/getResults?doc_id=155570&lang=ro
HG374/2026,22.07.2026,Hotărâre,"Hotărâre cu privire la aprobarea proiectului de lege pentru ratificarea Scrisorii de modificare, semnate la Chișinău la 23 iunie 2026, la Acordul de împrumut dintre Republica Moldova și Banca Europeană pentru Reconstrucție și Dezvoltare „RLF – Răspuns de urgență – Căile Ferate din Moldova”, semnat la Chișinău la 27 iunie 2023",Împrumut,BERD,27.06.2023,legis.md,,https://www.legis.md/cautare/getResults?doc_id=155411&lang=ro
DP690/2026,20.07.2026,Decret,Decret privind promulgarea Legii pentru ratificarea Acordului de împrumut dintre Republica Moldova și Banca Internațională pentru Reconstrucție și Dezvoltare în vederea realizării Programului de operațiuni pentru politici de creștere rezilientă programatică a Republicii Moldova,Împrumut,BIRD,,legis.md,,https://www.legis.md/cautare/getResults?doc_id=155431&lang=ro
LP137/2026,09.07.2026,Lege,Lege pentru ratificarea Acordului de împrumut dintre Republica Moldova și Banca Internațională pentru Reconstrucție și Dezvoltare în vederea realizării Programului de operațiuni pentru politici de creștere rezilientă programatică a Republicii Moldova,Împrumut,BIRD,,legis.md,,https://www.legis.md/cautare/getResults?doc_id=155433&lang=ro
HG353/2026,01.07.2026,Hotărâre,"Hotărâre cu privire la aprobarea proiectului de lege pentru ratificarea Contractului de finanțare dintre Republica Moldova și Banca Europeană de Investiții „Reabilitarea și modernizarea școlilor din Moldova”, semnat la Chișinău și Luxemburg la 17 iunie 2026",Împrumut,BEI,17.06.2026,legis.md,,https://www.legis.md/cautare/getResults?doc_id=155208&lang=ro
HG331/2026,24.06.2026,Hotărâre,Hotărâre cu privire la inițierea negocierilor și aprobarea semnării Contractului de finanțare dintre Republica Moldova și Banca Europeană de Investiții privind realizarea proiectului „Livada Moldovei II”,Împrumut,BEI,,legis.md,,https://www.legis.md/cautare/getResults?doc_id=155030&lang=ro
DP666/2026,24.06.2026,Decret,Decret pentru inițierea negocierilor și aprobarea semnării Acordului de grant dintre Republica Moldova și Banca Internațională pentru Reconstrucție și Dezvoltare privind acordarea grantului prin intermediul Facilității de grant pentru pregătirea proiectelor în vederea realizării proiectului construcției unor capacități noi de înaltă eficiență de generare a energiei termice și electrice pentru Societatea pe Acțiuni „Termoelectrica”,Grant,BIRD,,legis.md,,https://www.legis.md/cautare/getResults?doc_id=155093&lang=ro
OMMPS179/2026,19.06.2026,Ordin,"Ordin cu privire la semnarea și intrarea în vigoare a Foii de parcurs 2026–2029 pentru implementarea Memorandumului de Înțelegere privind cooperarea în domeniul muncii și ocupării forței de muncă, semnat la 18 octombrie 2023 între Ministerul Muncii și Protecției Sociale al Republicii Moldova și Departamentul Federal pentru Afaceri Economice, Educație și Cercetare al Confederației Elvețiene, reprezentat de Secretariatul de Stat pentru Afaceri Economice, semnată la Geneva la 8 iunie 2026",Asistență tehnică,Elveția,18.10.2023,legis.md,,https://www.legis.md/cautare/getResults?doc_id=155027&lang=ro
HG323/2026,17.06.2026,Hotărâre,"Hotărâre privind inițierea negocierilor şi aprobarea semnării Scrisorii de modificare la Acordul de împrumut dintre Republica Moldova şi Banca Europeană pentru Reconstrucție şi Dezvoltare „RLF – Răspuns de urgenţă – Căile Ferate din Moldova”, semnat la Chișinău la 27 iunie 2023",Împrumut,BERD,27.06.2023,legis.md,,https://www.legis.md/cautare/getResults?doc_id=154911&lang=ro
DP648/2026,15.06.2026,Decret,Decret cu privire la promulgarea Legii pentru ratificarea Acordului de facilitate de credit dintre Republica Moldova și Agenția Franceză pentru Dezvoltare în vederea realizării proiectului „Programul de dezvoltare integrată a agriculturii și irigațiilor (iDRIP)”,Împrumut,AFD,,legis.md,,https://www.legis.md/cautare/getResults?doc_id=154897&lang=ro
DP647/2026,15.06.2026,Decret,Decret cu privire la promulgarea Legii pentru ratificarea Acordului de grant dintre Republica Moldova și Agenția Franceză pentru Dezvoltare în vederea realizării proiectului „Programul de dezvoltare integrată a agriculturii și irigațiilor (iDRIP)”,Grant,AFD,,legis.md,,https://www.legis.md/cautare/getResults?doc_id=154889&lang=ro
DP644/2026,12.06.2026,Decret,Decret cu privire la promulgarea Legii pentru ratificarea Acordului de modificare nr. 1 la Acordul de împrumut dintre Republica Moldova și Banca Europeană pentru Reconstrucție și Dezvoltare privind realizarea Proiectului V de reabilitare a drumurilor din Moldova,Împrumut,BERD,,legis.md,,https://www.legis.md/cautare/getResults?doc_id=154851&lang=ro
HG311/2026,11.06.2026,Hotărâre,"Hotărâre cu privire la aprobarea proiectului de lege pentru ratificarea Acordului de împrumut dintre Republica Moldova și Banca Internațională pentru Reconstrucție şi Dezvoltare în vederea realizării Programului de operațiuni pentru politici de creștere rezilientă programatică a Republicii Moldova, semnat la 5 iunie 2026",Împrumut,BIRD,05.06.2026,legis.md,,https://www.legis.md/cautare/getResults?doc_id=154828&lang=ro
HG301/2026,11.06.2026,Hotărâre,Hotărâre cu privire la inițierea negocierilor și aprobarea semnării Contractului de finanțare dintre Republica Moldova și Banca Europeană de Investiții „Reabilitarea și modernizarea școlilor din Moldova”,Împrumut,BEI,,legis.md,,https://www.legis.md/cautare/getResults?doc_id=154821&lang=ro
LP98/2026,04.06.2026,Lege,Lege pentru ratificarea Acordului de modificare nr. 1 la Acordul de împrumut dintre Republica Moldova și Banca Europeană pentru Reconstrucție și Dezvoltare privind realizarea Proiectului V de reabilitare a drumurilor din Moldova,Împrumut,BERD,,legis.md,,https://www.legis.md/cautare/getResults?doc_id=154852&lang=ro
LP97/2026,04.06.2026,Lege,Lege pentru ratificarea Acordului de facilitate de credit dintre Republica Moldova și Agenția Franceză pentru Dezvoltare în vederea realizării proiectului „Programul de dezvoltare integrată a agriculturii și irigațiilor (iDRIP)”,Împrumut,AFD,,legis.md,,https://www.legis.md/cautare/getResults?doc_id=154898&lang=ro
LP96/2026,04.06.2026,Lege,Lege pentru ratificarea Acordului de grant dintre Republica Moldova și Agenția Franceză pentru Dezvoltare în vederea realizării proiectului „Programul de dezvoltare integrată a agriculturii și irigațiilor (iDRIP)”,Grant,AFD,,legis.md,,https://www.legis.md/cautare/getResults?doc_id=154890&lang=ro
HG277/2026,27.05.2026,Hotărâre,"Hotărâre cu privire la aprobarea proiectului de lege pentru ratificarea Acordului de modificare nr. 1, semnat la Chișinău la 19 decembrie 2025, la Acordul de împrumut dintre Republica Moldova și Banca Europeană pentru Reconstrucție și Dezvoltare privind realizarea Proiectului V de reabilitare a drumurilor din Moldova, semnat la Londra la 22 ianuarie 2024",Împrumut,BERD,19.12.2025,legis.md,,https://www.legis.md/cautare/getResults?doc_id=154636&lang=ro
HG276/2026,27.05.2026,Hotărâre,Hotărâre cu privire la aprobarea semnării Acordului de împrumut dintre Republica Moldova și Banca Internațională pentru Reconstrucție și Dezvoltare în vederea realizării Programului de operațiuni pentru politici de creștere rezilientă programatică a Republicii Moldova,Împrumut,BIRD,,legis.md,,https://www.legis.md/cautare/getResults?doc_id=154635&lang=ro
HG275/2026,27.05.2026,Hotărâre,"Hotărâre cu privire la aprobarea semnării Acordului de grant dintre Republica Moldova, Banca Internațională pentru Reconstrucție și Dezvoltare și Asociația Internațională pentru Dezvoltare, acționând în calitate de administrator al Fondului fiduciar multidonator al Programului „Creștere, reziliență și oportunități pentru bunăstare în Moldova (M-Grow)” (finanțare suplimentară pentru proiectul de competitivitate a întreprinderilor micro, mici și mijlocii)",Grant,BIRD / AID,,legis.md,,https://www.legis.md/cautare/getResults?doc_id=154634&lang=ro
HG274/2026,27.05.2026,Hotărâre,"Hotărâre cu privire la aprobarea proiectului de lege pentru ratificarea Acordului de facilitate de credit dintre Republica Moldova și Agenția Franceză de Dezvoltare pentru realizarea Proiectului „Programul de dezvoltare integrată a agriculturii și irigațiilor – (iDRIP)”, semnat la Chișinău la 14 mai 2026",Împrumut,AFD,14.05.2026,legis.md,,https://www.legis.md/cautare/getResults?doc_id=154633&lang=ro
HG270/2026,27.05.2026,Hotărâre,"Hotărâre cu privire la aprobarea semnării Acordului de grant investițional dintre Republica Moldova, Banca Europeană de Investiții și Unitatea consolidată pentru implementarea și monitorizarea proiectelor în domeniul energeticii privind implementarea Proiectului „Eficiența energetică în Republica Moldova”",Grant,BEI,,legis.md,,https://www.legis.md/cautare/getResults?doc_id=154629&lang=ro
OMDED75/2026,26.05.2026,Ordin,Ordin cu privire la aducerea la cunoștința publică a datei intrării în vigoare a Acordului de înțelegere între Ministerul Dezvoltării Economice și Digitalizării al Republicii Moldova și Agenția Elvețiană pentru Dezvoltare și Cooperare (SDC) privind consultanța în domeniul bunei guvernări și a dezvoltării economice în Republica Moldova,Asistență tehnică,Elveția,,legis.md,,https://www.legis.md/cautare/getResults?doc_id=154675&lang=ro
DP617/2026,25.05.2026,Decret,"Decret privind inițierea negocierilor și aprobarea semnării Amendamentului, încheiat prin schimb de scrisori, la Acordul de împrumut dintre Republica Moldova şi Banca Internaţională pentru Reconstrucţie şi Dezvoltare (BIRD) pentru realizarea Proiectului de competitivitate a întreprinderilor micro, mici și mijlocii (Proiectul ÎMMM) și la Acordul de finanțare dintre Republica Moldova și Asociația Internațională pentru Dezvoltare (AID) pentru realizarea Proiectului de competitivitatea întreprinderilor micro, mici și mijlocii (Proiectul ÎMMM)",Împrumut,BIRD / AID,,legis.md,,https://www.legis.md/cautare/getResults?doc_id=154608&lang=ro
HG252/2026,13.05.2026,Hotărâre,Hotărâre cu privire la aprobarea semnării Acordului de grant dintre Republica Moldova și Agenția Franceză de Dezvoltare pentru realizarea Proiectului „Programul de dezvoltare integrată a agriculturii și irigațiilor – (iDRIP)”,Grant,AFD,,legis.md,,https://www.legis.md/cautare/getResults?doc_id=154380&lang=ro
HG251/2026,13.05.2026,Hotărâre,Hotărâre cu privire la aprobarea semnării Acordului de facilitate de credit dintre Republica Moldova și Agenția Franceză de Dezvoltare pentru realizarea Proiectului „Programul de dezvoltare integrată a agriculturii și irigațiilor – (iDRIP)”,Împrumut,AFD,,legis.md,,https://www.legis.md/cautare/getResults?doc_id=154378&lang=ro
HG238/2026,06.05.2026,Hotărâre,"Hotărâre cu privire la inițierea negocierilor și aprobarea semnării Înțelegerii, întocmite prin schimb de note, dintre Guvernul Republicii Moldova și Guvernul Republicii Federale Germania privind cooperarea tehnică pentru detașarea unui expert german în cadrul Cabinetului viceprim-ministrului pentru integrare europeană al Republicii Moldova",Grant,Germania,,legis.md,,https://www.legis.md/cautare/getResults?doc_id=154246&lang=ro
OMAIA53/2026,29.04.2026,Ordin,"Ordin cu privire la semnarea şi intrarea în vigoare a Memorandumului de Înţelegere privind Cooperarea în domeniul Agriculturii Inteligente din punct de vedere Climatic şi al Sistemelor Alimentare Durabile între Ministerul Agriculturii şi Industriei Alimentare al Republicii Moldova şi Ministerul Agriculturii, Naturii şi Calităţii Alimentelor al Regatului Ţărilor de Jos",Asistență tehnică,Olanda,,legis.md,,https://www.legis.md/cautare/getResults?doc_id=154308&lang=ro
HG215/2026,29.04.2026,Hotărâre,Hotărâre cu privire la inițierea negocierilor asupra proiectului Acordului de împrumut dintre Republica Moldova și Banca Internațională pentru Reconstrucție și Dezvoltare în vederea realizării Programului de operațiuni pentru politici de creștere rezilientă programatică a Republicii Moldova și acordarea împuternicirilor pentru negocierea acestuia,Împrumut,BIRD,,legis.md,,https://www.legis.md/cautare/getResults?doc_id=154161&lang=ro
OMMPS98/2026,15.04.2026,Ordin,"Ordin cu privire la aducerea la cunoștința publică și intrarea în vigoare a Amendamentului nr. 1 la Memorandumul de înțelegere dintre Ministerul Muncii și Protecției Sociale al Republicii Moldova, Ministerul Muncii și Aspectelor Sociale al Republicii Cehe și Agenția Cehă pentru Dezvoltare privind implementarea Proiectului „Sprijin pentru implementarea reformei RESTART în Republica Moldova”, în cadrul cooperării pentru dezvoltare dintre Republica Cehă și Republica Moldova, semnat la Chișinău la 19 martie 2026 și la Praga la 23 martie 2026",Asistență tehnică,Cehia,19.03.2026,legis.md,,https://www.legis.md/cautare/getResults?doc_id=154195&lang=ro
HG166/2026,08.04.2026,Hotărâre,"Hotărâre pentru aprobarea Amendamentului nr. 1 la Memorandumul de înțelegere dintre Ministerul Muncii și Protecției Sociale al Republicii Moldova, Ministerul Muncii și Aspectelor Sociale al Republicii Cehe și Agenția Cehă pentru Dezvoltare privind implementarea Proiectului „Sprijin pentru implementarea reformei RESTART în Republica Moldova”, în cadrul cooperării pentru dezvoltare dintre Republica Cehă și Republica Moldova, semnat la Chișinău la 19 martie 2026 și la Praga la 23 martie 2026",Asistență tehnică,Cehia,19.03.2026,legis.md,,https://www.legis.md/cautare/getResults?doc_id=153876&lang=ro
HG132/2026,25.03.2026,Hotărâre,"Hotărâre cu privire la inițierea negocierilor și aprobarea semnării Înțelegerii, întocmite prin schimb de note, dintre Guvernul Republicii Moldova și Guvernul Republicii Federale Germania privind cooperarea tehnică pentru finanțarea proiectelor „Facilitarea aderării la UE prin coordonare și angajament în Moldova (FACE)”, „Economie rezilientă, inovatoare și durabilă în Moldova (RISE)”, „Servicii publice puternice pentru comunele din Moldova (SPS)” și „Consolidarea infrastructurii de calitate pentru aderarea la UE și competitivitate”",Asistență tehnică,Germania,,legis.md,,https://www.legis.md/cautare/getResults?doc_id=153642&lang=ro
HG115/2026,18.03.2026,Hotărâre,"Hotărâre cu privire la aprobarea semnării Amendamentului nr. 1 la Memorandumul de înțelegere dintre Ministerul Muncii și Protecției Sociale al Republicii Moldova, Ministerul Muncii și Aspectelor Sociale al Republicii Cehe și Agenția Cehă pentru Dezvoltare privind implementarea Proiectului „Sprijin pentru implementarea reformei RESTART în Republica Moldova” în cadrul cooperării pentru dezvoltare dintre Republica Cehă și Republica Moldova, semnat la 15 octombrie 2025",Asistență tehnică,Cehia,15.10.2025,legis.md,,https://www.legis.md/cautare/getResults?doc_id=153524&lang=ro
OMMPS73/2026,16.03.2026,Ordin,Ordin cu privire la semnarea și intrarea în vigoare a Acordului pentru proiectul de cooperare și finanțare dintre Federația Internațională a Societăților de Cruce Roșie și Semilună Roșie (FICR) și Ministerul Muncii și Protecției Sociale al Republicii Moldova privind Proiectul „Sprijin pentru funcționarea centrelor de plasament temporar pentru refugiați și acordarea asistenței în sezonul rece în Republica Moldova”,Grant,FICR,,legis.md,,https://www.legis.md/cautare/getResults?doc_id=153901&lang=ro
HG90/2026,04.03.2026,Hotărâre,"Hotărâre cu privire la aprobarea Acordului pentru proiectul de cooperare și finanțare dintre Federația Internațională a Societăților de Cruce Roșie și Semilună Roșie (FICR) și Ministerul Muncii și Protecției Sociale al Republicii Moldova privind Proiectul „Sprijin pentru funcționarea centrelor de plasament temporar pentru refugiați și acordarea asistenței în sezonul rece în Republica Moldova”, semnat la 2 martie 2026",Grant,FICR,02.03.2026,legis.md,,https://www.legis.md/cautare/getResults?doc_id=153328&lang=ro
HG87/2026,04.03.2026,Hotărâre,Hotărâre cu privire la aprobarea semnării Acordului de grant dintre Guvernul Republicii Moldova și Agenția Japoneză pentru Cooperare Internațională pentru Proiectul „Îmbunătățirea echipamentelor de producție a programelor de televiziune la Instituția Publică Compania «Teleradio-Moldova»”,Grant,JICA,,legis.md,,https://www.legis.md/cautare/getResults?doc_id=153323&lang=ro
HG85/2026,04.03.2026,Hotărâre,Hotărâre cu privire la inițierea negocierilor asupra proiectului Acordului de facilitate de credit dintre Republica Moldova și Agenția Franceză de Dezvoltare pentru realizarea Proiectului „Programul de dezvoltare integrată a agriculturii și irigațiilor – (iDRIP)” și acordarea împuternicirilor pentru negocierea acestuia,Împrumut,AFD,,legis.md,,https://www.legis.md/cautare/getResults?doc_id=153320&lang=ro
DP552/2026,27.02.2026,Decret,"Decret cu privire la promulgarea Legii pentru ratificarea Înțelegerii, întocmită prin schimb de note, dintre Guvernul Republicii Moldova și Guvernul Japoniei privind cooperarea tehnică pentru finanțarea proiectului „Îmbunătățirea echipamentelor de producție a programelor de televiziune la Instituția PublicăCompania «Teleradio-Moldova»”",Asistență tehnică,Japonia,,legis.md,,https://www.legis.md/cautare/getResults?doc_id=153304&lang=ro
HG80/2026,25.02.2026,Hotărâre,Hotărâre cu privire la aprobarea semnării Acordului pentru proiectul de cooperare și finanțare dintre Federația Internațională a Societăților de Cruce Roșie și Semilună Roșie (FICR) și Ministerul Muncii și Protecției Sociale al Republicii Moldova privind Proiectul „Sprijin pentru funcționarea centrelor de plasament temporar pentru refugiați și acordarea asistenței în sezonul rece în Republica Moldova”,Grant,FICR,,legis.md,,https://www.legis.md/cautare/getResults?doc_id=153164&lang=ro
LP11/2026,19.02.2026,Lege,"Lege pentru ratificarea Înțelegerii, întocmită prin schimb de note, dintre Guvernul Republicii Moldova și Guvernul Japoniei privind cooperarea tehnică pentru finanțarea proiectului „Îmbunătățirea echipamentelor de producție a programelor de televiziune la Instituția Publică Compania «Teleradio-Moldova»”",Asistență tehnică,Japonia,,legis.md,,https://www.legis.md/cautare/getResults?doc_id=153307&lang=ro
OMM23/2026,04.02.2026,Ordin,"Ordin cu privire la aducerea la cunoștința publică a datei intrării în vigoare a Acordului de grant dintre Republica Moldova și Banca Internațională pentru Reconstrucție și Dezvoltare, acționând în calitate de entitate de implementare a Fondului Global de Mediu, pentru implementarea Proiectului „Restaurarea ecosistemelor pentru prevenirea poluării marine”",Grant,BIRD,,legis.md,,https://www.legis.md/cautare/getResults?doc_id=153061&lang=ro
OMDED25/2026,29.01.2026,Ordin,Ordin cu privire la aducerea la cunoștința publică a datei intrării în vigoare a Acordului de grant dintre Instituția Publică Organizația pentru Dezvoltarea Antreprenoriatului și Agenția de Cooperare Internațională a Germaniei (GIZ) pentru proiectul „Întreprinderi și Comune Puternice pentru Moldova”,Grant,GIZ,,legis.md,,https://www.legis.md/cautare/getResults?doc_id=152886&lang=ro
HG15/2026,14.01.2026,Hotărâre,"Hotărâre cu privire la aprobarea proiectului de lege pentru ratificarea Înțelegerii, întocmite prin schimb de note, dintre Guvernul Republicii Moldova și Guvernul Japoniei privind cooperarea tehnică pentru finanțarea Proiectului „Îmbunătățirea echipamentelor de producție a programelor de televiziune la Instituția Publică Compania «Teleradio- Moldova»”, semnată la Chișinău la 4 decembrie 2025",Asistență tehnică,Japonia,04.12.2025,legis.md,,https://www.legis.md/cautare/getResults?doc_id=152563&lang=ro
HG14/2026,14.01.2026,Hotărâre,"Hotărâre pentru aprobarea Acordului de grant dintre Instituția Publică Organizația pentru Dezvoltarea Antreprenoriatului și Agenția de Cooperare Internațională a Germaniei (GIZ) pentru implementarea Proiectului „Întreprinderi și comune puternice pentru Moldova”, semnat la Chișinău la 30 decembrie 2025",Grant,GIZ,30.12.2025,legis.md,,https://www.legis.md/cautare/getResults?doc_id=152562&lang=ro
HG819/2025,29.12.2025,Hotărâre,Hotărâre cu privire la aprobarea semnării Acordului de grant dintre Instituția Publică Organizația pentru Dezvoltarea Antreprenoriatului și Agenția de Cooperare Internațională a Germaniei pentru implementarea Proiectului „Întreprinderi și comune puternice pentru Moldova”,Grant,GIZ,,legis.md,,https://www.legis.md/cautare/getResults?doc_id=152294&lang=ro
OMDED182/2025,26.12.2025,Ordin,Ordin cu privire la aducerea la cunoștința publică a datei intrării în vigoare a Acordului de grant dintre Instituția Publică Organizația pentru Dezvoltarea Antreprenoriatului și Agenția Executivă pentru Consiliul European pentru Inovare și IMM-uri în vederea implementării proiectului „REC4SMEs – Sprijinirea IMM- urilor prin Comunități de Energie Regenerabilă pentru un viitor durabil”,Grant,UE,,legis.md,,https://www.legis.md/cautare/getResults?doc_id=152330&lang=ro
HG799/2025,23.12.2025,Hotărâre,"Hotărâre cu privire la inițierea negocierilor și aprobarea semnării Amendamentului nr. 1 la Acordul de finanțare dintre Guvernul Republicii Moldova și Comisia Europeană privind Programul „Sprijin pentru integrarea în UE”, semnat la Chișinău la 28 noiembrie 2024",Grant,UE,28.11.2024,legis.md,,https://www.legis.md/cautare/getResults?doc_id=152164&lang=ro
HG777/2025,17.12.2025,Hotărâre,"Hotărâre cu privire la inițierea negocierilor și aprobarea semnării Acordului de modificare nr. 1 la Acordul de împrumut dintre Republica Moldova şi Banca Europeană pentru Reconstrucție şi Dezvoltare privind realizarea Proiectului V de reabilitare a drumurilor din Moldova, semnat la Londra la 22 ianuarie 2024",Împrumut,BERD,22.01.2024,legis.md,,https://www.legis.md/cautare/getResults?doc_id=152071&lang=ro
HG776/2025,17.12.2025,Hotărâre,"Hotărâre privind aprobarea Acordului de grant dintre Instituția Publică Organizația pentru Dezvoltarea Antreprenoriatului și Agenția Executivă pentru Consiliul European pentru Inovare și IMM-uri în vederea implementării proiectului „REC4SMEs – Sprijinirea IMM-urilor prin Comunități de Energie Regenerabilă pentru un viitor durabil”, semnat la Chișinău la 28 noiembrie 2025 și la Bruxelles la 3 decembrie 2025",Grant,UE,28.11.2025,legis.md,,https://www.legis.md/cautare/getResults?doc_id=152070&lang=ro
HG744/2025,03.12.2025,Hotărâre,"Hotărâre cu privire la inițierea negocierilor și aprobarea semnării Înțelegerii, întocmite prin schimb de note, dintre Guvernul Republicii Moldova și Guvernul Japoniei privind cooperarea tehnică pentru finanțarea Proiectului „Îmbunătățirea echipamentelor de producție a programelor de televiziune la Instituția Publică Compania «Teleradio-Moldova»”",Asistență tehnică,Japonia,,legis.md,,https://www.legis.md/cautare/getResults?doc_id=151813&lang=ro
DP455/2025,28.11.2025,Decret,Decret cu privire la promulgarea Legii pentru ratificarea Acordului de facilitate de credit dintre Republica Moldova și Agenția Franceză pentru Dezvoltare nr. CMD 1016 01 G în vederea implementării proiectului „Programul pentru tranziția energetică verde”,Împrumut,AFD,,legis.md,,https://www.legis.md/cautare/getResults?doc_id=151797&lang=ro
LP292/2025,27.11.2025,Lege,Lege pentru ratificarea Acordului de facilitate de credit dintre Republica Moldova și Agenția Franceză pentru Dezvoltare nr. CMD 1016 01 G în vederea implementării proiectului „Programul pentru tranziția energetică verde”,Împrumut,AFD,,legis.md,,https://www.legis.md/cautare/getResults?doc_id=151798&lang=ro
HG737/2025,26.11.2025,Hotărâre,Hotărâre cu privire la aprobarea semnării Acordului de grant dintre Instituția Publică Organizația pentru Dezvoltarea Antreprenoriatului și Agenția Executivă pentru Consiliul European pentru Inovare și IMM-uri în vederea implementării proiectului „REC4SMEs – Sprijinirea IMM-urilor prin Comunități de Energie Regenerabilă pentru un viitor durabil”,Grant,UE,,legis.md,,https://www.legis.md/cautare/getResults?doc_id=151743&lang=ro
HG703/2025,05.11.2025,Hotărâre,"Hotărâre cu privire la aprobarea proiectului de lege pentru ratificarea Acordului de facilitate de credit dintre Republica Moldova și Agenția Franceză pentru Dezvoltare nr. CMD 1016 01 G „Programul pentru tranziția energetică verde”, semnat la 11 august 2025",Împrumut,AFD,11.08.2025,legis.md,,https://www.legis.md/cautare/getResults?doc_id=151510&lang=ro
OMDED151/2025,28.10.2025,Ordin,Ordin cu privire la aducerea la cunoștința publică a datei intrării în vigoare a Memorandumului de înțelegere între Organizația pentru Dezvoltarea Antreprenoriatului (ODA) și Agenția Japoneză de Cooperare Internațională (JICA) privind consultanța în domeniul promovării IMM-urilor,Asistență tehnică,JICA,,legis.md,,https://www.legis.md/cautare/getResults?doc_id=151654&lang=ro
OMMPS268/2025,24.10.2025,Ordin,"Ordin cu privire la semnarea și intrarea în vigoare a Amendamentului nr. 6 la Acordul de cooperare și finanțare, încheiat cu Federația Internațională a Societăților de Cruce Roșie și Semilună Roșie (FICR)",Grant,FICR,,legis.md,,https://www.legis.md/cautare/getResults?doc_id=151670&lang=ro
OMMPS264/2025,16.10.2025,Ordin,"Ordin cu privire la semnarea și intrarea în vigoare a Memorandumului de Înțelegere între Ministerul Muncii și Protecției Sociale al Republicii Moldova, Ministerul Muncii și Aspectelor Sociale al Republicii Cehe și Agenția Cehă pentru Dezvoltare privind implementarea proiectului „Suport pentru implementarea reformei RESTART în Republica Moldova”",Asistență tehnică,Cehia,,legis.md,,https://www.legis.md/cautare/getResults?doc_id=151668&lang=ro
OMDED116/2025,04.09.2025,Ordin,"Ordin cu privire la aducerea la cunoștința publică a datei intrării în vigoare a Acordului de Grant pentru proiectul „Facilitarea dezvoltării IMM-urilor din Moldova, faza II”, dintre Banca Germană de Dezvoltare „Kreditanstalt für Wiederaufbau (KfW), Ministerul Dezvoltării Economice și Digitalizării și Organizația pentru Dezvoltarea Antreprenoriatului",Grant,KfW,,legis.md,,https://www.legis.md/cautare/getResults?doc_id=151007&lang=ro
HG574/2025,03.09.2025,Hotărâre,Hotărâre cu privire la inițierea negocierilor și aprobarea semnării Acordului dintre Ministerul Justiției al Republicii Moldova și Agenția Elvețiană pentru Dezvoltare și Cooperare privind prima fază a Proiectului „Sprijinirea Republicii Moldova în confiscarea și recuperarea bunurilor infracționale (CRESTA)”,Grant,Elveția,,legis.md,,https://www.legis.md/cautare/getResults?doc_id=150545&lang=ro
HG573/2025,03.09.2025,Hotărâre,"Hotărâre cu privire la aprobarea semnării Acordului de grant dintre Republica Moldova și Banca Internațională pentru Reconstrucție și Dezvoltare, acționând în calitate de entitate de implementare a Fondului Global de Mediu, pentru implementarea Proiectului „Restaurarea ecosistemelor pentru prevenirea poluării marine”",Grant,BIRD,,legis.md,,https://www.legis.md/cautare/getResults?doc_id=150544&lang=ro
HG572/2025,03.09.2025,Hotărâre,Hotărâre cu privire la inițierea negocierilor și aprobarea semnării Acordului de finanțare dintre Guvernul Republicii Moldova și Comisia Europeană privind Planul de acțiuni multianual pentru perioada 2025-2027,Grant,UE,,legis.md,,https://www.legis.md/cautare/getResults?doc_id=150542&lang=ro
HG512/2025,20.08.2025,Hotărâre,Hotărâre cu privire la aprobarea semnării Acordului de grant dintre Republica Moldova și Banca Internațională pentru Reconstrucție și Dezvoltare privind cofinanțarea Proiectului „Modernizarea și îmbunătățirea serviciilor de reabilitare”,Grant,BIRD,,legis.md,,https://www.legis.md/cautare/getResults?doc_id=150272&lang=ro
OMM120/2025,19.08.2025,Ordin,Ordin cu privire la aducerea la cunoștința publică a datei intrării în vigoare a Acordului de modificare la Acordul de grant dintre Ministerul Mediului și Swedfund International AB,Grant,Suedia,,legis.md,,https://www.legis.md/cautare/getResults?doc_id=150527&lang=ro
OMS737/2025,15.08.2025,Ordin,"Ordin cu privire la semпarea și iпtrarea în vigoare а Memorandumului de înțelegere dintre Ministerul Sănătății al Republicii Moldova, Ministerul Muncii și Protecției Sociale al Republicii Moldova și Agenția Elvețiană pentru Dezvoltare și Cooperare privind a treia fază a Proiectului „Reducerea poverii bolilor netransmisibile”",Asistență tehnică,Elveția,,legis.md,,https://www.legis.md/cautare/getResults?doc_id=150601&lang=ro
HG495/2025,06.08.2025,Hotărâre,Hotărâre cu privire la aprobarea semnării Acordului de facilitate de credit dintre Republica Moldova și Agenția Franceză pentru Dezvoltare nr. CMD 1016 01 G „Programul pentru tranziția energetică verde”,Împrumut,AFD,,legis.md,,https://www.legis.md/cautare/getResults?doc_id=150018&lang=ro
OMMPS171/2025,29.07.2025,Ordin,Ordin cu privire la semnarea și intrarea în vigoare a Acordului de Asistență Tehnică încheiat între Programul Alimentar Mondial (PAM) și Ministerul Muncii și Protecției Sociale pentru localizarea și implementarea programului pentru gospodării gazdă pentru refugiați și consolidarea protecției sociale reactive la șocuri în cadrul Planului Strategic Interimar pe Țară al PAM (2024–2026) în Republica Moldova,Asistență tehnică,PAM,,legis.md,,https://www.legis.md/cautare/getResults?doc_id=150234&lang=ro
HG471/2025,21.07.2025,Hotărâre,Hotărâre cu privire la inițierea negocierilor asupra proiectului Acordului de facilitate de credit dintre Republica Moldova și Agenția Franceză pentru Dezvoltare nr. CMD 1016 01 G „Programul pentru tranziția energetică verde” și acordarea împuternicirilor pentru negocierea acestuia,Împrumut,AFD,,legis.md,,https://www.legis.md/cautare/getResults?doc_id=149642&lang=ro
HG469/2025,21.07.2025,Hotărâre,"Hotărâre cu privire la inițierea negocierilor și aprobarea semnării Amendamentului nr. 2 la Acordul de finanțare dintre Guvernul Republicii Moldova și Uniunea Europeană privind Facilitatea de cooperare tehnică 2016, semnat la Chișinău la 21 iulie 2017",Asistență tehnică,UE,21.07.2017,legis.md,,https://www.legis.md/cautare/getResults?doc_id=149639&lang=ro
DP324/2025,17.07.2025,Decret,"Decret privind promulgarea Legii pentru ratificarea Amendamentului la Acordul de împrumut dintre Republica Moldova şi Banca Internațională pentru Reconstrucție și Dezvoltare pentru realizarea proiectului „Investiții pentru Guvernanță, Creștere și Reziliență în Agricultură (AGGRI)”",Împrumut,BIRD,,legis.md,,https://www.legis.md/cautare/getResults?doc_id=149638&lang=ro
DP316/2025,17.07.2025,Decret,"Decret privind promulgarea Legii pentru ratificarea Contractului de finanțare dintre Republica Moldova, SA „Termoelectrica” și Banca Europeană de Investiții privind realizarea proiectului „Optimizarea sistemului de alimentare centralizată cu energie termică din municipiul Chișinău”",Împrumut,BEI,,legis.md,,https://www.legis.md/cautare/getResults?doc_id=149616&lang=ro
DP315/2025,17.07.2025,Decret,Decret cu privire la promulgarea Legii pentru ratificarea Acordului de modificare nr. 1 la Contractul de finanțare dintre Republica Moldova și Banca Europeană de Investiții pentru suplinirea și realizarea în continuare a proiectului „Moldova drumuri III”,Împrumut,BEI,,legis.md,,https://www.legis.md/cautare/getResults?doc_id=149620&lang=ro
DP314/2025,17.07.2025,Decret,Decret privind promulgarea Legii pentru ratificarea Amendamentului nr. 1 la Acordul de grant dintre Republica Moldova şi Banca Europeană de Investiții în vederea realizării proiectului „Eficiența energetică în Republica Moldova”,Grant,BEI,,legis.md,,https://www.legis.md/cautare/getResults?doc_id=149622&lang=ro
DP310/2025,16.07.2025,Decret,Decret cu privire la promulgarea Legii pentru ratificarea Acordului de împrumut dintre Guvernul Republicii Moldova și Guvernul Regatului Belgiei pentru realizarea proiectului „Aprovizionarea descentralizată cu apă potabilă pentru Moldova”,Împrumut,Belgia,,legis.md,,https://www.legis.md/cautare/getResults?doc_id=149651&lang=ro
DP309/2025,16.07.2025,Decret,Decret cu privire la promulgarea Legii pentru ratificarea Acordului de finanțare dintre Republica Moldova și Asociația Internațională pentru Dezvoltare în vederea realizării Programului „Operațiunea politică de dezvoltare pentru sprijinirea oportunităților economice și a tranziției climatice”,Împrumut,AID,,legis.md,,https://www.legis.md/cautare/getResults?doc_id=149647&lang=ro
DP308/2025,16.07.2025,Decret,Decret cu privire la promulgarea Legii pentru ratificarea Acordului de împrumut dintre Republica Moldova și Banca Internațională pentru Reconstrucție și Dezvoltare în vederea realizării Programului „Operațiunea politică de dezvoltare pentru sprijinirea oportunităților economice și a tranziției climatice”,Împrumut,BIRD,,legis.md,,https://www.legis.md/cautare/getResults?doc_id=149649&lang=ro
DP307/2025,16.07.2025,Decret,Decret cu privire la promulgarea Legii pentru ratificarea Contractului de finanțare dintre Republica Moldova și Banca Europeană de Investiții privind implementarea proiectului „Spitalele regionale din Republica Moldova”,Împrumut,BEI,,legis.md,,https://www.legis.md/cautare/getResults?doc_id=149643&lang=ro
OP357/2025,15.07.2025,Ordin,Ordin cu privire la Acordul între Parlamentul Republicii Moldova și Agenția Elvețiană pentru Dezvoltare și Cooperare privind prima fază a proiectului „Consolidarea Democrației Parlamentare în Moldova (PADEM)” 7F-09960.01,Grant,Elveția,,legis.md,,https://www.legis.md/cautare/getResults?doc_id=149590&lang=ro
DP298/2025,15.07.2025,Decret,Decret cu privire la promulgarea Legii pentru ratificarea Acordului de modificare nr. 4 la Acordul de împrumut dintre Republica Moldova și Banca Europeană pentru Reconstrucție și Dezvoltare privind realizarea lucrărilor de construcție și reabilitare a drumurilor în Republica Moldova,Împrumut,BERD,,legis.md,,https://www.legis.md/cautare/getResults?doc_id=149582&lang=ro
DP296/2025,15.07.2025,Decret,Decret privind promulgarea Legii pentru ratificarea Amendamentului nr. 1 la Contractul de finanțare dintre Republica Moldova și Banca Europeană de Investiții pentru realizarea proiectului „Eficiența energetică în Republica Moldova”,Împrumut,BEI,,legis.md,,https://www.legis.md/cautare/getResults?doc_id=149587&lang=ro
LP234/2025,10.07.2025,Lege,Lege pentru ratificarea Acordului de împrumut dintre Guvernul Republicii Moldova și Guvernul Regatului Belgiei pentru realizarea proiectului „Aprovizionarea descentralizată cu apă potabilă pentru Moldova”,Împrumut,Belgia,,legis.md,,https://www.legis.md/cautare/getResults?doc_id=149652&lang=ro
LP226/2025,10.07.2025,Lege,Lege pentru ratificarea Acordului de împrumut dintre Republica Moldova și Banca Internațională pentru Reconstrucție și Dezvoltare în vederea realizării Programului „Operațiunea politică de dezvoltare pentru sprijinirea oportunităților economice și a tranziției climatice”,Împrumut,BIRD,,legis.md,,https://www.legis.md/cautare/getResults?doc_id=149650&lang=ro
LP225/2025,10.07.2025,Lege,Lege pentru ratificarea Acordului de finanțare dintre Republica Moldova și Asociația Internațională pentru Dezvoltare în vederea realizării Programului „Operațiunea politică de dezvoltare pentru sprijinirea oportunităților economice și a tranziției climatice”,Împrumut,AID,,legis.md,,https://www.legis.md/cautare/getResults?doc_id=149648&lang=ro
LP219/2025,10.07.2025,Lege,Lege pentru ratificarea Contractului de finanțare dintre Republica Moldova și Banca Europeană de Investiții privind implementarea proiectului „Spitalele regionale din Republica Moldova”,Împrumut,BEI,,legis.md,,https://www.legis.md/cautare/getResults?doc_id=149646&lang=ro
LP213/2025,10.07.2025,Lege,Lege pentru ratificarea Amendamentului nr. 1 la Acordul de grant dintre Republica Moldova și Banca Europeană de Investiții în vederea realizării proiectului „Eficiența energetică în Republica Moldova”,Grant,BEI,,legis.md,,https://www.legis.md/cautare/getResults?doc_id=149623&lang=ro
LP212/2025,10.07.2025,Lege,Lege pentru ratificarea Acordului de modificare nr. 1 la Contractul de finanțare dintre Republica Moldova și Banca Europeană de Investiții pentru suplinirea și realizarea în continuare a proiectului „Moldova drumuri III”,Împrumut,BEI,,legis.md,,https://www.legis.md/cautare/getResults?doc_id=149621&lang=ro
LP211/2025,10.07.2025,Lege,"Lege pentru ratificarea Amendamentului la Acordul de împrumut dintre Republica Moldova și Banca Internațională pentru Reconstrucție și Dezvoltare pentru realizarea proiectului „Investiții pentru Guvernanță, Creștere și Reziliență în Agricultură (AGGRI)”",Împrumut,BIRD,,legis.md,,https://www.legis.md/cautare/getResults?doc_id=149641&lang=ro
LP203/2025,10.07.2025,Lege,"Lege pentru ratificarea Contractului de finanțare dintre Republica Moldova, SA „Termoelectrica” și Banca Europeană de Investiții privind realizarea proiectului „Optimizarea sistemului de alimentare centralizată cu energie termică din municipiul Chișinău”",Împrumut,BEI,,legis.md,,https://www.legis.md/cautare/getResults?doc_id=149617&lang=ro
LP202/2025,10.07.2025,Lege,Lege pentru ratificarea Amendamentului nr. 1 la Contractul de finanțare dintre Republica Moldova și Banca Europeană de Investiții pentru realizarea proiectului „Eficiența energetică în Republica Moldova”,Împrumut,BEI,,legis.md,,https://www.legis.md/cautare/getResults?doc_id=149588&lang=ro
HG433/2025,09.07.2025,Hotărâre,"Hotărâre cu privire la aprobarea proiectului de lege pentru ratificarea Amendamentului nr. 1, semnat la Chișinău la 4 iulie 2025, la Contractul de finanțare dintre Republica Moldova și Banca Europeană de Investiții pentru realizarea Proiectului „Eficiența energetică în Republica Moldova”, în sumă de 30 de milioane de euro, semnat la Chișinău la 10 decembrie 2021",Împrumut,BEI,04.07.2025,legis.md,,https://www.legis.md/cautare/getResults?doc_id=149428&lang=ro
HG432/2025,09.07.2025,Hotărâre,"Hotărâre cu privire la aprobarea proiectului de lege pentru ratificarea Amendamentului nr. 1, semnat la Chișinău la 7 iulie 2025, la Acordul de grant dintre Republica Moldova și Banca Europeană de Investiții în vederea realizării Proiectului „Eficiența energetică în Republica Moldova”, semnat la Chișinău la 13 septembrie 2022",Grant,BEI,07.07.2025,legis.md,,https://www.legis.md/cautare/getResults?doc_id=149427&lang=ro
HG431/2025,09.07.2025,Hotărâre,"Hotărâre cu privire la aprobarea proiectului de lege pentru ratificarea Acordului de modificare nr. 1, semnat la 4 iulie 2025, la Contractul de finanțare dintre Republica Moldova și Banca Europeană de Investiții pentru suplinirea și realizarea în continuare a proiectului „Moldova drumuri III”",Împrumut,BEI,04.07.2025,legis.md,,https://www.legis.md/cautare/getResults?doc_id=149426&lang=ro
HG430/2025,09.07.2025,Hotărâre,"Hotărâre cu privire la aprobarea proiectului de lege pentru ratificarea Contractului de finanțare dintre Republica Moldova și Banca Europeană de Investiții privind realizarea Proiectului „Optimizarea sistemului de alimentare centralizată cu energie termică din mun. Chișinău”, semnat la Chișinău la 3 iulie 2025",Împrumut,BEI,03.07.2025,legis.md,,https://www.legis.md/cautare/getResults?doc_id=149425&lang=ro
HG429/2025,09.07.2025,Hotărâre,"Hotărâre cu privire la aprobarea proiectului de lege pentru ratificarea Contractului de finanțare dintre Republica Moldova și Banca Europeană de Investiții privind implementarea Proiectului „Spitalele regionale din Republica Moldova”, semnat la Chișinău la 8 iulie 2025",Împrumut,BEI,08.07.2025,legis.md,,https://www.legis.md/cautare/getResults?doc_id=149424&lang=ro
HG427/2025,09.07.2025,Hotărâre,"Hotărâre pentru aprobarea proiectului de lege pentru ratificarea Amendamentului, semnat la Chișinău la 3 iulie 2025, la Acordul de împrumut dintre Republica Moldova și Banca Internațională pentru Reconstrucție și Dezvoltare pentru realizarea Proiectului „Investiții pentru Guvernanță, Creștere și Reziliență în Agricultură (AGGRI)”, semnat la Chișinău la 5 iunie 2023",Împrumut,BIRD,03.07.2025,legis.md,,https://www.legis.md/cautare/getResults?doc_id=149422&lang=ro
HG425/2025,09.07.2025,Hotărâre,Hotărâre cu privire la aprobarea semnării Acordului de grant dintre Republica Moldova și Banca de Dezvoltare a Consiliului Europei „Eficiența energetică în infrastructura educațională”,Grant,CEB,,legis.md,,https://www.legis.md/cautare/getResults?doc_id=149420&lang=ro
OMM100/2025,04.07.2025,Ordin,Ordin cu privire la aducerea la cunoștința publică a datei intrării în vigoare a Acordului de cooperare între Banca Europeană de Investiții și Republica Moldova cu privire la servicii de consultanță pentru sprijinirea pregătirii proiectelor de gestionare integrată a deșeurilor în două regiuni din Moldova (regiunile 4 și 7),Asistență tehnică,BEI,,legis.md,,https://www.legis.md/cautare/getResults?doc_id=150526&lang=ro
DP286/2025,04.07.2025,Decret,Decret privind inițierea negocierilor și aprobarea semnării Amendamentului nr. 1 la Acordul de grant dintre Republica Moldova și Banca Europeană de Investiții în vederea realizării Proiectului „Eficiența energetică în Republica Moldova”,Grant,BEI,,legis.md,,https://www.legis.md/cautare/getResults?doc_id=149391&lang=ro
LP184/2025,03.07.2025,Lege,Lege pentru ratificarea Acordului de modificare nr. 4 la Acordul de împrumut dintre Republica Moldova şi Banca Europeană pentru Reconstrucție şi Dezvoltare privind realizarea lucrărilor de construcție şi reabilitare a drumurilor în Republica Moldova,Împrumut,BERD,,legis.md,,https://www.legis.md/cautare/getResults?doc_id=149583&lang=ro
HG412/2025,02.07.2025,Hotărâre,Hotărâre cu privire la aprobarea semnării Contractului de finanțare dintre Republica Moldova și Banca Europeană de Investiții privind implementarea proiectului „Spitalele regionale din Republica Moldova”,Împrumut,BEI,,legis.md,,https://www.legis.md/cautare/getResults?doc_id=149313&lang=ro
HG411/2025,02.07.2025,Hotărâre,"Hotărâre cu privire la aprobarea proiectului de lege pentru ratificarea Acordului de modificare nr. 4, semnat la Chișinău la 26 iunie 2025, la Acordul de împrumut dintre Republica Moldova şi Banca Europeană pentru Reconstrucție şi Dezvoltare privind realizarea lucrărilor de construcție şi reabilitare a drumurilor în Republica Moldova, semnat la Chișinău la 28 iunie 2013",Împrumut,BERD,26.06.2025,legis.md,,https://www.legis.md/cautare/getResults?doc_id=149312&lang=ro
HG410/2025,02.07.2025,Hotărâre,"Hotărâre cu privire la inițierea negocierilor și aprobarea semnării Amendamentului la Acordul de împrumut dintre Republica Moldova și Banca Internațională pentru Reconstrucție și Dezvoltare pentru realizarea proiectului „Investiții pentru Guvernanță, Creștere și Reziliență în Agricultură (AGGRI)”, semnat la Chișinău la 5 iunie 2023",Împrumut,BIRD,05.06.2023,legis.md,,https://www.legis.md/cautare/getResults?doc_id=149310&lang=ro
HG409/2025,02.07.2025,Hotărâre,"Hotărâre cu privire la inițierea negocierilor și aprobarea semnării Înțelegerii, întocmite prin schimb de note, dintre Guvernul Republicii Moldova și Guvernul Republicii Federale Germania privind cooperarea tehnică pentru finanțarea proiectelor „Sprijin pentru Integrarea în Uniunea Europeană”, „InfoTrustAlliance Moldova (ITA-M)”, „Sprijin în atenuarea impactului războiului pentru alimentare cu apă și canalizare în regiunea de graniță a Moldovei cu Ucraina (WASSER)”",Asistență tehnică,UE / Germania,,legis.md,,https://www.legis.md/cautare/getResults?doc_id=149309&lang=ro
HG408/2025,02.07.2025,Hotărâre,"Hotărâre cu privire la aprobarea proiectului de lege pentru ratificarea Acordului de împrumut dintre Guvernul Republicii Moldova și Guvernul Regatului Belgiei pentru realizarea Proiectului „Aprovizionarea descentralizată cu apă potabilă pentru Moldova”, întocmit la Chișinău la 23 iunie 2025",Împrumut,Belgia,,legis.md,,https://www.legis.md/cautare/getResults?doc_id=149308&lang=ro
HG407/2025,02.07.2025,Hotărâre,Hotărâre cu privire la inițierea negocierilor și aprobarea semnării Acordului de modificare nr. 1 la Contractul de finanțare dintre Republica Moldova şi Banca Europeană de Investiții pentru suplinirea și realizarea în continuare a proiectului „Moldova drumuri III”,Împrumut,BEI,,legis.md,,https://www.legis.md/cautare/getResults?doc_id=149307&lang=ro
HG406/2025,02.07.2025,Hotărâre,Hotărâre cu privire la aprobarea semnării Contractului de finanțare dintre Republica Moldova și Banca Europeană de Investiții privind realizarea Proiectului „Optimizarea sistemului de alimentare centralizată cu energie termică din mun. Chișinău”,Împrumut,BEI,,legis.md,,https://www.legis.md/cautare/getResults?doc_id=149306&lang=ro
HG405/2025,02.07.2025,Hotărâre,"Hotărâre cu privire la inițierea negocierilor și aprobarea semnării Amendamentului nr. 1 la Contractul de finanțare dintre Republica Moldova și Banca Europeană de Investiții pentru realizarea Proiectului „Eficiența energetică în Republica Moldova”, în sumă de 30 de milioane de euro, semnat la Chișinău la 10 decembrie 2021",Împrumut,BEI,10.12.2021,legis.md,,https://www.legis.md/cautare/getResults?doc_id=149305&lang=ro
DP281/2025,02.07.2025,Decret,Decret cu privire la promulgarea Legii pentru ratificarea Acordului-cadru de împrumut dintre Banca de Dezvoltare a Consiliului Europei și Republica Moldova „Modernizarea școlilor (facilitatea de finanțare publică)”,Împrumut,CEB,,legis.md,,https://www.legis.md/cautare/getResults?doc_id=149384&lang=ro
DP276/2025,30.06.2025,Decret,"Decret pentru promulgarea Legii privind acordarea garanției de stat pentru împrumutul extern acordat Societății pe Acțiuni „Energocom” de către Banca Europeană pentru Reconstrucție și Dezvoltare, destinat realizării proiectului „Consolidarea securității energetice a Republicii Moldova”",Împrumut,BERD,,legis.md,,https://www.legis.md/cautare/getResults?doc_id=149317&lang=ro
DP273/2025,30.06.2025,Decret,Decret cu privire la promulgarea Legii pentru ratificarea Amendamentului nr. 2 la Contractul de finanțare dintre Republica Moldova și Banca Europeană de Investiții privind interconectarea electrică Moldova-România,Împrumut,BEI,,legis.md,,https://www.legis.md/cautare/getResults?doc_id=149324&lang=ro
DP272/2025,30.06.2025,Decret,"Decret privind promulgarea Legii pentru ratificarea Amendamentului nr. 1 la Acordul de grant dintre Ministerul Mediului al Republicii Moldova și Banca Europeană pentru Reconstrucție și Dezvoltare privind finanțarea asistenței tehnice, în sumă de 600000 de euro, în vederea realizării proiectului „Deșeuri solide în Republica Moldova”",Grant,BERD,,legis.md,,https://www.legis.md/cautare/getResults?doc_id=149315&lang=ro
LP166/2025,26.06.2025,Lege,Lege pentru ratificarea Amendamentului nr. 2 la Contractul de finanțare dintre Republica Moldova și Banca Europeană de Investiții privind interconectarea electrică Moldova–România,Împrumut,BEI,,legis.md,,https://www.legis.md/cautare/getResults?doc_id=149341&lang=ro
LP163/2025,26.06.2025,Lege,Lege pentru ratificarea Acordului-cadru de împrumut dintre Banca de Dezvoltare a Consiliului Europei și Republica Moldova „Modernizarea școlilor (facilitatea de finanțare publică)”,Împrumut,CEB,,legis.md,,https://www.legis.md/cautare/getResults?doc_id=149386&lang=ro
LP162/2025,26.06.2025,Lege,"Lege privind acordarea garanției de stat pentru împrumutul extern acordat Societății pe Acțiuni ”Energocom” de către Banca Europeană pentru Reconstrucție și Dezvoltare, destinat realizării proiectului ”Consolidarea securității energetice a Republicii Moldova”",Împrumut,BERD,,legis.md,,https://www.legis.md/cautare/getResults?doc_id=149318&lang=ro
LP161/2025,26.06.2025,Lege,"Lege pentru ratificarea Amendamentului nr. 1 la Acordul de grant dintre Ministerul Mediului al Republicii Moldova și Banca Europeană pentru Reconstrucție și Dezvoltare privind finanțarea asistenței tehnice, în sumă de 600000 de euro, în vederea realizării proiectului „Deșeuri solide în Republica Moldova”",Grant,BERD,,legis.md,,https://www.legis.md/cautare/getResults?doc_id=149316&lang=ro
DP259/2025,25.06.2025,Decret,"Decret privind promulgarea Legii pentru ratificarea Amendamentului nr. 1, încheiat prin schimb de scrisori, la Acordul de împrumut dintre Republica Moldova şi Banca Europeană pentru Reconstrucție și Dezvoltare în vederea realizării proiectului „Sistemul termoenergetic al municipiului Bălți (S.A. „CET-Nord”)”, faza II",Împrumut,BERD,,legis.md,,https://www.legis.md/cautare/getResults?doc_id=149229&lang=ro
DP258/2025,25.06.2025,Decret,Decret pentru promulgarea Legii privind ratificarea Acordului de împrumut (finanțarea suplimentară pentru Proiectul „Învățământul superior”) dintre Republica Moldova și Banca Internațională pentru Reconstrucție și Dezvoltare,Împrumut,BIRD,,legis.md,,https://www.legis.md/cautare/getResults?doc_id=149226&lang=ro
DP257/2025,25.06.2025,Decret,Decret privind promulgarea Legii pentru ratificarea Amendamentului nr. 3 la Acordul de finanțare (Proiectul „Învățământul superior”) dintre Republica Moldova și Asociația Internațională pentru Dezvoltare,Împrumut,AID,,legis.md,,https://www.legis.md/cautare/getResults?doc_id=149221&lang=ro
HG399/2025,24.06.2025,Hotărâre,Hotărâre cu privire la inițierea negocierilor și aprobarea semnării Amendamentului nr. 1 la Acordul de finanțare dintre Guvernul Republicii Moldova și Comisia Europeană privind Programul „UE pentru Reforme”,Grant,UE,,legis.md,,https://www.legis.md/cautare/getResults?doc_id=149161&lang=ro
HG398/2025,24.06.2025,Hotărâre,Hotărâre cu privire la inițierea negocierilor și aprobarea semnării Amendamentului nr. 1 la Acordul de finanțare dintre Guvernul Republicii Moldova și Comisia Europeană privind Programul „UE pentru redresare și reziliență”,Grant,UE,,legis.md,,https://www.legis.md/cautare/getResults?doc_id=149160&lang=ro
HG385/2025,24.06.2025,Hotărâre,"Hotărâre cu privire la aprobarea proiectului de lege pentru ratificarea Amendamentului nr. 2 la Contractul de finanțare dintre Republica Moldova și Banca Europeană de Investiții privind interconectarea electrică Moldova – România, semnat la Chișinău la 20 decembrie 2017",Împrumut,BEI,20.12.2017,legis.md,,https://www.legis.md/cautare/getResults?doc_id=149150&lang=ro
HG381/2025,24.06.2025,Hotărâre,Hotărâre cu privire la inițierea negocierilor asupra proiectului Contractului de finanțare dintre Republica Moldova și Banca Europeană de Investiții privind implementarea Proiectului „Spitalele regionale din Republica Moldova” și acordarea împuternicirilor delegației oficiale de negociatori,Împrumut,BEI,,legis.md,,https://www.legis.md/cautare/getResults?doc_id=149149&lang=ro
DP252/2025,20.06.2025,Decret,Decret pentru inițierea negocierilor şi aprobarea semnării Acordului de modificare nr. 4 la Acordul de împrumut între Republica Moldova şi Banca Europeană pentru Reconstrucție şi Dezvoltare privind realizarea lucrărilor de construcție şi reabilitare a drumurilor în Republica Moldova,Împrumut,BERD,,legis.md,,https://www.legis.md/cautare/getResults?doc_id=149127&lang=ro
LP150/2025,19.06.2025,Lege,"Lege pentru ratificarea Amendamentului nr. 1, încheiat prin schimb de scrisori, la Acordul de împrumut dintre Republica Moldova și Banca Europeană pentru Reconstrucție și Dezvoltare în vederea realizării proiectului „Sistemul termoenergetic al municipiului Bălți (S.A. „CET-Nord”)”, faza II",Împrumut,BERD,,legis.md,,https://www.legis.md/cautare/getResults?doc_id=149230&lang=ro
LP148/2025,19.06.2025,Lege,Lege privind ratificarea Acordului de împrumut (finanțarea suplimentară pentru Proiectul „Învățământul superior”) dintre Republica Moldova și Banca Internațională pentru Reconstrucție și Dezvoltare,Împrumut,BIRD,,legis.md,,https://www.legis.md/cautare/getResults?doc_id=149227&lang=ro
LP147/2025,19.06.2025,Lege,Lege pentru ratificarea Amendamentului nr. 3 la Acordul de finanțare (Proiectul „Învățământul superior”) dintre Republica Moldova și Asociația Internațională pentru Dezvoltare,Împrumut,AID,,legis.md,,https://www.legis.md/cautare/getResults?doc_id=149223&lang=ro
HG380/2025,18.06.2025,Hotărâre,Hotărâre cu privire la aprobarea semnării Acordului de împrumut dintre Guvernul Republicii Moldova și Guvernul Regatului Belgiei pentru realizarea Proiectului „Aprovizionarea descentralizată cu apă potabilă pentru Moldova”,Împrumut,Belgia,,legis.md,,https://www.legis.md/cautare/getResults?doc_id=149021&lang=ro
HG373/2025,18.06.2025,Hotărâre,"Hotărâre cu privire la aprobarea proiectului de lege pentru ratificarea Acordului de împrumut dintre Republica Moldova și Banca Internațională pentru Reconstrucție şi Dezvoltare în vederea realizării Programului „Operațiunea politica de dezvoltare pentru sprijinirea oportunităților economice și a tranziției climatice”, semnat la 28 mai 2025",Împrumut,BIRD,28.05.2025,legis.md,,https://www.legis.md/cautare/getResults?doc_id=149019&lang=ro
HG372/2025,18.06.2025,Hotărâre,"Hotărâre cu privire la aprobarea proiectului de lege pentru ratificarea Acordului de finanțare dintre Republica Moldova și Asociația Internațională pentru Dezvoltare în vederea realizării Programului „Operațiunea politica de dezvoltare pentru sprijinirea oportunităților economice și a tranziției climatice”, semnat la 28 mai 2025",Împrumut,AID,28.05.2025,legis.md,,https://www.legis.md/cautare/getResults?doc_id=149018&lang=ro
HG369/2025,18.06.2025,Hotărâre,"Hotărâre cu privire la aprobarea proiectului de lege pentru ratificarea Amendamentului nr. 1, semnat la Chișinău la 19 mai 2025, la Acordul de grant dintre Ministerul Mediului al Republicii Moldova și Banca Europeană pentru Reconstrucție și Dezvoltare privind finanțarea asistenței tehnice, în sumă de 600 000 de euro, în vederea realizării Proiectului „Deșeuri solide în Republica Moldova”, semnat la Chișinău la 20 decembrie 2023",Grant,BERD,19.05.2025,legis.md,,https://www.legis.md/cautare/getResults?doc_id=149015&lang=ro
HG363/2025,18.06.2025,Hotărâre,Hotărâre pentru inițierea negocierilor asupra proiectului Contractului de finanțare dintre Republica Moldova și Banca Europeană de Investiții privind realizarea Proiectului „Optimizarea sistemului de alimentare centralizată cu energie termică din mun. Chișinău” și acordarea împuternicirilor delegației pentru negocierea acestuia,Împrumut,BEI,,legis.md,,https://www.legis.md/cautare/getResults?doc_id=149006&lang=ro
HG362/2025,18.06.2025,Hotărâre,"Hotărâre cu privire la aprobarea proiectului de lege pentru ratificarea Acordului-cadru de împrumut dintre Republica Moldova și Banca de Dezvoltare a Consiliului Europei – Extinderea rețelei școlilor-model, încheiat la Paris la 5 iunie 2025 și la Chișinău la 10 iunie 2025",Împrumut,CEB,,legis.md,,https://www.legis.md/cautare/getResults?doc_id=149005&lang=ro
DP245/2025,18.06.2025,Decret,"Decret privind promulgarea Legii pentru ratificarea Amendamentului nr. 1 la Acordul de grant dintre Republica Moldova și Banca Europeană pentru Reconstrucție și Dezvoltare privind finanțarea proiectelor investiționale orientate spre dezvoltarea infrastructurii în domeniul managementului deșeurilor solide, în sumă de 4340000 de euro, în vederea realizării proiectului „Deșeuri solide în Republica Moldova”",Grant,BERD,,legis.md,,https://www.legis.md/cautare/getResults?doc_id=149014&lang=ro
LP138/2025,13.06.2025,Lege,"Lege pentru ratificarea Amendamentului nr. 1 la Acordul de grant dintre Republica Moldova și Banca Europeană pentru Reconstrucție și Dezvoltare privind finanțarea proiectelor investiționale orientate spre dezvoltarea infrastructurii în domeniul managementului deșeurilor solide, în sumă de 4340000 de euro, în vederea realizării proiectului „Deșeuri solide în Republica Moldova”",Grant,BERD,,legis.md,,https://www.legis.md/cautare/getResults?doc_id=149023&lang=ro
OMMPS138/2025,12.06.2025,Ordin,Ordin cu privire la semnarea și intrarea în vigoare a Amendamentului nr. 5 la Acordul de cooperare și finanțare încheiat cu Federația Internațională a Societăților de Cruce Roșie și Semilună Roșie (FICR),Grant,FICR,,legis.md,,https://www.legis.md/cautare/getResults?doc_id=149007&lang=ro
HG355/2025,11.06.2025,Hotărâre,"Hotărâre pentru inițierea negocierilor și aprobarea semnării Amendamentului nr. 2 la Contractul de finanțare între Republica Moldova și Banca Europeană de Investiții privind interconectarea electrică Moldova – România, semnat la 20 decembrie 2017",Împrumut,BEI,20.12.2017,legis.md,,https://www.legis.md/cautare/getResults?doc_id=148888&lang=ro
HG344/2025,11.06.2025,Hotărâre,"Hotărâre cu privire la aprobarea proiectului de lege pentru ratificarea Amendamentului nr. 1,încheiat prin schimb de scrisori, la Acordul de împrumut dintre Republica Moldova și Banca Europeană pentru Reconstrucție și Dezvoltare, în vederea realizării proiectului „Sistemul termoenergetic al municipiului Bălți (SA „CET-Nord”)”, faza II, semnat la Chișinău la 24 decembrie 2021",Împrumut,BERD,24.12.2021,legis.md,,https://www.legis.md/cautare/getResults?doc_id=148873&lang=ro
HG342/2025,11.06.2025,Hotărâre,"Hotărâre cu privire la aprobarea proiectului de lege pentru ratificarea Acordului de împrumut (Finanțarea suplimentară pentru Proiectul „Învățământul superior”) dintre Republica Moldova și Banca Internațională pentru Reconstrucție și Dezvoltare (acționând în nume propriu și în calitate de Agenție de Suport pentru Implementare a Facilității Globale de Finanțare Concesională), încheiat la 2 iunie 2025",Împrumut,BIRD,,legis.md,,https://www.legis.md/cautare/getResults?doc_id=148871&lang=ro
HG341/2025,11.06.2025,Hotărâre,"Hotărâre cu privire la aprobarea proiectului de lege pentru ratificarea Amendamentului nr. 3, semnat la Chișinău la 2 iunie 2025, la Acordul de finanțare (Proiectul „Învățământul superior”) dintre Republica Moldova și Asociația Internațională pentru Dezvoltare, încheiat la Chişinău la 19 mai 2020",Împrumut,AID,02.06.2025,legis.md,,https://www.legis.md/cautare/getResults?doc_id=148869&lang=ro
OMS492/2025,06.06.2025,Ordin,Ordin cu privire la semnarea și intrarea în vigoare а Acordului de grant dintre Republica Moldova și Banca de Dezvoltare a Consiliului Europei privind asistența tehnică pentru realizarea Proiectului „Construcția Spitalului Regional Bălți”,Grant,CEB,,legis.md,,https://www.legis.md/cautare/getResults?doc_id=149219&lang=ro
OME45/2025,02.06.2025,Ordin,Ordin cu privire la comunicarea publică a datei intrării în vigoare a Acordului de grant dintre Ministerul Energiei și Swedfund International AB,Grant,Suedia,,legis.md,,https://www.legis.md/cautare/getResults?doc_id=148779&lang=ro
LP118/2025,29.05.2025,Lege,"Lege pentru ratificarea Acordului de împrumut dintre Republica Moldova, reprezentată de Ministerul Finanțelor în calitate de împrumutat și Banca Națională a Moldovei în calitate de agent al împrumutatului, și Uniunea Europeană, reprezentată de Comisia Europeană în calitate de creditor, privind acordarea Facilității de reformă și creștere pentru Republica Moldova",Împrumut,UE,,legis.md,da,https://www.legis.md/cautare/getResults?doc_id=148756&lang=ro
DP219/2025,29.05.2025,Decret,"Decret privind promulgarea Legii pentru ratificarea Acordului de împrumut dintre Republica Moldova, reprezentată de Ministerul Finanțelor în calitate de împrumutat și Banca Națională a Moldovei în calitate de agent al împrumutatului, și Uniunea Europeană, reprezentată de Comisia Europeană în calitate de creditor, privind acordarea Facilității de reformă și creștere pentru Republica Moldova",Împrumut,UE,,legis.md,da,https://www.legis.md/cautare/getResults?doc_id=148755&lang=ro
HG307/2025,28.05.2025,Hotărâre,"Hotărâre cu privire la aprobarea proiectului de lege pentru ratificarea Acordului de împrumut dintre Republica Moldova, reprezentată de Ministerul Finanțelor în calitate de Împrumutat și Banca Națională a Moldovei în calitate de Agent al Împrumutatului, și Uniunea Europeană, reprezentată de Comisia Europeană în calitate de Creditor privind acordarea Facilității de reformă și creștere pentru Republica Moldova, semnat la data de 21 mai 2025",Împrumut,UE,,legis.md,da,https://www.legis.md/cautare/getResults?doc_id=148658&lang=ro
DP213/2025,28.05.2025,Decret,"Decret privind promulgarea Legii pentru ratificarea Acordului de finanțare dintre Republica Moldova, Comisia Europeană și regiunea Hauts-de-France pentru Programul Interreg (Interreg VI-C) Interreg Europe 2021–2027",Grant,UE,,legis.md,,https://www.legis.md/cautare/getResults?doc_id=148751&lang=ro
DP212/2025,28.05.2025,Decret,"Decret cu privire la promulgarea Legii pentru ratificarea Acordului de grantdintre Republica Moldova, Societatea pe Acțiuni „Termoelectrica”și Banca Europeană pentru Reconstrucție și Dezvoltare privind grantul investițional acordat din Fondul Regional al Parteneriatului Europei de Est pentru Eficiență Energetică și Mediu în vederea realizării proiectului „Optimizarea sistemului de alimentare centralizată cu energie termică din municipiul Chișinău”",Grant,BERD,,legis.md,,https://www.legis.md/cautare/getResults?doc_id=148690&lang=ro
DP211/2025,28.05.2025,Decret,Decret cu privire la promulgarea Legii pentru ratificarea Acordului de facilitate de credit dintre Republica Moldova și Agenția Franceză pentru Dezvoltare nr. CMD 1013 01 D în vederea implementării proiectului „Inițiativa pentru dezvoltarea infrastructurii publice durabile prin renovări de eficiență energetică (INSPIREE)”,Împrumut,AFD,,legis.md,,https://www.legis.md/cautare/getResults?doc_id=148744&lang=ro
DP210/2025,28.05.2025,Decret,"Decret cu privire la promulgarea Legii pentru ratificarea Acordului de grant dintre Republica Moldova, Societatea pe Acțiuni „Termoelectrica” și Banca Europeană pentru Reconstrucție și Dezvoltare privind acordarea grantului din cadrul Platformei de Investiții pentru Vecinătate a Comisiei Europene în vederea realizării proiectului „Optimizarea sistemului de alimentare centralizată cu energie termică din municipiul Chișinău”",Grant,BERD / UE,,legis.md,,https://www.legis.md/cautare/getResults?doc_id=148729&lang=ro
OMMPS123/2025,27.05.2025,Ordin,"Ordin cu privire la semnarea și intrarea în vigoare a Memorandumului de Înțelegere între Ministerul Muncii și Protecției Sociale și Programul Alimentar Mondial (PAM) în ceea ce privește dezvoltarea capacității de protecție socială reactivă la șocuri la nivel național, inclusiv pilotarea mecanismului de acordare a asistenței de urgență",Asistență tehnică,PAM,,legis.md,,https://www.legis.md/cautare/getResults?doc_id=149004&lang=ro
LP115/2025,22.05.2025,Lege,"Lege pentru ratificarea Acordului de finanțare dintre Republica Moldova, Comisia Europeană și regiunea Hauts-de-France pentru Programul Interreg (Interreg VI-C) Interreg Europe 2021–2027",Grant,UE,,legis.md,,https://www.legis.md/cautare/getResults?doc_id=148753&lang=ro
LP106/2025,22.05.2025,Lege,Lege pentru ratificarea Acordului de facilitate de credit dintre Republica Moldova și Agenția Franceză pentru Dezvoltare nr. CMD 1013 01 D în vederea implementării proiectului „Inițiativa pentru dezvoltarea infrastructurii publice durabile prin renovări de eficiență energetică (INSPIREE)”,Împrumut,AFD,,legis.md,,https://www.legis.md/cautare/getResults?doc_id=148748&lang=ro
LP105/2025,22.05.2025,Lege,"Lege pentru ratificarea Acordului de grant dintre Republica Moldova, Societatea pe Acțiuni „Termoelectrica” și Banca Europeană pentru Reconstrucție și Dezvoltare privind acordarea grantului din cadrul Platformei de Investiții pentru Vecinătate a Comisiei Europene în vederea realizării proiectului „Optimizarea sistemului de alimentare centralizată cu energie termică din municipiul Chișinău”",Grant,BERD / UE,,legis.md,,https://www.legis.md/cautare/getResults?doc_id=148746&lang=ro
LP104/2025,22.05.2025,Lege,"Lege pentru ratificarea Acordului de grant dintre Republica Moldova, Societatea pe Acțiuni „Termoelectrica” și Banca Europeană pentru Reconstrucție și Dezvoltare privind grantul investițional acordat din Fondul Regional al Parteneriatului Europei de Est pentru Eficiență Energetică și Mediu în vederea realizării proiectului „Optimizarea sistemului de alimentare centralizată cu energie termică din municipiul Chișinău”",Grant,BERD,,legis.md,,https://www.legis.md/cautare/getResults?doc_id=148701&lang=ro
HG294/2025,21.05.2025,Hotărâre,Hotărâre cu privire la aprobarea semnării Acordului de finanțare dintre Republica Moldova și Asociația Internațională pentru Dezvoltare în vederea realizării Programului „Operațiunea politica de dezvoltare pentru sprijinirea oportunităților economice și a tranziției climatice”,Împrumut,AID,,legis.md,,https://www.legis.md/cautare/getResults?doc_id=148530&lang=ro
HG293/2025,21.05.2025,Hotărâre,Hotărâre cu privire la aprobarea semnării Acordului de împrumut dintre Republica Moldova și Banca Internațională pentru Reconstrucție şi Dezvoltare în vederea realizării Programului „Operațiunea politica de dezvoltare pentru sprijinirea oportunităților economice și a tranziției climatice”,Împrumut,BIRD,,legis.md,,https://www.legis.md/cautare/getResults?doc_id=148529&lang=ro
HG290/2025,21.05.2025,Hotărâre,Hotărâre cu privire la inițierea negocierilor și aprobarea semnării Acordului-cadru de împrumut dintre Republica Moldova și Banca de Dezvoltare a Consiliului Europei – Extinderea rețelei școlilor-model,Împrumut,CEB,,legis.md,,https://www.legis.md/cautare/getResults?doc_id=148526&lang=ro
DP196/2025,15.05.2025,Decret,"Decret privind promulgarea Legii pentru ratificarea Amendamentului nr. 1, încheiat prin schimb de scrisori, la Acordul de finanțare dintre Republica Moldova, Comisia Europeană și Ministerul Dezvoltării, Lucrărilor Publice și Administrației al României pentru Programul Interreg VI-B NEXT Bazinul Mării Negre 2021–2027",Grant,UE,,legis.md,,https://www.legis.md/cautare/getResults?doc_id=148496&lang=ro
DP195/2025,15.05.2025,Decret,"Decret privind promulgarea Legii pentru ratificarea Amendamentului nr. 1, încheiat prin schimb de scrisori, la Acordul de finanțare dintre Republica Moldova, Comisia Europeană și Ministerul Dezvoltării, Lucrărilor Publice și Administrației al României pentru Programul Interreg VI-A NEXT România – Republica Moldova 2021–2027",Grant,UE,,legis.md,,https://www.legis.md/cautare/getResults?doc_id=148489&lang=ro
HG282/2025,14.05.2025,Hotărâre,Hotărâre cu privire la aprobarea semnării Acordului de împrumut (Finanțarea suplimentară pentru Proiectul „Învățământul superior”) dintre Republica Moldova și Banca Internațională pentru Reconstrucție și Dezvoltare (acționând în nume propriu și în calitate de Agenție de Suport pentru Implementare a Facilității Globale de Finanțare Concesională),Împrumut,BIRD,,legis.md,,https://www.legis.md/cautare/getResults?doc_id=148416&lang=ro
HG279/2025,14.05.2025,Hotărâre,"Hotărâre cu privire la aprobarea semnării Amendamentului nr. 1 la Acordul de grant dintre Republica Moldova și Banca Europeană pentru Reconstrucție și Dezvoltare privind finanțarea proiectelor investiționale orientate spre dezvoltarea infrastructurii în domeniul managementului deșeurilor solide, în sumă de 4 340 000 euro, în vederea realizării Proiectului „Deșeuri solide în Republica Moldova”, semnat la Chișinău la 17 septembrie 2024",Grant,BERD,17.09.2024,legis.md,,https://www.legis.md/cautare/getResults?doc_id=148412&lang=ro
HG278/2025,14.05.2025,Hotărâre,"Hotărâre pentru inițierea negocierilor și aprobarea semnării Amendamentului nr. 2 la Contractul de finanțare dintre Republica Moldova și Banca Europeană de Investiții privind implementarea Proiectului „Deșeuri solide în Republica Moldova”, în sumă de 25 de milioane de euro, semnat la 18 octombrie 2019",Împrumut,BEI,18.10.2019,legis.md,,https://www.legis.md/cautare/getResults?doc_id=148411&lang=ro
HG277/2025,14.05.2025,Hotărâre,"Hotărâre cu privire la aprobarea semnării Acordului de grant dintre Republica Moldova, Banca Internațională pentru Reconstrucție și Dezvoltare și Asociația Internațională pentru Dezvoltare pentru realizarea Programului Fondului fiduciar multidonator „Creștere, Reziliență și Oportunități pentru Bunăstare în Moldova (M-GROW)”, în vederea finanțării Proiectului „Sprijinirea eficienței achizițiilor publice și a valorii pentru bani în Moldova”",Grant,BIRD / AID,,legis.md,,https://www.legis.md/cautare/getResults?doc_id=148410&lang=ro
DP187/2025,12.05.2025,Decret,Decret pentru inițierea negocierilor și aprobarea semnării Amendamentului nr. 3 la Acordul de finanțare (Proiectul Învățământul Superior) dintre Republica Moldova și Asociația Internațională pentru Dezvoltare,Împrumut,AID,,legis.md,,https://www.legis.md/cautare/getResults?doc_id=148403&lang=ro
LP93/2025,08.05.2025,Lege,"Lege pentru ratificarea Amendamentului nr. 1, încheiat prin schimb de scrisori, la Acordul de finanţare dintre Republica Moldova, Comisia Europeană şi Ministerul Dezvoltării, Lucrărilor Publice şi Administraţiei al României pentru Programul Interreg VI-B NEXT Bazinul Mării Negre 2021–2027",Grant,UE,,legis.md,,https://www.legis.md/cautare/getResults?doc_id=148497&lang=ro
LP92/2025,08.05.2025,Lege,"Lege pentru ratificarea Amendamentului nr. 1, încheiat prin schimb de scrisori, la Acordul de finanțare dintre Republica Moldova, Comisia Europeană și Ministerul Dezvoltării, Lucrărilor Publice și Administrației al României pentru Programul Interreg VI-A NEXT România – Republica Moldova 2021–2027",Grant,UE,,legis.md,,https://www.legis.md/cautare/getResults?doc_id=148490&lang=ro
HG263/2025,07.05.2025,Hotărâre,"Hotărâre cu privire la aprobarea proiectului de lege pentru ratificarea Acordului de facilitate de credit dintre Republica Moldova și Agenția Franceză pentru Dezvoltare nr. CMD 1013 01 D în vederea implementării Proiectului „Inițiativa pentru dezvoltarea infrastructurii publice durabile prin renovări de eficiență energetică (INSPIREE)”, semnat la Paris la 10 martie 2025",Împrumut,AFD,10.03.2025,legis.md,,https://www.legis.md/cautare/getResults?doc_id=148358&lang=ro
HG261/2025,07.05.2025,Hotărâre,"Hotărâre cu privire la inițierea negocierilor și aprobarea semnării Acordului de împrumut dintre Republica Moldova, reprezentată de Ministerul Finanțelor în calitate de Împrumutat și Banca Națională a Moldovei în calitate de Agent al Împrumutatului, și Uniunea Europeană, reprezentată de Comisia Europeană în calitate de Creditor privind acordarea Facilității de reformă și creștere pentru Republica Moldova",Împrumut,UE,,legis.md,da,https://www.legis.md/cautare/getResults?doc_id=148355&lang=ro
HG220/2025,23.04.2025,Hotărâre,"Hotărâre cu privire la aprobarea proiectului de lege pentru ratificarea Amendamentului nr. 1, încheiat prin schimb de scrisori, la Acordul de finanţare dintre Republica Moldova, Comisia Europeană şi Ministerul Dezvoltării, Lucrărilor Publice şi Administraţiei al României pentru Programul Interreg VI-B NEXT Bazinul Mării Negre 2021-2027, semnat la 11 august 2023",Grant,UE,11.08.2023,legis.md,,https://www.legis.md/cautare/getResults?doc_id=148191&lang=ro
HG219/2025,23.04.2025,Hotărâre,"Hotărâre cu privire la aprobarea proiectului de lege pentru ratificarea Amendamentului nr. 1, încheiat prin schimb de scrisori, la Acordul de finanțare dintre Republica Moldova, Comisia Europeană și Ministerul Dezvoltării, Lucrărilor Publice și Administrației al României pentru Programul Interreg VI-A NEXT România – Republica Moldova 2021-2027, semnat la 11 august 2023",Grant,UE,11.08.2023,legis.md,,https://www.legis.md/cautare/getResults?doc_id=148189&lang=ro
DP173/2025,18.04.2025,Decret,"Decret privind aprobarea semnării Amendamentului nr. 1, încheiat prin schimb de scrisori, la Acordul de împrumut dintre Republica Moldova şi Banca Europeană pentru Reconstrucție și Dezvoltare în vederea realizării proiectului „Sistemul termoenergetic al municipiului Bălți (S.A. „CET-Nord”)”, faza II",Împrumut,BERD,,legis.md,,https://www.legis.md/cautare/getResults?doc_id=148187&lang=ro
HG206/2025,16.04.2025,Hotărâre,"Hotărâre cu privire la aprobarea semnării Acordului de grant dintre Republica Moldova, Societatea pe Acțiuni „Termoelectrica” și Banca Europeană pentru Reconstrucție și Dezvoltare privind acordarea grantului din cadrul Platformei de Investiții pentru Vecinătate a Comisiei Europene în vederea realizării Proiectului „Optimizarea sistemului de alimentare cu energie termică din mun. Chișinău”",Grant,BERD / UE,,legis.md,,https://www.legis.md/cautare/getResults?doc_id=148088&lang=ro
HG205/2025,16.04.2025,Hotărâre,"Hotărâre cu privire la aprobarea semnării Acordului de grant dintre Republica Moldova, Societatea pe Acțiuni „Termoelectrica” și Banca Europeană pentru Reconstrucție și Dezvoltare privind grantul investițional acordat din Fondul Regional al Parteneriatului Europei de Est pentru Eficiență Energetică și Mediu pentru realizarea Proiectului „Optimizarea sistemului de alimentare centralizată cu energie termică din mun. Chișinău”",Grant,BERD,,legis.md,,https://www.legis.md/cautare/getResults?doc_id=148085&lang=ro
HG203/2025,16.04.2025,Hotărâre,"Hotărâre cu privire la aprobarea proiectului de lege pentru ratificarea Acordului de finanțare dintre Republica Moldova, Comisia Europeană și regiunea Hauts-de-France pentru Programul Interreg (Interreg VI-C) Interreg Europe 2021-2027, semnat la 27 decembrie 2024",Grant,UE,27.12.2024,legis.md,,https://www.legis.md/cautare/getResults?doc_id=148081&lang=ro
HG186/2025,03.04.2025,Hotărâre,"Hotărâre cu privire la aprobarea semnării Acordului de grant dintre Republica Moldova, Banca Internațională pentru Reconstrucție și Dezvoltare și Asociația Internațională pentru Dezvoltare în vederea realizării Programului Fondului fiduciar multidonator „Creștere, Reziliență și Oportunități pentru Bunăstare în Moldova (M-GROW)”, pentru cofinanțarea Programului „Operațiunea politica de dezvoltare pentru sprijinirea oportunităților economice și a tranziției climatice”",Grant,BIRD / AID,,legis.md,,https://www.legis.md/cautare/getResults?doc_id=147900&lang=ro
HG185/2025,03.04.2025,Hotărâre,Hotărâre privind inițierea negocierilor asupra proiectului Acordului de finanțare dintre Republica Moldova și Asociația Internațională pentru Dezvoltare în vederea realizării Programului „Operațiunea politica de dezvoltare pentru sprijinirea oportunităților economice și a tranziției climatice” și acordarea împuternicirilor pentru negocierea acestuia,Împrumut,AID,,legis.md,,https://www.legis.md/cautare/getResults?doc_id=147899&lang=ro
HG184/2025,03.04.2025,Hotărâre,Hotărâre cu privire la inițierea negocierilor asupra proiectului Acordului de împrumut dintre Republica Moldova și Banca Internațională pentru Reconstrucție şi Dezvoltare în vederea realizării Programului „Operațiunea politica de dezvoltare pentru sprijinirea oportunităților economice și a tranziției climatice” și acordarea împuternicirilor pentru negocierea acestuia,Împrumut,BIRD,,legis.md,,https://www.legis.md/cautare/getResults?doc_id=147898&lang=ro
HG183/2025,03.04.2025,Hotărâre,Hotărâre cu privire la inițierea negocierilor asupra proiectului Acordului de împrumut (Finanțarea Suplimentară pentru Proiectul Învățământul Superior) dintre Republica Moldova și Banca Internațională pentru Reconstrucție și Dezvoltare (acționând în nume propriu și în calitate de Agenție de Suport pentru Implementare a Facilității Globale de Finanțare Concesională) și împuternicirea delegației oficiale pentru negocieri,Împrumut,BIRD,,legis.md,,https://www.legis.md/cautare/getResults?doc_id=147896&lang=ro
HG178/2025,03.04.2025,Hotărâre,"Hotărâre cu privire la inițierea negocierilor și aprobarea semnării Amendamentului nr. 1 la Acordul de finanțare dintre Guvernul Republicii Moldova și Comisia Europeană privind Contractul de performanță pentru reforma sectorială, semnat la Chişinău la 31 ianuarie 2025",Grant,UE,31.01.2025,legis.md,da,https://www.legis.md/cautare/getResults?doc_id=147890&lang=ro
OME27/2025,31.03.2025,Ordin,"Ordin cu privire la comunicarea publică a datei intrării în vigoare a Acordului de grant și proiect dintre Ministerul Energiei, Banca Germană „Kreditanstalt für Wiederaufbau (KfW)” și Unitatea Consolidată pentru Implementarea și Monitorizarea Proiectelor în Domeniul Energeticii",Grant,KfW,,legis.md,,https://www.legis.md/cautare/getResults?doc_id=147859&lang=ro
LP68/2025,31.03.2025,Lege,Lege pentru ratificarea Acordului de modificare nr. 2 la Acordul de împrumut dintre Republica Moldova și Banca Europeană pentru Reconstrucție și Dezvoltare în vederea realizării proiectului „Securitatea furnizării gazelor naturale”,Împrumut,BERD,,legis.md,,https://www.legis.md/cautare/getResults?doc_id=147895&lang=ro
DP144/2025,31.03.2025,Decret,Decret cu privire la promulgarea Legii pentru ratificarea Acordului de împrumut dintre Republica Moldova și Banca Internațională pentru Reconstrucție și Dezvoltare în vederea realizării Proiectului de susținere a managementului riscurilor de dezastre și rezilienței Republicii Moldova,Împrumut,BIRD,,legis.md,,https://www.legis.md/cautare/getResults?doc_id=147869&lang=ro
DP143/2025,31.03.2025,Decret,Decret cu privire la promulgarea Legii pentru ratificarea Acordului de modificare nr. 2 la Acordul de împrumut dintre Republica Moldova și Banca Europeană pentru Reconstrucție și Dezvoltare în vederea realizării proiectului „Securitatea furnizării gazelor naturale”,Împrumut,BERD,,legis.md,,https://www.legis.md/cautare/getResults?doc_id=147893&lang=ro
LP67/2025,27.03.2025,Lege,Lege pentru ratificarea Acordului de împrumut dintre Republica Moldova și Banca Internațională pentru Reconstrucție și Dezvoltare în vederea realizării Proiectului de susținere a managementului riscurilor de dezastre și rezilienței Republicii Moldova,Împrumut,BIRD,,legis.md,,https://www.legis.md/cautare/getResults?doc_id=147870&lang=ro
HG163/2025,26.03.2025,Hotărâre,"Hotărâre cu privire la inițierea negocierilor și aprobarea semnării Amendamentului nr. 1 la Acordul de grant dintre Ministerul Mediului al Republicii Moldova și Banca Europeană pentru Reconstrucție și Dezvoltare privind finanțarea asistenței tehnice, în sumă de 600 000 de euro, în vederea realizării Proiectului „Deșeuri solide în Republica Moldova”, semnat la Chișinău la 20 decembrie 2023",Grant,BERD,20.12.2023,legis.md,,https://www.legis.md/cautare/getResults?doc_id=147721&lang=ro
HG157/2025,26.03.2025,Hotărâre,"Hotărâre cu privire la aprobarea proiectului de lege pentru ratificarea Acordului de modificare nr. 2 la Acordul de împrumut dintre Republica Moldova și Banca Europeană pentru Reconstrucție și Dezvoltare în vederea realizării proiectului „Securitatea furnizării gazelor naturale”, semnat la Chișinău la 23 iunie 2022",Împrumut,BERD,23.06.2022,legis.md,,https://www.legis.md/cautare/getResults?doc_id=147715&lang=ro
DP132/2025,25.03.2025,Decret,"Decret privind inițierea negocierilor asupra proiectului Amendamentului nr. 1 la Acordul de împrumut dintre Republica Moldova şi Banca Europeană pentru Reconstrucție și Dezvoltare în vederea realizării proiectului „Sistemul termoenergetic al municipiului Bălți (S.A. „CET-Nord”)”, faza II",Împrumut,BERD,,legis.md,,https://www.legis.md/cautare/getResults?doc_id=147763&lang=ro
OMDED32/2025,19.03.2025,Ordin,Ordin cu privire la aducerea la cunoștința publică a datei intrării în vigoare a Acordului de grant dintre Ministerul Dezvoltării Economice și Digitalizării al Republicii Moldova și Swedfund International AB privind serviciile de consultanță pentru implementarea setului de instrumente al UE pentru securitatea 5G,Grant,Suedia,,legis.md,,https://www.legis.md/cautare/getResults?doc_id=147814&lang=ro
DP102/2025,07.03.2025,Decret,"Decret privind iniţierea negocierilor şi aprobarea semnării Amendamentului nr.1, încheiat prin schimb de scrisori, la Acordul de finanţare dintre Republica Moldova, Comisia Europeană şi Ministerul Dezvoltării, Lucrărilor Publice şi Administraţiei al României pentru Programul Interreg VI-B NEXT Bazinul Mării Negre 2021–2027",Grant,UE,,legis.md,,https://www.legis.md/cautare/getResults?doc_id=147475&lang=ro
HG110/2025,05.03.2025,Hotărâre,Hotărâre cu privire la aprobarea semnării Acordului de facilitate de credit dintre Republica Moldova și Agenția Franceză pentru Dezvoltare nr. CMD 1013 01 D în vederea implementării Proiectului „Inițiativa pentru dezvoltarea infrastructurii publice durabile prin renovări de eficiență energetică (INSPIREE)”,Împrumut,AFD,,legis.md,,https://www.legis.md/cautare/getResults?doc_id=147398&lang=ro
HG108/2025,05.03.2025,Hotărâre,Hotărâre cu privire la inițierea negocierilor asupra proiectului Acordului de împrumut dintre Guvernul Republicii Moldova și Guvernul Regatului Belgiei pentru realizarea Proiectului „Aprovizionarea descentralizată cu apă potabilă pentru Moldova” și împuternicirea delegației oficiale pentru negocierea acestuia,Împrumut,Belgia,,legis.md,,https://www.legis.md/cautare/getResults?doc_id=147396&lang=ro
HG107/2025,05.03.2025,Hotărâre,Hotărâre pentru aprobarea semnării Acordului de grant dintre Republica Moldova și Banca de Dezvoltare a Consiliului Europei privind asistența tehnică pentru realizarea Proiectului „Construcția Spitalului Regional Bălți”,Grant,CEB,,legis.md,,https://www.legis.md/cautare/getResults?doc_id=147395&lang=ro
DP96/2025,05.03.2025,Decret,"Decret privind inițierea negocierilor și aprobarea semnării Amendamentului nr. 1, încheiat prin schimb de scrisori, la Acordul de finanțare dintre Republica Moldova, Comisia Europeană și Ministerul Dezvoltării, Lucrărilor Publice și Administrației al României pentru Programul Interreg VI-A NEXT România – Republica Moldova 2021–2027",Grant,UE,,legis.md,,https://www.legis.md/cautare/getResults?doc_id=147463&lang=ro
DP92/2025,28.02.2025,Decret,"Decret cu privire la promulgarea Legii pentru ratificarea Acordului de grant dintre Republica Moldova, Întreprinderea de Stat „Moldelectrica” și Banca Europeană pentru Reconstrucție și Dezvoltare pentru realizarea proiectului „Interconectarea rețelelor de energie electrică dintre Republica Moldova și România, Faza II”",Grant,BERD,,legis.md,,https://www.legis.md/cautare/getResults?doc_id=147367&lang=ro
LP29/2025,27.02.2025,Lege,"Lege pentru ratificarea Acordului de grant dintre Republica Moldova, Întreprinderea de Stat „Moldelectrica” și Banca Europeană pentru Reconstrucție și Dezvoltare pentru realizarea proiectului „Interconectarea rețelelor de energie electrică dintre Republica Moldova și România, Faza II”",Grant,BERD,,legis.md,,https://www.legis.md/cautare/getResults?doc_id=147370&lang=ro
HG90/2025,26.02.2025,Hotărâre,"Hotărâre cu privire la aprobarea Acordului de finanțare dintre Guvernul Republicii Moldova și Comisia Europeană privind Contractul de performanță pentru reforma sectorială, semnat la Chișinău la 31 ianuarie 2025",Grant,UE,31.01.2025,legis.md,da,https://www.legis.md/cautare/getResults?doc_id=147235&lang=ro
HG89/2025,26.02.2025,Hotărâre,Hotărâre cu privire la aprobarea proiectului de lege pentru ratificarea Acordului de împrumut dintre Republica Moldova și Banca Internațională pentru Reconstrucție și Dezvoltare în vederea realizării Proiectului de susținere a managementului riscurilor de dezastre și rezilienței a Republicii Moldova,Împrumut,BIRD,,legis.md,,https://www.legis.md/cautare/getResults?doc_id=147234&lang=ro
HG85/2025,26.02.2025,Hotărâre,"Hotărâre cu privire la aprobarea proiectului de lege pentru ratificarea Acordului de grant dintre Republica Moldova, Întreprinderea de Stat „Moldelectrica” și Banca Europeană pentru Reconstrucție și Dezvoltare pentru realizarea proiectului „Interconectarea rețelelor de energie electrică dintre Republica Moldova și România, Faza II”, semnat la Chișinău la 6 februarie 2025",Grant,BERD,06.02.2025,legis.md,,https://www.legis.md/cautare/getResults?doc_id=147231&lang=ro
DP86/2025,26.02.2025,Decret,"Decret cu privire la promulgarea Legii pentru ratificarea Acordului de finanțare dintre Republica Moldova, Comisia Europeană și Agenția Națională de Coeziune Teritorială din Franța pentru Programul URBACT IV 2021–2027",Grant,UE,,legis.md,,https://www.legis.md/cautare/getResults?doc_id=147356&lang=ro
DP79/2025,24.02.2025,Decret,Decret privind aprobarea semnării Acordului de modificare nr. 2 la Acordul de împrumut dintre Republica Moldova și Banca Europeană pentru Reconstrucție și Dezvoltare în vederea realizării Proiectului „Securitatea furnizării gazelor naturale”,Împrumut,BERD,,legis.md,,https://www.legis.md/cautare/getResults?doc_id=147225&lang=ro
LP20/2025,20.02.2025,Lege,"Lege pentru ratificarea Acordului de finanțare dintre Republica Moldova, Comisia Europeană și Agenția Națională de Coeziune Teritorială din Franța pentru Programul URBACT IV 2021–2027",Grant,UE,,legis.md,,https://www.legis.md/cautare/getResults?doc_id=147358&lang=ro
DP76/2025,18.02.2025,Decret,Decret cu privire la promulgarea Legii pentru ratificarea Acordului de împrumut dintre Republica Moldova și Banca Europeană pentru Reconstrucție și Dezvoltare privind realizarea proiectului „Optimizarea sistemului de alimentare centralizată cu energie termică din mun. Chișinău”,Împrumut,BERD,,legis.md,,https://www.legis.md/cautare/getResults?doc_id=147212&lang=ro
OMMPS38/2025,13.02.2025,Ordin,Ordin cu privire la semnarea și intrarea în vigoare a Memorandumului de Înțelegere dintre Ministerul Muncii și Protecției Sociale și Programul Alimentar Mondial (PAM) în ceea ce privește dezvoltarea profesională și consolidarea capacităților pentru sistemele de protecție socială în Republica Moldova,Asistență tehnică,PAM,,legis.md,,https://www.legis.md/cautare/getResults?doc_id=147184&lang=ro
LP14/2025,13.02.2025,Lege,Lege pentru ratificarea Acordului de împrumut dintre Republica Moldova și Banca Europeană pentru Reconstrucție și Dezvoltare privind realizarea proiectului „Optimizarea sistemului de alimentare centralizată cu energie termică din mun. Chișinău”,Împrumut,BERD,,legis.md,,https://www.legis.md/cautare/getResults?doc_id=147213&lang=ro
HG69/2025,12.02.2025,Hotărâre,Hotărâre cu privire la inițierea negocierilor asupra proiectului Acordului de facilitate de credit dintre Republica Moldova și Agenția Franceză pentru Dezvoltare nr. CMD 1013 01 D în vederea implementării proiectului „Inițiativa pentru dezvoltarea infrastructurii publice durabile prin renovări de eficiență energetică (INSPIREE)” și împuternicirea delegației oficiale pentru negocierea acestuia,Împrumut,AFD,,legis.md,,https://www.legis.md/cautare/getResults?doc_id=147094&lang=ro
HG51/2025,05.02.2025,Hotărâre,"Hotărâre cu privire la aprobarea proiectului de lege pentru ratificarea Acordului de finanțare dintre Republica Moldova, Comisia Europeană și Agenția Națională de Coeziune Teritorială din Franța pentru Programul URBACT IV 2021-2027, semnat la 12 decembrie 2024",Grant,UE,12.12.2024,legis.md,,https://www.legis.md/cautare/getResults?doc_id=147023&lang=ro
OMS128/2025,04.02.2025,Ordin,Ordin cu privire la semnarea și intrarea în vigoare a Memorandumului de Înțelegere dintre Ministerul Sănătății al Republicii Moldova și Agenția Elvețiană pentru Dezvoltare și Cooperare privind prima fază a Proiectului „Moldova: Continuitatea îngrijirii în caz de evenimente medicale catastrofale - Care4Living”,Asistență tehnică,Elveția,,legis.md,,https://www.legis.md/cautare/getResults?doc_id=147070&lang=ro
DP66/2025,03.02.2025,Decret,Decret privind inițierea negocierilor asupra proiectului Acordului de modificare nr. 2 la Acordul de împrumut dintre Republica Moldova și Banca Europeană pentru Reconstrucție și Dezvoltare în vederea realizării Proiectului „Securitatea furnizării gazelor naturale”,Împrumut,BERD,,legis.md,,https://www.legis.md/cautare/getResults?doc_id=147003&lang=ro
DP59/2025,30.01.2025,Decret,"Decret privind inițierea negocierilor și aprobarea semnării Acordului de grant dintre Republica Moldova, Întreprinderea de Stat „Moldelectrica” și Banca Europeană pentru Reconstrucție și Dezvoltare pentru realizarea proiectului „Interconectarea rețelelor de energie electrică dintre Republica Moldova și România, Faza II”",Grant,BERD,,legis.md,,https://www.legis.md/cautare/getResults?doc_id=146933&lang=ro
HG1/2025,15.01.2025,Hotărâre,"Hotărâre cu privire la aprobarea proiectului de lege pentru ratificarea Acordului de împrumut dintre Republica Moldova și Banca Europeană pentru Reconstrucție și Dezvoltare privind realizarea Proiectului „Optimizarea sistemului de alimentare centralizată cu energie termică din mun. Chișinău”, semnat la Chișinău la 29 noiembrie 2024",Împrumut,BERD,29.11.2024,legis.md,,https://www.legis.md/cautare/getResults?doc_id=146748&lang=ro
HG909/2024,30.12.2024,Hotărâre,"Hotărâre cu privire la inițierea negocierilor și aprobarea semnării celui de-al nouăsprezecelea Amendament la Acordul de asistență privind obiectivul de dezvoltare dintre Guvernul Republicii Moldova și Guvernul Statelor Unite ale Americii pentru creștere economică durabilă ancorată în integrarea europeană, semnat la Chișinău la 28 septembrie 2016",Grant,SUA,28.09.2016,legis.md,,https://www.legis.md/cautare/getResults?doc_id=146605&lang=ro
HG908/2024,30.12.2024,Hotărâre,Hotărâre cu privire la aprobarea semnării Acordului de împrumut dintre Republica Moldova și Banca Internațională pentru Reconstrucție şi Dezvoltare în vederea realizării Proiectului de susținere a managementului riscurilor de dezastre și rezilienței Republicii Moldova,Împrumut,BIRD,,legis.md,,https://www.legis.md/cautare/getResults?doc_id=146604&lang=ro
DP1712/2024,23.12.2024,Decret,Decret privind promulgarea Legii pentru ratificarea Contractului de finanțare dintre Republica Moldova și Banca Europeană de Investiții în vederea implementării Proiectului „Programul de dezvoltare a pădurilor din Moldova”,Împrumut,BEI,,legis.md,,https://www.legis.md/cautare/getResults?doc_id=146457&lang=ro
DP1707/2024,20.12.2024,Decret,Decret cu privire la promulgarea Legii pentru ratificarea Acordului de grant investițional dintre Republica Moldova și Banca Europeană de Investiții „Moldova Solidarity Lanes”,Grant,BEI,,legis.md,,https://www.legis.md/cautare/getResults?doc_id=146367&lang=ro
DP1706/2024,20.12.2024,Decret,"Decret cu privire la inițierea negocierilor și aprobarea semnării Acordului de finanțare dintre Republica Moldova, Comisia Europeană și Regiunea Hauts-de-France pentru Programul Interreg (Interreg VI-C) Interreg Europe 2021-2027",Grant,UE,,legis.md,,https://www.legis.md/cautare/getResults?doc_id=146384&lang=ro
LP299/2024,19.12.2024,Lege,Lege pentru ratificarea Contractului de finanțare dintre Republica Moldova și Banca Europeană de Investiții în vederea implementării Proiectului „Programul de dezvoltare a pădurilor din Moldova”,Împrumut,BEI,,legis.md,,https://www.legis.md/cautare/getResults?doc_id=146458&lang=ro
LP295/2024,13.12.2024,Lege,Lege pentru ratificarea Acordului de grant investițional dintre Republica Moldova și Banca Europeană de Investiții „Moldova Solidarity Lanes”,Grant,BEI,,legis.md,,https://www.legis.md/cautare/getResults?doc_id=146368&lang=ro
OMMPS235/2024,09.12.2024,Ordin,Ordin cu privire la semnarea și intrarea în vigoare a Acordului de parteneriat între Ministerul Muncii și Protecției Sociale al Republicii Moldova și Societatea Germană pentru Cooperare Internațională (Deutsche Gesellschaft für Internationale Zusammenarbeit GmbH) privind acordarea asistenței tehnice nerambursabile,Asistență tehnică,GIZ,,legis.md,,https://www.legis.md/cautare/getResults?doc_id=146248&lang=ro
DP1686/2024,09.12.2024,Decret,"Decret pentru inițierea negocierilor și aprobarea semnării Acordului de finanțare dintre Republica Moldova, Comisia Europeană și Agenția Națională de Coeziune Teritorială din Franța pentru Programul URBACT IV 2021-2027",Grant,UE,,legis.md,,https://www.legis.md/cautare/getResults?doc_id=146176&lang=ro
HG806/2024,04.12.2024,Hotărâre,"Hotărâre cu privire la aprobarea Acordului de finanțare dintre Guvernul Republicii Moldova și Comisia Europeană privind Programul „Sprijin pentru integrarea în UE”, semnat la Chișinău la 28 noiembrie 2024",Grant,UE,28.11.2024,legis.md,,https://www.legis.md/cautare/getResults?doc_id=146069&lang=ro
DP1675/2024,03.12.2024,Decret,"Decret cu privire la promulgarea Legii pentru ratificarea Amendamentului nr. 1 la Acordul de grant al Parteneriatului Global pentru Educație (Proiectul „Îmbunătățirea calității educației”) dintre Republica Moldova și Banca Internațională pentru Reconstrucție și Dezvoltare, în calitate de agent de grant al Parteneriatului Global pentru Educație",Grant,BIRD,,legis.md,,https://www.legis.md/cautare/getResults?doc_id=146098&lang=ro
DP1674/2024,03.12.2024,Decret,"Decret cu privire la promulgarea Legii pentru ratificarea Amendamentului nr. 1 la Acordul de grant al Fondului fiduciar cu donatori multipli al Parteneriatului pentru învățarea timpurie (ELP) (Proiectul „Îmbunătățirea calității educației”) dintre Republica Moldova și Banca Internațională pentru Reconstrucție și Dezvoltare, în calitate de administrator al ELP",Grant,BIRD,,legis.md,,https://www.legis.md/cautare/getResults?doc_id=146086&lang=ro
OMM194/2024,29.11.2024,Ordin,Ordin cu privire la aducerea la cunoștința publică a datei intrării în vigoare a Acordului de grant dintre Ministerul Mediului și Swedfund International AB,Grant,Suedia,,legis.md,,https://www.legis.md/cautare/getResults?doc_id=146584&lang=ro
LP275/2024,28.11.2024,Lege,"Lege pentru ratificarea Amendamentului nr. 1 la Acordul de grant al Parteneriatului Global pentru Educație (Proiectul „Îmbunătățirea calității educației”) dintre Republica Moldova și Banca Internațională pentru Reconstrucție și Dezvoltare, în calitate de agent de grant al Parteneriatului Global pentru Educație",Grant,BIRD,,legis.md,,https://www.legis.md/cautare/getResults?doc_id=146102&lang=ro
LP273/2024,28.11.2024,Lege,"Lege pentru ratificarea Amendamentului nr. 1 la Acordul de grant al Fondului fiduciar cu donatori multipli al Parteneriatului pentru învățarea timpurie (ELP) (Proiectul „Îmbunătățirea calității educației”) dintre Republica Moldova și Banca Internațională pentru Reconstrucție și Dezvoltare, în calitate de administrator al ELP",Grant,BIRD,,legis.md,,https://www.legis.md/cautare/getResults?doc_id=146093&lang=ro
DP1668/2024,28.11.2024,Decret,"Decret privind promulgarea Legii pentru ratificarea Acordului de grant dintre Republica Moldova și Banca Internațională pentru Reconstrucție şi Dezvoltare și Asociația Internațională pentru Dezvoltare în vederea realizării Programului Fondului fiduciar multidonator „Creștere, reziliență și oportunități pentru bunăstare în Moldova (M-GROW)” pentru cofinanțarea Proiectului „Tranziția durabilă către eficiența energetică în Moldova (STEEM)”",Grant,BIRD / AID,,legis.md,,https://www.legis.md/cautare/getResults?doc_id=146036&lang=ro
HG802/2024,27.11.2024,Hotărâre,Hotărâre pentru inițierea negocierilor și aprobarea semnării Acordului dintre Ministerul Sănătății al Republicii Moldova și Agenția Elvețiană pentru Dezvoltare și Cooperare privind a doua fază a Proiectului „Progresul cu privire la acoperirea universală cu servicii de sănătate în Moldova”,Grant,Elveția,,legis.md,,https://www.legis.md/cautare/getResults?doc_id=145938&lang=ro
HG790/2024,27.11.2024,Hotărâre,Hotărâre cu privire la aprobarea semnării Acordului de împrumut dintre Republica Moldova și Banca Europeană pentru Reconstrucție și Dezvoltare privind realizarea Proiectului „Optimizarea sistemului de alimentare centralizată cu energie termică din mun. Chișinău”,Împrumut,BERD,,legis.md,,https://www.legis.md/cautare/getResults?doc_id=145930&lang=ro
HG786/2024,27.11.2024,Hotărâre,Hotărâre cu privire la inițierea negocierilor și aprobarea semnării Acordului de finanțare dintre Guvernul Republicii Moldova și Comisia Europeană privind Programul „Sprijin pentru integrarea în UE”,Grant,UE,,legis.md,,https://www.legis.md/cautare/getResults?doc_id=145926&lang=ro
HG785/2024,27.11.2024,Hotărâre,"Hotărâre cu privire la aprobarea proiectului de lege pentru ratificarea Contractului de finanțare dintre Republica Moldova și Banca Europeană de Investiții în vederea implementării Proiectului „Programul de dezvoltare a pădurilor din Moldova”, semnat la Chișinău la 17 septembrie 2024",Împrumut,BEI,17.09.2024,legis.md,,https://www.legis.md/cautare/getResults?doc_id=145925&lang=ro
DP1662/2024,25.11.2024,Decret,"Decret privind promulgarea Legii pentru ratificarea Acordului de grant dintre Republica Moldova și Banca Internațională pentru Reconstrucție şi Dezvoltare privind finanțarea proiectelor investiționale orientate spre dezvoltarea infrastructurii în domeniul managementului deșeurilor solide, în sumă de 4340000 de euro, în vederea realizării proiectului „Deșeuri solide în Republica Moldova”",Grant,BIRD,,legis.md,,https://www.legis.md/cautare/getResults?doc_id=145968&lang=ro
LP264/2024,21.11.2024,Lege,"Lege pentru ratificarea Acordului de grant dintre Republica Moldova și Banca Europeană pentru Reconstrucție și Dezvoltare privind finanțarea proiectelor investiționale orientate spre dezvoltarea infrastructurii în domeniul managementului deșeurilor solide, în sumă de 4340000 de euro, în vederea realizării proiectului „Deșeuri solide în Republica Moldova”",Grant,BERD,,legis.md,,https://www.legis.md/cautare/getResults?doc_id=145972&lang=ro
LP260/2024,21.11.2024,Lege,"Lege pentru ratificarea Acordului de grant dintre Republica Moldova și Banca Internațională pentru Reconstrucție și Dezvoltare și Asociația Internațională pentru Dezvoltare în vederea realizării Programului Fondului fiduciar multidonator „Creștere, reziliență și oportunități pentru bunăstare în Moldova (M-GROW)” pentru cofinanțarea Proiectului „Tranziția durabilă către eficiența energetică în Moldova (STEEM)”",Grant,BIRD / AID,,legis.md,,https://www.legis.md/cautare/getResults?doc_id=146037&lang=ro
DP1652/2024,20.11.2024,Decret,Decret cu privire la promulgarea Legii pentru ratificarea Acordului de împrumut dintre Republica Moldova și Banca Internațională pentru Reconstrucție şi Dezvoltare în vederea implementării proiectului „Tranziție durabilă prin eficiență energetică în Moldova (STEEM)”,Împrumut,BIRD,,legis.md,,https://www.legis.md/cautare/getResults?doc_id=145823&lang=ro
DP1645/2024,19.11.2024,Decret,Decret cu privire la promulgarea Legii pentru ratificarea Amendamentului nr. 1 la Acordul de împrumut (Proiectul „Îmbunătățirea calității educației”) dintre Republica Moldova și Banca Internațională pentru Reconstrucție și Dezvoltare,Împrumut,BIRD,,legis.md,,https://www.legis.md/cautare/getResults?doc_id=145801&lang=ro
DP1644/2024,19.11.2024,Decret,Decret cu privire la promulgarea Legii pentru ratificarea Acordului de facilitate de credit dintre Republica Moldova și Agenția Franceză pentru Dezvoltare nr. CMD 1014 01 E,Împrumut,AFD,,legis.md,,https://www.legis.md/cautare/getResults?doc_id=145794&lang=ro
DP1643/2024,19.11.2024,Decret,"Decret pentru promulgarea Legii privind ratificarea Acordului de facilitate de împrumut dintre Republica Moldova, acționând prin intermediul Ministerului Finanțelor al Republicii Moldova, și Majestatea Sa Regele de drept al Canadei, reprezentat de ministrul dezvoltării internaționale, acționând prin intermediul Departamentului afacerilor externe, comerțului și dezvoltării",Împrumut,Canada,,legis.md,,https://www.legis.md/cautare/getResults?doc_id=145786&lang=ro
LP256/2024,15.11.2024,Lege,Lege pentru ratificarea Amendamentului nr. 1 la Acordul de împrumut (Proiectul „Îmbunătățirea calității educației”) dintre Republica Moldova și Banca Internațională pentru Reconstrucție și Dezvoltare,Împrumut,BIRD,,legis.md,,https://www.legis.md/cautare/getResults?doc_id=145802&lang=ro
HG769/2024,13.11.2024,Hotărâre,Hotărâre cu privire la inițierea negocierilor asupra proiectului Acordului de împrumut dintre Republica Moldova și Banca Europeană pentru Reconstrucție și Dezvoltare privind realizarea Proiectului „Optimizarea sistemului de alimentare centralizată cu energie termică din mun. Chișinău” și acordarea împuternicirilor delegației pentru negocierea acestuia,Împrumut,BERD,,legis.md,,https://www.legis.md/cautare/getResults?doc_id=145742&lang=ro
HG756/2024,13.11.2024,Hotărâre,"Hotărâre cu privire la aprobarea proiectului de lege pentru ratificarea Amendamentului nr. 1 la Acordul de grant al Parteneriatului Global pentru Educație (Proiectul „Îmbunătățirea calității educației”) dintre Republica Moldova și Banca Internațională pentru Reconstrucție și Dezvoltare, în calitate de agent de grant al Parteneriatului Global pentru Educație, semnat la Chișinău la 10 octombrie 2024",Grant,BIRD,10.10.2024,legis.md,,https://www.legis.md/cautare/getResults?doc_id=145734&lang=ro
HG755/2024,13.11.2024,Hotărâre,"Hotărâre cu privire la aprobarea proiectului de lege pentru ratificarea Amendamentului nr. 1 la Acordul de grant al Fondului fiduciar cu donatori multipli al Parteneriatului pentru învățarea timpurie (ELP) (Proiectul „Îmbunătățirea calității educației”) dintre Republica Moldova și Banca Internațională pentru Reconstrucție și Dezvoltare, în calitate de administrator al ELP, semnat la Chișinău la 10 octombrie 2024",Grant,BIRD,10.10.2024,legis.md,,https://www.legis.md/cautare/getResults?doc_id=145733&lang=ro
LP251/2024,08.11.2024,Lege,Lege pentru ratificarea Acordului de împrumut dintre Republica Moldova și Banca Internațională pentru Reconstrucție și Dezvoltare în vederea implementării proiectului „Tranziție durabilă prin eficiență energetică în Moldova (STEEM)”,Împrumut,BIRD,,legis.md,,https://www.legis.md/cautare/getResults?doc_id=145825&lang=ro
LP250/2024,08.11.2024,Lege,Lege pentru ratificarea Acordului de facilitate de credit dintre Republica Moldova și Agenția Franceză pentru Dezvoltare nr. CMD 1014 01 E,Împrumut,AFD,,legis.md,,https://www.legis.md/cautare/getResults?doc_id=145796&lang=ro
LP249/2024,08.11.2024,Lege,"Lege privind ratificarea Acordului de facilitate de împrumut dintre Republica Moldova, acționând prin intermediul Ministerului Finanțelor al Republicii Moldova, și Majestatea Sa Regele de drept al Canadei, reprezentat de ministrul dezvoltării internaționale, acționând prin intermediul Departamentului afacerilor externe, comerțului și dezvoltării",Împrumut,Canada,,legis.md,,https://www.legis.md/cautare/getResults?doc_id=145791&lang=ro
HG737/2024,06.11.2024,Hotărâre,"Hotărâre cu privire la aprobarea proiectului de lege pentru ratificarea Amendamentului nr. 1 la Acordul de împrumut (Proiectul Îmbunătățirea Calității Educației) dintre Republica Moldova și Banca Internațională pentru Reconstrucție și Dezvoltare, semnat la Chișinău la 10 octombrie 2024",Împrumut,BIRD,10.10.2024,legis.md,,https://www.legis.md/cautare/getResults?doc_id=145637&lang=ro
HG735/2024,06.11.2024,Hotărâre,"Hotărâre cu privire la aprobarea proiectului de lege pentru ratificarea Acordului de grant dintre Republica Moldova, Banca Internațională pentru Reconstrucție și Dezvoltare și Asociația Internațională pentru Dezvoltare în vederea realizării Programului Fondului fiduciar multidonator „Creștere, Reziliență și Oportunități pentru Bunăstare în Moldova (M-GROW)” pentru cofinanțarea Proiectului „Tranziția durabilă către eficiența energetică în Moldova (STEEM)”, semnat la Chișinău la 8 august 2024",Grant,BIRD / AID,08.08.2024,legis.md,,https://www.legis.md/cautare/getResults?doc_id=145634&lang=ro
HG710/2024,16.10.2024,Hotărâre,"Hotărâre cu privire la aprobarea proiectului de lege pentru ratificarea Acordului de împrumut dintre Republica Moldova și Banca Internațională pentru Reconstrucție și Dezvoltare în vederea implementării Proiectului „Tranziție durabilă prin eficiență energetică în Moldova (STEEM)”, semnat la Chișinău la 8 august 2024",Împrumut,BIRD,08.08.2024,legis.md,,https://www.legis.md/cautare/getResults?doc_id=145448&lang=ro
HG690/2024,09.10.2024,Hotărâre,Hotărâre cu privire la aprobarea semnării Acordului de împrumut dintre Republica Moldova și Banca Internațională pentru Reconstrucție şi Dezvoltare în vederea realizării Proiectului de susținere a managementului riscurilor de dezastre și rezilienței Republicii Moldova,Împrumut,BIRD,,legis.md,,https://www.legis.md/cautare/getResults?doc_id=146661&lang=ro
HG683/2024,02.10.2024,Hotărâre,"Hotărâre pentru inițierea negocierilor și aprobarea semnării Înțelegerii, întocmite prin schimb de note, dintre Guvernul Republicii Moldova și Guvernul Republicii Federale Germania privind implementarea comună a Proiectului de stabilizare „InfoTrustAlliance Moldova (ITA-M)”",Grant,Germania,,legis.md,,https://www.legis.md/cautare/getResults?doc_id=145228&lang=ro
HG681/2024,02.10.2024,Hotărâre,"Hotărâre cu privire la aprobarea proiectului de lege pentru ratificarea Acordului de facilitate de credit dintre Republica Moldova și Agenția Franceză pentru Dezvoltare nr. CMD 1014 01 E, semnat la Chișinău la 17 septembrie 2024",Împrumut,AFD,17.09.2024,legis.md,,https://www.legis.md/cautare/getResults?doc_id=145225&lang=ro
DP1628/2024,26.09.2024,Decret,"Decret pentru inițierea negocierilor și aprobarea semnării Amendamentului nr. 1 la Acordul de grant al Parteneriatului Global pentru Educație (Proiectul Îmbunătățirea Calității Educației) dintre Republica Moldova și Banca Internațională pentru Reconstrucție și Dezvoltare, ca Agent de Grant al Parteneriatului Global pentru Educație",Grant,BIRD,,legis.md,,https://www.legis.md/cautare/getResults?doc_id=145204&lang=ro
DP1627/2024,26.09.2024,Decret,"Decret pentru inițierea negocierilor și aprobarea semnării Amendamentului nr. 1 la Acordul de grant al Fondului fiduciar cu donatori multipli al Parteneriatului pentru învățarea timpurie (ELP) (Proiectul Îmbunătățirea Calității Educației) dintre Republica Moldova și Banca Internațională pentru Reconstrucție și Dezvoltare, în calitate de administrator al ELP",Grant,BIRD,,legis.md,,https://www.legis.md/cautare/getResults?doc_id=145202&lang=ro
HG659/2024,25.09.2024,Hotărâre,"Hotărâre cu privire la inițierea negocierilor și aprobarea semnării Amendamentului nr. 1 la Acordul de împrumut (Proiectul Îmbunătățirea Calității Educației) dintre Republica Moldova și Banca Internațională pentru Reconstrucție și Dezvoltare, semnat la Chișinău la 30 iunie 2023",Împrumut,BIRD,30.06.2023,legis.md,,https://www.legis.md/cautare/getResults?doc_id=145175&lang=ro
OMMPS183/2024,24.09.2024,Ordin,Ordin cu privire la semnarea și intrarea în vigoare a Memorandumului de Înțelegere între Ministerul Muncii și Protecției Sociale al Republicii Moldova și Agenția Elvețiană pentru dezvoltare și cooperare privind proiectul cu o singură fază: „Consolidarea păcii și a prosperității economice prin promovarea leadership-ului și incluziunii femeilor (Femei pentru pace și prosperitate)”,Asistență tehnică,Elveția,,legis.md,,https://www.legis.md/cautare/getResults?doc_id=145200&lang=ro
HG654/2024,18.09.2024,Hotărâre,"Hotărâre privind iniţierea negocierilor şi aprobarea semnării Memorandumului de înțelegere dintre Guvernul Republicii Moldova, reprezentat de Agenția de Stat pentru Proprietatea Intelectuală (AGEPI), și Guvernul Confederației Elvețiene, reprezentat de Secretariatul de Stat Elvețian pentru Afaceri Economice (SECO),cu privire la acordarea asistenței tehnice pentru Proiectul moldo-elvețian în domeniul proprietății intelectuale (MSIP)",Asistență tehnică,Elveția,,legis.md,,https://www.legis.md/cautare/getResults?doc_id=145100&lang=ro
DP1622/2024,18.09.2024,Decret,Decret cu privire la promulgarea Legii pentru ratificarea Amendamentului nr. 2 la Acordul de finanțare (Proiectul „Învățământul superior”) dintre Republica Moldova și Asociația Internațională pentru Dezvoltare,Împrumut,AID,,legis.md,,https://www.legis.md/cautare/getResults?doc_id=145078&lang=ro
LP237/2024,13.09.2024,Lege,Lege pentru ratificarea Amendamentului nr. 2 la Acordul de finanțare (Proiectul „Învățământul superior”) dintre Republica Moldova și Asociația Internațională pentru Dezvoltare,Împrumut,AID,,legis.md,,https://www.legis.md/cautare/getResults?doc_id=145081&lang=ro
HG645/2024,11.09.2024,Hotărâre,"Hotărâre cu privire la aprobarea proiectului de lege privind ratificarea Acordului de facilitate de împrumut dintre Republica Moldova, acționând prin intermediul Ministerului Finanțelor al Republicii Moldova, și Majestatea Sa Regele de drept al Canadei, reprezentat de ministrul dezvoltării internaționale, acționând prin intermediul Departamentului afacerilor externe, comerțului și dezvoltării, semnat la 6 septembrie 2024",Împrumut,Canada,06.09.2024,legis.md,,https://www.legis.md/cautare/getResults?doc_id=145019&lang=ro
HG631/2024,11.09.2024,Hotărâre,"Hotărâre cu privire la aprobarea proiectului de lege pentru ratificarea Amendamentului nr. 2 la Acordul de finanțare (Proiectul Învățământul Superior) dintre Republica Moldova și Asociația Internațională pentru Dezvoltare, încheiat la Chișinău la 19 mai 2020",Împrumut,AID,,legis.md,,https://www.legis.md/cautare/getResults?doc_id=145010&lang=ro
HG629/2024,11.09.2024,Hotărâre,Hotărâre cu privire la aprobarea semnării Acordului de grant investițional dintre Republica Moldova şi Banca Europeană de Investiții „Moldova Solidarity Lanes”,Grant,BEI,,legis.md,,https://www.legis.md/cautare/getResults?doc_id=145008&lang=ro
HG628/2024,11.09.2024,Hotărâre,Hotărâre cu privire la aprobarea semnării Acordului de facilitate de credit dintre Republica Moldova și Agenția Franceză de Dezvoltare nr. CMD 1014 01 E,Împrumut,AFD,,legis.md,,https://www.legis.md/cautare/getResults?doc_id=145007&lang=ro
HG627/2024,11.09.2024,Hotărâre,"Hotărâre cu privire la inițierea negocierilor și aprobarea semnării celui de-al optsprezecelea Amendament la Acordul de asistență privind obiectivul de dezvoltare dintre Guvernul Republicii Moldova și Guvernul Statelor Unite ale Americii pentru creștere economică durabilă ancorată în integrarea europeană, semnat la Chișinău la 28 septembrie 2016",Grant,SUA,28.09.2016,legis.md,,https://www.legis.md/cautare/getResults?doc_id=145006&lang=ro
HG626/2024,11.09.2024,Hotărâre,"Hotărâre cu privire la inițierea negocierilor și aprobarea semnării celui de-al cincisprezecelea Amendament la Acordul de asistență privind obiectivul de dezvoltare dintre Guvernul Republicii Moldova și Guvernul Statelor Unite ale Americii pentru consolidarea democrației participative, semnat la Chișinău la 28 septembrie 2016",Grant,SUA,28.09.2016,legis.md,,https://www.legis.md/cautare/getResults?doc_id=145004&lang=ro
HG625/2024,11.09.2024,Hotărâre,Hotărâre cu privire la aprobarea semnării Contractului de finanțare dintre Republica Moldova și Banca Europeană de Investiții în vederea implementării Proiectului „Programul de dezvoltare a pădurilor din Moldova”,Împrumut,BEI,,legis.md,,https://www.legis.md/cautare/getResults?doc_id=145003&lang=ro
HG614/2024,04.09.2024,Hotărâre,"Hotărâre cu privire la aprobarea semnării Acordului de facilitate de împrumut dintre Republica Moldova, acționând prin intermediul Ministerului Finanțelor al Republicii Moldova, și Majestatea Sa Regele de drept al Canadei, reprezentat de ministrul dezvoltării internaționale, acționând prin intermediul Departamentului afacerilor externe, comerțului și dezvoltării",Împrumut,Canada,,legis.md,,https://www.legis.md/cautare/getResults?doc_id=144828&lang=ro
HG609/2024,04.09.2024,Hotărâre,"Hotărâre cu privire la aprobarea semnării Acordului de grant dintre Republica Moldova și Banca Europeană pentru Reconstrucții și Dezvoltare privind finanțarea proiectelor investiționale orientate spre dezvoltarea infrastructurii în domeniul managementului deșeurilor solide, în sumă de 4 340 000 de euro, în vederea realizării Proiectului „Deșeuri solide în Republica Moldova”",Grant,BERD,,legis.md,,https://www.legis.md/cautare/getResults?doc_id=144864&lang=ro
HG594/2024,28.08.2024,Hotărâre,Hotărâre cu privire la inițierea negocierilor asupra proiectului Contractului de finanțare dintre Republica Moldova și Banca Europeană de Investiții în vederea implementării Proiectului „Programul de Dezvoltare a Pădurilor din Moldova” şi acordarea împuternicirilor pentru negocierea acestuia,Împrumut,BEI,,legis.md,,https://www.legis.md/cautare/getResults?doc_id=144760&lang=ro
DP1576/2024,09.08.2024,Decret,Decret cu privire la promulgarea Legii pentru ratificarea Acordului de împrumut dintre Republica Moldova și Banca Internațională pentru Reconstrucție și Dezvoltare în vederea realizării Programului „Operațiunea Politica de dezvoltare pentru sprijinirea creșterii și rezilienței în Moldova”,Împrumut,BIRD,,legis.md,,https://www.legis.md/cautare/getResults?doc_id=144604&lang=ro
DP1570/2024,02.08.2024,Decret,"Decret privind promulgarea Legii pentru ratificarea Acordului de grant dintre Republica Moldova și Banca Internațională pentru Reconstrucție şi Dezvoltare și Asociația Internațională pentru Dezvoltare în vederea realizării Programului Fondului fiduciar multidonator „Creștere, reziliență și oportunități pentru bunăstare în Moldova (M-GROW)” pentru cofinanțarea Programului „Operațiunea Politica de dezvoltare pentru sprijinirea creșterii și rezilienței în Moldova”",Grant,BIRD / AID,,legis.md,,https://www.legis.md/cautare/getResults?doc_id=144481&lang=ro
LP216/2024,31.07.2024,Lege,"Lege pentru ratificarea Acordului de grant dintre Republica Moldova și Banca Internațională pentru Reconstrucție și Dezvoltare și Asociația Internațională pentru Dezvoltare în vederea realizării Programului Fondului fiduciar multidonator „Creștere, reziliență și oportunități pentru bunăstare în Moldova (M-GROW)” pentru cofinanțarea Programului „Operațiunea Politica de dezvoltare pentru sprijinirea creșterii și rezilienței în Moldova”",Grant,BIRD / AID,,legis.md,,https://www.legis.md/cautare/getResults?doc_id=144483&lang=ro
LP215/2024,31.07.2024,Lege,Lege pentru ratificarea Acordului de împrumut dintre Republica Moldova și Banca Internațională pentru Reconstrucție și Dezvoltare în vederea realizării Programului „Operațiunea Politica de dezvoltare pentru sprijinirea creșterii și rezilienței în Moldova”,Împrumut,BIRD,,legis.md,,https://www.legis.md/cautare/getResults?doc_id=144605&lang=ro
DP1541/2024,31.07.2024,Decret,Decret privind inițierea negocierilor și aprobarea semnării Amendamentului nr. 2 la Acordul de finanțare (Proiectul Învățământul Superior) dintre Republica Moldova și Asociația Internațională pentru Dezvoltare,Împrumut,AID,,legis.md,,https://www.legis.md/cautare/getResults?doc_id=144374&lang=ro
DP1537/2024,24.07.2024,Decret,"Decret cu privire la aprobarea semnării Acordului de grant dintre Republica Moldova, Banca Internaţională pentru Reconstrucţie şi Dezvoltare şi Asociaţia Internaţională pentru Dezvoltare în vederea realizării Programului Fondului fiduciar multidonator „Creştere, Rezilienţă şi Oportunităţi pentru Bunăstare în Moldova (M-GROW)” pentru cofinanţarea Proiectului „Tranziţia durabilă către eficienţa energetică în Moldova (STEEM)”",Grant,BIRD / AID,,legis.md,,https://www.legis.md/cautare/getResults?doc_id=144291&lang=ro
DP1536/2024,24.07.2024,Decret,"Decret privind promulgarea Legii pentru ratificarea Acordului de grant dintre Republica Moldova și Banca Internațională pentru Reconstrucție și Dezvoltare, acționând în calitate de entitate de implementare a Fondului fiduciar pentru prevenirea, pregătirea și răspunsul la pandemii",Grant,BIRD,,legis.md,,https://www.legis.md/cautare/getResults?doc_id=144289&lang=ro
DP1535/2024,24.07.2024,Decret,Decret privind promulgarea Legii pentru ratificarea Acordului de grant dintre Republica Moldova și Banca de Dezvoltare a Consiliului Europei pentru implementarea măsurilor de eficiență energetică în cadrul Proiectului „Locuințe publice III”,Grant,CEB,,legis.md,,https://www.legis.md/cautare/getResults?doc_id=144286&lang=ro
DP1531/2024,22.07.2024,Decret,Decret privind promulgarea Legii pentru ratificarea Acordului de împrumut dintre Republica Moldova și Banca Internațională pentru Reconstrucție și Dezvoltare cu privire la Proiectul „Modernizarea și îmbunătățirea serviciilor de reabilitare”,Împrumut,BIRD,,legis.md,,https://www.legis.md/cautare/getResults?doc_id=144280&lang=ro
DP1530/2024,22.07.2024,Decret,Decret cu privire la promulgarea Legii pentru ratificarea Acordului de modificare nr. 1 la Acordul de împrumut dintre Republica Moldova și Banca Europeană pentru Reconstrucție și Dezvoltare „RLF – Răspuns de urgență – Căile Ferate din Moldova”,Împrumut,BERD,,legis.md,,https://www.legis.md/cautare/getResults?doc_id=144261&lang=ro
LP187/2024,18.07.2024,Lege,"Lege pentru ratificarea Acordului de grant dintre Republica Moldova și Banca Internațională pentru Reconstrucție și Dezvoltare, acționând în calitate de entitate de implementare a Fondului fiduciar pentru prevenirea, pregătirea și răspunsul la pandemii",Grant,BIRD,,legis.md,,https://www.legis.md/cautare/getResults?doc_id=144290&lang=ro
LP184/2024,18.07.2024,Lege,Lege pentru ratificarea Acordului de grant dintre Republica Moldova și Banca de Dezvoltare a Consiliului Europei pentru implementarea măsurilor de eficiență energetică în cadrul Proiectului „Locuințe publice III”,Grant,CEB,,legis.md,,https://www.legis.md/cautare/getResults?doc_id=144288&lang=ro
HG529/2024,17.07.2024,Hotărâre,Hotărâre cu privire la aprobarea semnării Acordului de împrumut dintre Republica Moldova și Banca Internațională pentru Reconstrucție și Dezvoltare în vederea implementării Proiectului „Tranziția durabilă către eficiența energetică în Moldova (STEEM)”,Împrumut,BIRD,,legis.md,,https://www.legis.md/cautare/getResults?doc_id=144163&lang=ro
HG528/2024,17.07.2024,Hotărâre,"Hotărâre cu privire la aprobarea proiectului de lege pentru ratificarea Acordului de grant dintre Republica Moldova și Banca Internațională pentru Reconstrucție și Dezvoltare și Asociația Internațională pentru Dezvoltare în vederea realizării Programului Fondului fiduciar multidonator „Creștere, Reziliență și Oportunități pentru Bunăstare în Moldova (M- GROW)” în vederea cofinanțării Programului „Operațiunea politica de dezvoltare pentru sprijinirea creșterii și rezilienței în Moldova”, semnat la 11 iulie 2024",Grant,BIRD / AID,11.07.2024,legis.md,,https://www.legis.md/cautare/getResults?doc_id=144162&lang=ro
HG527/2024,17.07.2024,Hotărâre,"Hotărâre cu privire la aprobarea proiectului de lege pentru ratificarea Acordului de împrumut dintre Republica Moldova și Banca Internațională pentru Reconstrucție și Dezvoltare în vederea realizării Programului „Operațiunea politica de dezvoltare pentru sprijinirea creșterii și rezilienței în Moldova”, semnat la 11 iulie 2024",Împrumut,BIRD,11.07.2024,legis.md,,https://www.legis.md/cautare/getResults?doc_id=144161&lang=ro
HG526/2024,17.07.2024,Hotărâre,Hotărâre cu privire la inițierea negocierilor asupra proiectului Acordului de împrumut dintre Republica Moldova și Banca Internațională pentru Reconstrucție şi Dezvoltare în vederea realizării Proiectului de susținere a managementului riscurilor de dezastre și rezilienței Republicii Moldova și acordarea împuternicirilor pentru negocierea acestuia,Împrumut,BIRD,,legis.md,,https://www.legis.md/cautare/getResults?doc_id=144160&lang=ro
HG525/2024,17.07.2024,Hotărâre,Hotărâre cu privire la inițierea negocierilor asupra proiectului Acordului de facilitate de credit dintre Republica Moldova și Agenția Franceză pentru Dezvoltare nr. CMD 1014 01 E și acordarea împuternicirilor pentru negocierea acestuia,Împrumut,AFD,,legis.md,,https://www.legis.md/cautare/getResults?doc_id=144158&lang=ro
DP1528/2024,15.07.2024,Decret,Decret cu privire la promulgarea Legii pentru ratificarea Acordului de finanțare dintre Republica Moldova și Asociația Internațională pentru Dezvoltare în vederea realizării Proiectului „Conectivitate rurală în Moldova”,Împrumut,AID,,legis.md,,https://www.legis.md/cautare/getResults?doc_id=144170&lang=ro
DP1527/2024,15.07.2024,Decret,Decret cu privire la promulgarea Legii pentru ratificarea Acordului de împrumut dintre Republica Moldova și Banca Internațională pentru Reconstrucție și Dezvoltare în vederea realizării Proiectului „Conectivitate rurală în Moldova”,Împrumut,BIRD,,legis.md,,https://www.legis.md/cautare/getResults?doc_id=144167&lang=ro
LP177/2024,11.07.2024,Lege,Lege pentru ratificarea Acordului de finanțare dintre Republica Moldova și Asociația Internațională pentru Dezvoltare în vederea realizării Proiectului „Conectivitate rurală în Moldova”,Împrumut,AID,,legis.md,,https://www.legis.md/cautare/getResults?doc_id=144171&lang=ro
LP176/2024,11.07.2024,Lege,Lege pentru ratificarea Acordului de împrumut dintre Republica Moldova și Banca Internațională pentru Reconstrucție și Dezvoltare în vederea realizării Proiectului „Conectivitate rurală în Moldova”,Împrumut,BIRD,,legis.md,,https://www.legis.md/cautare/getResults?doc_id=144169&lang=ro
LP173/2024,11.07.2024,Lege,Lege pentru ratificarea Acordului de împrumut dintre Republica Moldova și Banca Internațională pentru Reconstrucție și Dezvoltare cu privire la Proiectul „Modernizarea și îmbunătățirea serviciilor de reabilitare”,Împrumut,BIRD,,legis.md,,https://www.legis.md/cautare/getResults?doc_id=144281&lang=ro
LP172/2024,11.07.2024,Lege,Lege pentru ratificarea Acordului de modificare nr. 1 la Acordul de împrumut dintre Republica Moldova și Banca Europeană pentru Reconstrucție și Dezvoltare „RLF – Răspuns de urgență – Căile Ferate din Moldova”,Împrumut,BERD,,legis.md,,https://www.legis.md/cautare/getResults?doc_id=144263&lang=ro
HG487/2024,08.07.2024,Hotărâre,"Hotărâre cu privire la aprobarea proiectului de lege pentru ratificarea Acordului de grant dintre Republica Moldova și Banca de Dezvoltare a Consiliului Europei pentru implementarea măsurilor de eficiență energetică în cadrul Proiectului „Locuințe publice III”, semnat la Chișinău la 1 iulie 2024",Grant,CEB,01.07.2024,legis.md,,https://www.legis.md/cautare/getResults?doc_id=144029&lang=ro
HG484/2024,08.07.2024,Hotărâre,"Hotărâre cu privire la aprobarea proiectului de lege pentru ratificarea Acordului de finanțare dintre Republica Moldova și Asociația Internațională pentru Dezvoltare în vederea realizării Proiectului „Conectivitate rurală în Moldova”, semnat la 19 iunie 2024",Împrumut,AID,19.06.2024,legis.md,,https://www.legis.md/cautare/getResults?doc_id=144022&lang=ro
HG483/2024,08.07.2024,Hotărâre,"Hotărâre cu privire la aprobarea proiectului de lege pentru ratificarea Acordului de împrumut dintre Republica Moldova și Banca Internațională pentru Reconstrucție și Dezvoltare în vederea realizării Proiectului „Conectivitate rurală în Moldova”, semnat la 19 iunie 2024",Împrumut,BIRD,19.06.2024,legis.md,,https://www.legis.md/cautare/getResults?doc_id=144015&lang=ro
HG482/2024,08.07.2024,Hotărâre,"Hotărâre cu privire la aprobarea proiectului de lege pentru ratificarea Acordului de grant dintre Republica Moldova și Banca Internațională pentru Reconstrucție și Dezvoltare, acționând în calitate de entitate de implementare a Fondului fiduciar pentru prevenirea, pregătirea și răspunsul la pandemii, semnat la Chișinău la 17 iunie 2024",Grant,BIRD,17.06.2024,legis.md,,https://www.legis.md/cautare/getResults?doc_id=144014&lang=ro
HG481/2024,08.07.2024,Hotărâre,"Hotărâre privind aprobarea proiectului de lege pentru ratificareaAcordului de împrumut dintre Republica Moldova și Banca Internațională pentru Reconstrucție și Dezvoltare cu privire la Proiectul „Modernizarea și îmbunătățirea serviciilor de reabilitare”, semnat la Chișinău la 17 iunie 2024",Împrumut,BIRD,17.06.2024,legis.md,,https://www.legis.md/cautare/getResults?doc_id=144012&lang=ro
HG476/2024,03.07.2024,Hotărâre,"Hotărâre cu privire la inițierea negocierilor asupra proiectului Acordului de facilitate de împrumut dintre Republica Moldova, acționând prin intermediul Ministerului Finanțelor al Republicii Moldova, și Majestatea Sa Regele de drept al Canadei, reprezentat de ministrul dezvoltării internaționale, acționând prin intermediul Departamentului afacerilor externe, comerțului și dezvoltării și acordarea împuternicirilor pentru negocierea acestuia",Împrumut,Canada,,legis.md,,https://www.legis.md/cautare/getResults?doc_id=143965&lang=ro
HG475/2024,03.07.2024,Hotărâre,"Hotărâre cu privire la aprobarea proiectului de lege pentru ratificarea Acordului de modificare nr. 1, semnat la Chișinău la 14 iunie 2024, la Acordul de împrumut dintre Republica Moldova și Banca Europeană pentru Reconstrucție și Dezvoltare „RLF – Răspuns de urgență – Căile Ferate din Moldova”, semnat la Chișinău la 27 iunie 2023",Împrumut,BERD,14.06.2024,legis.md,,https://www.legis.md/cautare/getResults?doc_id=143964&lang=ro
DP1513/2024,01.07.2024,Decret,Decret cu privire la promulgarea Legii pentru ratificarea Amendamentului nr. 2 la Acordul-cadru de împrumut dintre Republica Moldova și Banca de Dezvoltare a Consiliului Europei pentru realizarea Proiectului de construcție a penitenciarului din Chișinău,Împrumut,CEB,,legis.md,,https://www.legis.md/cautare/getResults?doc_id=143937&lang=ro
LP158/2024,27.06.2024,Lege,Lege pentru ratificarea Amendamentului nr. 2 la Acordul-cadru de împrumut dintre Republica Moldova și Banca de Dezvoltare a Consiliului Europei pentru realizarea Proiectului de construcție a penitenciarului din Chișinău,Împrumut,CEB,,legis.md,,https://www.legis.md/cautare/getResults?doc_id=143943&lang=ro
HG453/2024,26.06.2024,Hotărâre,Hotărâre cu privire la aprobarea semnării Acordului de împrumut dintre Republica Moldova și Banca Internațională pentru Reconstrucție şi Dezvoltare în vederea realizării Programului „Operațiunea politica de dezvoltare pentru sprijinirea creșterii și rezilienței în Moldova”,Împrumut,BIRD,,legis.md,,https://www.legis.md/cautare/getResults?doc_id=143805&lang=ro
DP1497/2024,24.06.2024,Decret,"Decret cu privire la aprobarea semnării Acordului de grant dintre Republica Moldova, Banca Internațională pentru Reconstrucție şi Dezvoltare și Asociația Internațională pentru Dezvoltare în vederea realizării Programului Fondului fiduciar multidonator „Creștere, Reziliență și Oportunități pentru Bunăstare în Moldova (M-GROW)” pentru cofinanțarea Programului „Operațiunea Politica de Dezvoltare pentru Sprijinirea Creșterii și Rezilienței în Moldova”",Grant,BIRD / AID,,legis.md,,https://www.legis.md/cautare/getResults?doc_id=143822&lang=ro
DP1490/2024,17.06.2024,Decret,"Decret cu privire la promulgarea Legii pentru ratificarea Amendamentului nr. 2, încheiat prin schimb de scrisori, la Acordul de finanțare dintre Guvernul Republicii Moldova, Uniunea Europeană și Ministerul Dezvoltării Regionale și Administrației Publice al României privind Programul operațional comun Bazinul Mării Negre 2014–2020 pentru Programul de cooperare transfrontalieră al Instrumentului European de Vecinătate (ENI) pe anii 2014–2020",Grant,UE,,legis.md,,https://www.legis.md/cautare/getResults?doc_id=143656&lang=ro
DP1489/2024,17.06.2024,Decret,"Decret cu privire la promulgarea Legii pentru ratificarea Amendamentului nr. 2, întocmit prin schimb de scrisori, la Acordul de finanțare dintre Guvernul Republicii Moldova, Uniunea Europeană și Ministerul Dezvoltării Regionale și Administrației Publice al României privind Programul operațional comun România – Republica Moldova 2014–2020 pentru Programul de cooperare transfrontalieră al Instrumentului European de Vecinătate (ENI) pe anii 2014–2020",Grant,UE,,legis.md,,https://www.legis.md/cautare/getResults?doc_id=143654&lang=ro
DP1486/2024,17.06.2024,Decret,Decret cu privire la inițierea negocierilor și aprobarea semnării Acordului de grant dintre Republica Moldova și Banca de Dezvoltare a Consiliului Europei pentru implementarea măsurilor de eficiență energetică în cadrul Proiectului „Locuințe publice III”,Grant,CEB,,legis.md,,https://www.legis.md/cautare/getResults?doc_id=143667&lang=ro
HG420/2024,12.06.2024,Hotărâre,"Hotărâre pentru aprobarea semnării Acordului de modificare nr. 1 la Acordul de împrumut dintre Republica Moldova și Banca Europeană pentru Reconstrucție și Dezvoltare „RLF – Răspuns de urgență – Căile Ferate din Moldova”, semnat la Chișinău la 27 iunie 2023",Împrumut,BERD,27.06.2023,legis.md,,https://www.legis.md/cautare/getResults?doc_id=143554&lang=ro
HG419/2024,12.06.2024,Hotărâre,Hotărâre cu privire la aprobarea semnării Acordului de împrumut dintre Republica Moldova și Banca Internațională pentru Reconstrucție și Dezvoltare în vederea realizării Proiectului „Conectivitate rurală în Moldova”,Împrumut,BIRD,,legis.md,,https://www.legis.md/cautare/getResults?doc_id=143553&lang=ro
HG418/2024,12.06.2024,Hotărâre,Hotărâre cu privire la aprobarea semnării Acordului de finanțare dintre Republica Moldova și Asociația Internațională pentru Dezvoltare în vederea realizării Proiectului „Conectivitate rurală în Moldova”,Împrumut,AID,,legis.md,,https://www.legis.md/cautare/getResults?doc_id=143552&lang=ro
DP1477/2024,10.06.2024,Decret,"Decret cu privire la promulgarea Legii pentru ratificarea Acordului de grant dintre Republica Moldova și Banca Europeană pentru Reconstrucție și Dezvoltare privind finanțarea proiectelor investiționale orientate spre dezvoltarea infrastructurii în domeniul managementului deșeurilor solide, în sumă de 5 400 000 de euro, în vederea realizării proiectului „Deșeuri solide în Republica Moldova”",Grant,BERD,,legis.md,,https://www.legis.md/cautare/getResults?doc_id=143567&lang=ro
LP140/2024,06.06.2024,Lege,"Lege pentru ratificarea Amendamentului nr. 2, încheiat prin schimb de scrisori, la Acordul de finanțare dintre Guvernul Republicii Moldova, Uniunea Europeană și Ministerul Dezvoltării Regionale și Administrației Publice al României privind Programul operațional comun Bazinul Mării Negre 2014–2020 pentru Programul de cooperare transfrontalieră al Instrumentului European de Vecinătate (ENI) pe anii 2014–2020",Grant,UE,,legis.md,,https://www.legis.md/cautare/getResults?doc_id=143659&lang=ro
LP139/2024,06.06.2024,Lege,"Lege pentru ratificarea Amendamentului nr. 2, întocmit prin schimb de scrisori, la Acordul de finanțare dintre Guvernul Republicii Moldova, Uniunea Europeană și Ministerul Dezvoltării Regionale și Administrației Publice al României privind Programul operațional comun România – Republica Moldova 2014–2020 pentru Programul de cooperare transfrontalieră al Instrumentului European de Vecinătate (ENI) pe anii 2014–2020",Grant,UE,,legis.md,,https://www.legis.md/cautare/getResults?doc_id=143655&lang=ro
HG396/2024,05.06.2024,Hotărâre,Hotărâre pentru aprobarea semnării Acordului de împrumut dintre Republica Moldova și Banca Internațională pentru Reconstrucție și Dezvoltare cu privire la Proiectul „Modernizarea și îmbunătățirea serviciilor de reabilitare”,Împrumut,BIRD,,legis.md,,https://www.legis.md/cautare/getResults?doc_id=143493&lang=ro
HG389/2024,05.06.2024,Hotărâre,"Hotărâre privind aprobarea proiectului de lege cu privire la ratificarea Amendamentului nr. 2 la Acordul-cadru de împrumut dintre Republica Moldova și Banca de Dezvoltare a Consiliului Europei pentru realizarea Proiectului de construcție a penitenciarului din Chișinău, semnat la Chișinău la 30 aprilie 2024",Împrumut,CEB,30.04.2024,legis.md,,https://www.legis.md/cautare/getResults?doc_id=143479&lang=ro
LP129/2024,30.05.2024,Lege,"Lege pentru ratificarea Acordului de grant dintre Republica Moldova și Banca Europeană pentru Reconstrucție și Dezvoltare privind finanțarea proiectelor investiționale orientate spre dezvoltarea infrastructurii în domeniul managementului deșeurilor solide, în sumă de 5 400 000 de euro, în vederea realizării proiectului „Deșeuri solide în Republica Moldova”",Grant,BERD,,legis.md,,https://www.legis.md/cautare/getResults?doc_id=143568&lang=ro
HG377/2024,29.05.2024,Hotărâre,"Hotărâre privind inițierea negocierilor asupra proiectului Acordului de modificare nr. 1 la Acordul de împrumut dintre Republica Moldova și Banca Europeană pentru Reconstrucție și Dezvoltare „RLF – Răspuns de urgență – Căile Ferate din Moldova”, semnat la Chișinău la 27 iunie 2023, și împuternicirea delegației oficiale pentru negocierea acestuia",Împrumut,BERD,27.06.2023,legis.md,,https://www.legis.md/cautare/getResults?doc_id=143399&lang=ro
HG355/2024,29.05.2024,Hotărâre,"Hotărâre cu privire la aprobarea proiectului de lege pentru ratificarea Amendamentului nr. 2, încheiat prin schimb de scrisori, la Acordul de finanțare dintre Guvernul Republicii Moldova, Uniunea Europeană și Ministerul Dezvoltării Regionale şi Administrației Publice al României privind Programul Operațional Comun Bazinul Mării Negre 2014-2020 pentru Programul de Cooperare Transfrontalieră al Instrumentului European de Vecinătate (ENI) pe anii 2014-2020, semnat la Chișinău la 12 decembrie 2016",Grant,UE,12.12.2016,legis.md,,https://www.legis.md/cautare/getResults?doc_id=143370&lang=ro
HG354/2024,29.05.2024,Hotărâre,"Hotărâre cu privire la aprobarea proiectului de lege pentru ratificarea Amendamentului nr. 2, încheiat prin schimb de scrisori, la Acordul de finanțare dintre Guvernul Republicii Moldova, Uniunea Europeană și Ministerul Dezvoltării Regionale şi Administrației Publice al României privind Programul Operațional Comun România – Republica Moldova 2014-2020 pentru Programul de Cooperare Transfrontalieră al Instrumentului European de Vecinătate (ENI) pe anii 2014-2020, semnat la Chișinău la 12 decembrie 2016",Grant,UE,12.12.2016,legis.md,,https://www.legis.md/cautare/getResults?doc_id=143369&lang=ro
DP1454/2024,21.05.2024,Decret,"Decret privind promulgarea Legii pentru ratificarea Acordului de facilitate de credit dintre Republica Moldova și Agenția Franceză pentru Dezvoltare, nr. CMD 1009 01 J",Împrumut,AFD,,legis.md,,https://www.legis.md/cautare/getResults?doc_id=143353&lang=ro
LP115/2024,16.05.2024,Lege,"Lege pentru ratificarea Acordului de facilitate de credit dintre Republica Moldova și Agenția Franceză pentru Dezvoltare, nr. CMD 1009 01 J",Împrumut,AFD,,legis.md,,https://www.legis.md/cautare/getResults?doc_id=143354&lang=ro
HG348/2024,15.05.2024,Hotărâre,Hotărâre cu privire la inițierea negocierilor asupra proiectului Acordului de împrumut dintre Republica Moldova și Banca Internațională pentru Reconstrucție și Dezvoltare în vederea implementării Proiectului „Tranziția durabilă către eficiența energetică în Moldova (STEEM)” și acordarea împuternicirilor delegației pentru negocierea acestuia,Împrumut,BIRD,,legis.md,,https://www.legis.md/cautare/getResults?doc_id=143225&lang=ro
HG345/2024,15.05.2024,Hotărâre,Hotărâre cu privire la inițierea negocierilor asupra proiectului Acordului de împrumut dintre Republica Moldova și Banca Internațională pentru Reconstrucție și Dezvoltare în vederea realizării Programului „Operațiunea politica de dezvoltare pentru sprijinirea creșterii și rezilienței în Moldova” și acordarea împuternicirilor pentru negocierea acestuia,Împrumut,BIRD,,legis.md,,https://www.legis.md/cautare/getResults?doc_id=143223&lang=ro
DP1452/2024,15.05.2024,Decret,"Decret cu privire la inițierea negocierilor asupra proiectului Acordului de grant dintre Republica Moldova, Banca Internațională pentru Reconstrucție şi Dezvoltare și Asociația Internațională pentru Dezvoltare în vederea realizării Programului Fondului fiduciar multidonator „Creștere, Reziliență și Oportunități pentru Bunăstare în Moldova (M-GROW)” pentru cofinanțarea Programului „Operațiunea Politica de Dezvoltare pentru Sprijinirea Creșterii și Rezilienței în Moldova”",Grant,BIRD / AID,,legis.md,,https://www.legis.md/cautare/getResults?doc_id=143270&lang=ro
DP1451/2024,15.05.2024,Decret,"Decret cu privire la inițierea negocierilor asupra proiectului Acordului de grant dintre Republica Moldova, Banca Internațională pentru Reconstrucție şi Dezvoltare și Asociația Internațională pentru Dezvoltare pentru realizarea Programului Fondului fiduciar multidonator „Creștere, Reziliență și Oportunități pentru Bunăstare în Moldova (M-GROW)” în vederea cofinanțării Proiectului „Tranziția durabilă către eficiența energetică în Moldova (STEEM)”",Grant,BIRD / AID,,legis.md,,https://www.legis.md/cautare/getResults?doc_id=143269&lang=ro
DP1449/2024,15.05.2024,Decret,"Decret pentru inițierea negocierilor și aprobarea semnării Amendamentului nr. 1, întocmit prin schimb de scrisori, la Acordul de finanțare dintre Republica Moldova și Asociația Internațională pentru Dezvoltare cu privire la Proiectul de înregistrare şi evaluare funciară",Împrumut,AID,,legis.md,,https://www.legis.md/cautare/getResults?doc_id=143267&lang=ro
DP1430/2024,02.05.2024,Decret,"Decret cu privire la promulgarea Legii pentru ratificarea Acordului de împrumut dintre Republica Moldova și Banca Europeană pentru Reconstrucție și Dezvoltare privind realizarea Proiectului „Interconectarea rețelelor de energie electrică dintre Republica Moldova și România, Faza II”",Împrumut,BERD,,legis.md,,https://www.legis.md/cautare/getResults?doc_id=143140&lang=ro
DP1429/2024,02.05.2024,Decret,Decret cu privire la promulgarea Legii pentru ratificarea Acordului de grant dintre Republica Moldova și Banca de Dezvoltare a Consiliului Europei privind implementarea măsurilor de eficiență energetică în cadrul Proiectului „Locuințe publice III”,Grant,CEB,,legis.md,,https://www.legis.md/cautare/getResults?doc_id=143137&lang=ro
DP1428/2024,02.05.2024,Decret,Decret privind promulgarea Legii pentru ratificarea Acordului-cadru de împrumut dintre Republica Moldova și Banca de Dezvoltare a Consiliului Europei pentru Proiectul „Locuințe publice III”,Împrumut,CEB,,legis.md,,https://www.legis.md/cautare/getResults?doc_id=143133&lang=ro
HG318/2024,30.04.2024,Hotărâre,"Hotărâre cu privire la inițierea negocierilor și aprobarea semnării Amendamentului nr. 2, încheiat prin schimb de scrisori, la Acordul de finanțare dintre Guvernul Republicii Moldova, Uniunea Europeană și Ministerul Dezvoltării Regionale şi Administrației Publice al României privind Programul Operațional Comun România - Republica Moldova 2014-2020 pentru Programul de Cooperare Transfrontalieră al Instrumentului European de Vecinătate (ENI) pe anii 2014-2020, semnat la Chișinău la 12 decembrie 2016",Grant,UE,12.12.2016,legis.md,,https://www.legis.md/cautare/getResults?doc_id=143019&lang=ro
HG317/2024,30.04.2024,Hotărâre,"Hotărâre cu privire la inițierea negocierilor și aprobarea semnării Amendamentului nr. 2, încheiat prin schimb de scrisori, la Acordul de finanțare dintre Guvernul Republicii Moldova, Uniunea Europeană și Ministerul Dezvoltării Regionale şi Administrației Publice al României privind Programul Operațional Comun Bazinul Mării Negre 2014‑2020 pentru Programul de Cooperare Transfrontalieră al Instrumentului European de Vecinătate (ENI) pe anii 2014-2020, semnat la Chișinău la 12 decembrie 2016",Grant,UE,12.12.2016,legis.md,,https://www.legis.md/cautare/getResults?doc_id=143018&lang=ro
HG315/2024,30.04.2024,Hotărâre,"Hotărâre cu privire la aprobarea proiectului de lege pentru ratificarea Acordului de grant dintre Republica Moldova și Banca Europeană pentru Reconstrucție și Dezvoltare privind finanțarea proiectelor investiționale orientate spre dezvoltarea infrastructurii în domeniul managementului deșeurilor solide, în sumă de 5 400 000 de euro, în vederea realizării Proiectului „Deșeuri solide în Republica Moldova”, semnat la 22 februarie 2024",Grant,BERD,22.02.2024,legis.md,,https://www.legis.md/cautare/getResults?doc_id=143016&lang=ro
DP1418/2024,30.04.2024,Decret,"Decret privind inițierea negocierilor și aprobarea semnării Acordului de grant dintre Republica Moldova și Banca Internațională pentru Reconstrucție și Dezvoltare, acționând în calitate de entitate de implementare a Fondului fiduciar pentru prevenirea, pregătirea și răspunsul la pandemii",Grant,BIRD,,legis.md,,https://www.legis.md/cautare/getResults?doc_id=143066&lang=ro
LP104/2024,26.04.2024,Lege,"Lege pentru ratificarea Acordului de împrumut dintre Republica Moldova și Banca Europeană pentru Reconstrucție și Dezvoltare privind realizarea Proiectului „Interconectarea rețelelor de energie electrică dintre Republica Moldova și România, Faza II”",Împrumut,BERD,,legis.md,,https://www.legis.md/cautare/getResults?doc_id=143141&lang=ro
LP102/2024,25.04.2024,Lege,Lege pentru ratificarea Acordului de grant dintre Republica Moldova și Banca de Dezvoltare a Consiliului Europei privind implementarea măsurilor de eficiență energetică în cadrul Proiectului „Locuințe publice III”,Grant,CEB,,legis.md,,https://www.legis.md/cautare/getResults?doc_id=143139&lang=ro
LP101/2024,25.04.2024,Lege,Lege pentru ratificarea Acordului-cadru de împrumut dintre Republica Moldova și Banca de Dezvoltare a Consiliului Europei pentru Proiectul „Locuințe publice III”,Împrumut,CEB,,legis.md,,https://www.legis.md/cautare/getResults?doc_id=143136&lang=ro
HG279/2024,17.04.2024,Hotărâre,"Hotărâre cu privire la modificarea unor hotărâri ale Guvernului (punerea în aplicare a prevederilor Legii nr. 10/2024 pentru ratificarea Acordului de grant, întocmit prin schimb de note, dintre Guvernul Republicii Moldova și Guvernul Japoniei privind realizarea proiectului „Asigurarea fermierilor cu fertilizanți”)",Grant,Japonia,,legis.md,,https://www.legis.md/cautare/getResults?doc_id=142837&lang=ro
HG276/2024,17.04.2024,Hotărâre,Hotărâre cu privire la inițierea negocierilor și aprobarea semnării Amendamentului nr. 2 la Acordul-cadru de împrumut dintre Republica Moldova și Banca de Dezvoltare a Consiliului Europei pentru realizarea Proiectului de construcție a penitenciarului din Chișinău,Împrumut,CEB,,legis.md,,https://www.legis.md/cautare/getResults?doc_id=142835&lang=ro
HG268/2024,17.04.2024,Hotărâre,"Hotărâre cu privire la aprobarea proiectului de lege pentru ratificarea Acordului de împrumut dintre Republica Moldova și Banca Europeană pentru Reconstrucție și Dezvoltare privind realizarea Proiectului „Interconectarea rețelelor de energie electrică dintre Republica Moldova și România, Faza II”, semnat la Chișinău la 13 martie 2024",Împrumut,BERD,13.03.2024,legis.md,,https://www.legis.md/cautare/getResults?doc_id=142829&lang=ro
HG267/2024,17.04.2024,Hotărâre,"Hotărâre cu privire la aprobarea proiectului de lege pentru ratificarea Acordului de facilitate de credit dintre Republica Moldova și Agenția Franceză pentru Dezvoltare nr. CMD 1009 01 J, semnat la Paris la 7 martie 2024",Împrumut,AFD,07.03.2024,legis.md,,https://www.legis.md/cautare/getResults?doc_id=142828&lang=ro
HG266/2024,17.04.2024,Hotărâre,"Hotărâre cu privire la aprobarea proiectului de lege pentru ratificarea Acordului-cadru de împrumut dintre Republica Moldova și Banca de Dezvoltare a Consiliului Europei pentru Proiectul „Locuințe publice III”, semnat la Chișinău la 19 martie 2024",Împrumut,CEB,19.03.2024,legis.md,,https://www.legis.md/cautare/getResults?doc_id=142827&lang=ro
HG265/2024,17.04.2024,Hotărâre,"Hotărâre cu privire la aprobarea proiectului de lege pentru ratificarea Acordului de grant dintre Republica Moldova și Banca de Dezvoltare a Consiliului Europei pentru implementarea ăsurilor de eficiență energetică în cadrul Proiectului „Locuințe publice III”, semnat la Chișinău la 26 martie 2024",Grant,CEB,26.03.2024,legis.md,,https://www.legis.md/cautare/getResults?doc_id=142826&lang=ro
HG205/2024,20.03.2024,Hotărâre,Hotărâre cu privire la inițierea negocierilor asupra proiectului Acordului de împrumut dintre Republica Moldova și Banca Internațională pentru Reconstrucție și Dezvoltare în vederea realizării Proiectului „Conectivitate rurală în Moldova” și acordarea împuternicirilor pentru negocierea acestuia,Împrumut,BIRD,,legis.md,,https://www.legis.md/cautare/getResults?doc_id=142373&lang=ro
HG204/2024,20.03.2024,Hotărâre,Hotărâre cu privire la inițierea negocierilor asupra proiectului Acordului de finanțare dintre Republica Moldova și Asociația Internațională pentru Dezvoltare în vederea realizării Proiectului „Conectivitate rurală în Moldova” și acordarea împuternicirilor pentru negocierea acestuia,Împrumut,AID,,legis.md,,https://www.legis.md/cautare/getResults?doc_id=142372&lang=ro
DP1378/2024,20.03.2024,Decret,Decret cu privire la promulgarea Legii pentru ratificarea Acordului de împrumut dintre Republica Moldova și Banca Europeană pentru Reconstrucție și Dezvoltare privind realizarea Proiectului V de reabilitare a drumurilor din Moldova,Împrumut,BERD,,legis.md,,https://www.legis.md/cautare/getResults?doc_id=142470&lang=ro
DP1377/2024,20.03.2024,Decret,Decret cu privire la promulgarea Legii pentru ratificarea Contractului de finanțare dintre Republica Moldova și Banca Europeană de Investiții „EFSD + Fereastra dedicată investiției 1”,Împrumut,BEI,,legis.md,,https://www.legis.md/cautare/getResults?doc_id=142472&lang=ro
LP54/2024,14.03.2024,Lege,Lege pentru ratificarea Contractului de finanțare dintre Republica Moldova și Banca Europeană de Investiții „EFSD + Fereastra dedicată investiției 1”,Împrumut,BEI,,legis.md,,https://www.legis.md/cautare/getResults?doc_id=142473&lang=ro
LP53/2024,14.03.2024,Lege,Lege pentru ratificarea Acordului de împrumut dintre Republica Moldova și Banca Europeană pentru Reconstrucție şi Dezvoltare privind realizarea Proiectului V de reabilitare a drumurilor din Moldova,Împrumut,BERD,,legis.md,,https://www.legis.md/cautare/getResults?doc_id=142471&lang=ro
HG198/2024,14.03.2024,Hotărâre,"Hotărâre pentru modificarea punctului 4 din Hotărârea Guvernului nr. 171/2024 cu privire la inițierea negocierilor și aprobarea semnării Memorandumului de înțelegere tripartit dintre Ministerul Mediului din Republica Moldova, Societatea Silvică a Fondului de Depozit și Consignație și Agenția Franceză pentru Dezvoltare",Asistență tehnică,AFD,,legis.md,,https://www.legis.md/cautare/getResults?doc_id=142315&lang=ro
HG188/2024,13.03.2024,Hotărâre,Hotărâre privind inițierea negocierilor și aprobarea semnării Acordului-cadru de împrumut dintre Republica Moldova și Banca de Dezvoltare a Consiliului Europei pentru Proiectul „Locuințe publice III”,Împrumut,CEB,,legis.md,,https://www.legis.md/cautare/getResults?doc_id=142277&lang=ro
DP1364/2024,12.03.2024,Decret,Decret pentru inițierea negocierilor și aprobarea semnării Acordului de grant dintre Republica Moldova și Banca de Dezvoltare a Consiliului Europei pentru implementarea măsurilor de eficiență energetică în cadrul Proiectului „Locuințe publice III”,Grant,CEB,,legis.md,,https://www.legis.md/cautare/getResults?doc_id=142312&lang=ro
HG171/2024,06.03.2024,Hotărâre,"Hotărâre cu privire la inițierea negocierilor și aprobarea semnării Memorandumului de înțelegere tripartit dintre Ministerul Mediului din Republica Moldova, Societatea Silvică a Fondului de Depozit și Consignație și Agenția Franceză pentru Dezvoltare",Asistență tehnică,AFD,,legis.md,,https://www.legis.md/cautare/getResults?doc_id=142334&lang=ro
HG170/2024,06.03.2024,Hotărâre,Hotărâre cu privire la aprobarea semnării Acordului de facilitate de credit dintre Republica Moldova și Agenția Franceză pentru Dezvoltare nr. CMD 1009 01 J,Împrumut,AFD,,legis.md,,https://www.legis.md/cautare/getResults?doc_id=142212&lang=ro
HG162/2024,06.03.2024,Hotărâre,"Hotărâre cu privire la aprobarea semnării Acordului de împrumut dintre Republica Moldova și Banca Europeană pentru Reconstrucție și Dezvoltare privind realizarea Proiectului „Interconectarea rețelelor de energie electrică dintre Republica Moldova și România, Faza II”",Împrumut,BERD,,legis.md,,https://www.legis.md/cautare/getResults?doc_id=142209&lang=ro
HG143/2024,28.02.2024,Hotărâre,"Hotărâre cu privire la aprobarea proiectului de lege pentru ratificarea Contractului de finanțare dintre Republica Moldova şi Banca Europeană de Investiții „EFSD + Fereastra dedicată investiției 1”, semnat la Chișinău la 15 decembrie 2023",Împrumut,BEI,15.12.2023,legis.md,,https://www.legis.md/cautare/getResults?doc_id=142045&lang=ro
HG142/2024,28.02.2024,Hotărâre,"Hotărâre cu privire la aprobarea proiectului de lege pentru ratificarea Acordului de împrumut dintre Republica Moldova şi Banca Europeană pentru Reconstrucție şi Dezvoltare privind realizarea Proiectului V de reabilitare a drumurilor din Moldova, semnat la Londra la 22 ianuarie 2024",Împrumut,BERD,22.01.2024,legis.md,,https://www.legis.md/cautare/getResults?doc_id=142044&lang=ro
HG136/2024,28.02.2024,Hotărâre,Hotărâre cu privire la aprobarea Acordului de finanțare dintre Guvernul Republicii Moldova și Comisia Europeană privind Programul „UE4Moldova: Integrare și Stabilitate”,Grant,UE,,legis.md,,https://www.legis.md/cautare/getResults?doc_id=142040&lang=ro
DP1342/2024,20.02.2024,Decret,"Decret cu privire la promulgarea Legii pentru ratificarea Acordului de grant dintre Ministerul Mediului al Republicii Moldova și Banca Europeană pentru Reconstrucție și Dezvoltare privind finanțarea asistenței tehnice, în sumă de 600000 de euro, în vederea realizării Proiectului „Deșeuri solide în Republica Moldova”",Grant,BERD,,legis.md,,https://www.legis.md/cautare/getResults?doc_id=141965&lang=ro
LP24/2024,15.02.2024,Lege,"Lege pentru ratificarea Acordului de grant dintre Ministerul Mediului al Republicii Moldova și Banca Europeană pentru Reconstrucție și Dezvoltare privind finanțarea asistenței tehnice, în sumă de 600000 de euro, în vederea realizării Proiectului „Deșeuri solide în Republica Moldova”",Grant,BERD,,legis.md,,https://www.legis.md/cautare/getResults?doc_id=141966&lang=ro
HG112/2024,14.02.2024,Hotărâre,"Hotărâre cu privire la inițierea negocierilor și aprobarea semnării Înțelegerii, întocmite prin schimb de note, dintre Guvernul Republicii Moldova și Guvernul Republicii Federale Germania privind cooperarea financiară pentru finanțarea proiectelor „Facilitarea dezvoltării IMM-urilor din Moldova”, „Facilitarea dezvoltării IMM-urilor din Moldova măsuri adiționale” „Program deschis de dezvoltare urbană din Moldova” și „Program deschis de dezvoltare urbană din Moldova măsuri adiționale”",Grant,Germania,,legis.md,,https://www.legis.md/cautare/getResults?doc_id=141850&lang=ro
HG110/2024,14.02.2024,Hotărâre,Hotărâre cu privire la inițierea negocierilor și aprobarea semnării Acordului de finanțare dintre Guvernul Republicii Moldova și Comisia Europeană privind Programul „UE4Moldova: Integrare și Stabilitate”,Grant,UE,,legis.md,,https://www.legis.md/cautare/getResults?doc_id=141848&lang=ro
DP1331/2024,09.02.2024,Decret,"Decret cu privire la promulgarea Legii pentru ratificarea Acordului de grant, întocmit prin schimb de note, dintre Guvernul Republicii Moldova și Guvernul Japoniei privind realizarea proiectului „Asigurarea fermierilor cu fertilizanți”",Grant,Japonia,,legis.md,,https://www.legis.md/cautare/getResults?doc_id=141809&lang=ro
HG89/2024,07.02.2024,Hotărâre,"Hotărâre pentru aprobarea Memorandumului de înțelegere dintre Guvernul Republicii Moldova și Guvernul României privind realizarea proiectelor necesare interconectării rețelelor de gaze naturale și energie electrică din Republica Moldova și România, semnat la Chișinău la 11 decembrie 2023",Asistență tehnică,România,11.12.2023,legis.md,,https://www.legis.md/cautare/getResults?doc_id=141706&lang=ro
LP10/2024,01.02.2024,Lege,"Lege pentru ratificarea Acordului de grant, întocmit prin schimb de note, dintre Guvernul Republicii Moldova și Guvernul Japoniei privind realizarea proiectului „Asigurarea fermierilor cu fertilizanți”",Grant,Japonia,,legis.md,,https://www.legis.md/cautare/getResults?doc_id=141810&lang=ro
HG44/2024,24.01.2024,Hotărâre,"Hotărâre cu privire la aprobarea proiectului de lege pentru ratificarea Acordului de grant, întocmit prin schimb de note, dintre Guvernul Republicii Moldova și Guvernul Japoniei privind realizarea Proiectului „Asigurarea fermierilor cu fertilizanți”, semnat la Chișinău la 6 decembrie 2023",Grant,Japonia,06.12.2023,legis.md,,https://www.legis.md/cautare/getResults?doc_id=141432&lang=ro
HG43/2024,24.01.2024,Hotărâre,"Hotărâre cu privire la aprobarea proiectului de lege pentru ratificarea Acordului de grant dintre Ministerul Mediului al Republicii Moldova și Banca Europeană pentru Reconstrucție și Dezvoltare privind finanțarea asistenței tehnice, în sumă de 600 000 de euro, în vederea realizării Proiectului „Deșeuri solide în Republica Moldova”, semnat la Chișinău la 20 decembrie 2023",Grant,BERD,20.12.2023,legis.md,,https://www.legis.md/cautare/getResults?doc_id=141431&lang=ro
HG28/2024,10.01.2024,Hotărâre,"Hotărâre pentru inițierea negocierilor asupra proiectului Acordului de împrumut dintre Republica Moldova și Banca Europeană pentru Reconstrucție și Dezvoltare privind realizarea Proiectului „Interconectarea rețelelor de energie electrică dintre Republica Moldova și România, Faza II” și acordarea împuternicirilor delegației oficiale pentru negocierea acestuia",Împrumut,BERD,,legis.md,,https://www.legis.md/cautare/getResults?doc_id=141216&lang=ro
HG27/2024,10.01.2024,Hotărâre,Hotărâre pentru inițierea negocierilor și aprobarea semnării Acordului dintre Ministerul Agriculturii și Industriei Alimentare al Republicii Moldova și Agenția Elvețiană pentru Dezvoltare și Cooperare cu privire la а doua fază a Proiectului „Oportunități prin Tehnologii și Inovație în Moldova (OPTIM)”,Grant,Elveția,,legis.md,,https://www.legis.md/cautare/getResults?doc_id=141215&lang=ro
DP1293/2024,09.01.2024,Decret,"Decret cu privire la promulgarea Legii pentru ratificarea Acordului de împrumut dintre Guvernul Republicii Moldova și Bank Gospodarstwa Krajowego (Polonia) pentru susținerea dezvoltării întreprinderilor mici și mijlocii, prin intermediul instituției publice „Organizația pentru Dezvoltarea Antreprenoriatului”",Împrumut,Polonia,,legis.md,,https://www.legis.md/cautare/getResults?doc_id=141201&lang=ro
DP1283/2023,29.12.2023,Decret,"Decret pentru inițierea negocierilor și aprobarea semnării Acordului de grant dintre Republica Moldova și Banca Europeană pentru Reconstrucție și Dezvoltare privind finanțarea proiectelor investiționale orientate spre dezvoltarea infrastructurii în domeniul managementului deșeurilor solide, în sumă de 5 400 000 euro, în vederea realizării Proiectului „Deșeuri solide în Republica Moldova”",Grant,BERD,,legis.md,,https://www.legis.md/cautare/getResults?doc_id=141000&lang=ro
LP441/2023,28.12.2023,Lege,"Lege pentru ratificarea Acordului de împrumut dintre Guvernul Republicii Moldova și Bank Gospodarstwa Krajowego (Polonia) pentru susținerea dezvoltării întreprinderilor miciși mijlocii, prin intermediul instituției publice „Organizația pentru Dezvoltarea Antreprenoriatului”",Împrumut,Polonia,,legis.md,,https://www.legis.md/cautare/getResults?doc_id=141202&lang=ro
DP1273/2023,28.12.2023,Decret,Decret cu privire la promulgarea Legii pentru ratificarea Acordului de modificare nr. 1 la Acordul de împrumut dintre Republica Moldova și Banca Europeană pentru Reconstrucție și Dezvoltare în vederea realizării proiectului „Securitatea furnizării gazelor naturale”,Împrumut,BERD,,legis.md,,https://www.legis.md/cautare/getResults?doc_id=141014&lang=ro
DP1272/2023,28.12.2023,Decret,Decret cu privire la promulgarea Legii pentru ratificarea Acordului de grant dintre Republica Moldova și Banca Europeană pentru Reconstrucție și Dezvoltare în vederea realizării proiectului „Securitatea furnizării gazelor naturale”,Grant,BERD,,legis.md,,https://www.legis.md/cautare/getResults?doc_id=140976&lang=ro
HG1065/2023,27.12.2023,Hotărâre,"Hotărâre cu privire la aprobarea proiectului de lege pentru ratificarea Acordului de împrumut dintre Guvernul Republicii Moldova şi Bank Gospodarstwa Krajowego (Polonia) pentru susținerea dezvoltării întreprinderilor mici și mijlocii prin intermediul Instituției Publice Organizația pentru Dezvoltarea Antreprenoriatului, semnat la Chișinău la 19 decembrie 2023",Împrumut,Polonia,19.12.2023,legis.md,,https://www.legis.md/cautare/getResults?doc_id=140907&lang=ro
LP425/2023,22.12.2023,Lege,Lege pentru ratificarea Acordului de modificare nr. 1 la Acordul de împrumut dintre Republica Moldova și Banca Europeană pentru Reconstrucție și Dezvoltare în vederea realizării proiectului „Securitatea furnizării gazelor naturale”,Împrumut,BERD,,legis.md,,https://www.legis.md/cautare/getResults?doc_id=141015&lang=ro
LP424/2023,22.12.2023,Lege,Lege pentru ratificarea Acordului de grant dintre Republica Moldova și Banca Europeană pentru Reconstrucție și Dezvoltare în vederea realizării proiectului „Securitatea furnizării gazelor naturale”,Grant,BERD,,legis.md,,https://www.legis.md/cautare/getResults?doc_id=140978&lang=ro
HG1051/2023,21.12.2023,Hotărâre,Hotărâre cu privire la inițierea negocierilor asupra proiectului Acordului de împrumut dintre Republica Moldova și Banca Internațională pentru Reconstrucție și Dezvoltare privind Proiectul „Modernizarea și îmbunătățirea serviciilor de reabilitare”,Împrumut,BIRD,,legis.md,,https://www.legis.md/cautare/getResults?doc_id=140775&lang=ro
DP1244/2023,18.12.2023,Decret,Decret privind promulgarea Legii pentru ratificarea Amendamentului nr. 5 la Contractul de finanțare dintre Republica Moldova și Banca Europeană de Investiții în vederea implementării Proiectului „Livada Moldovei” și a Amendamentului nr. 4 la Scrisoarea de însoțire asupra acestui contract,Împrumut,BEI,,legis.md,,https://www.legis.md/cautare/getResults?doc_id=140671&lang=ro
DP1243/2023,14.12.2023,Decret,"Decret cu privire la promulgarea Legii pentru ratificarea Acordului de grant „RLF – Răspuns de urgență – Căile Ferate din Moldova” dintre Republica Moldova, Î.S. „Calea Ferată din Moldova” și Banca Europeană pentru Reconstrucție și Dezvoltare",Grant,BERD,,legis.md,,https://www.legis.md/cautare/getResults?doc_id=140674&lang=ro
HG998/2023,13.12.2023,Hotărâre,"Hotărâre pentru aprobarea Addendumului nr. 2, semnat la Chișinău la 27 octombrie 2023, la Acordul de finanțare dintre Guvernul Republicii Moldova și Uniunea Europeană cu privire la reabilitarea rețelelor de transport electric ale Î.S. „Moldelectrica”, semnat la Chișinău la 17 decembrie 2012",Grant,UE,27.10.2023,legis.md,,https://www.legis.md/cautare/getResults?doc_id=140560&lang=ro
HG996/2023,13.12.2023,Hotărâre,Hotărâre cu privire la inițierea negocierilor asupra proiectului Acordului de facilitate de credit dintre Republica Moldova și Agenția Franceză pentru Dezvoltare nr. CMD 1009 01 J,Împrumut,AFD,,legis.md,,https://www.legis.md/cautare/getResults?doc_id=140559&lang=ro
HG995/2023,13.12.2023,Hotărâre,"Hotărâre cu privire la inițierea negocierilor și aprobarea semnării Acordului de grant dintre Ministerul Mediului al Republicii Moldova și Banca Europeană pentru Reconstrucții și Dezvoltare privind finanțarea asistenței tehnice în sumă de 600 000 de euro, în vederea realizării Proiectului „Deșeuri solide în Republica Moldova”",Grant,BERD,,legis.md,,https://www.legis.md/cautare/getResults?doc_id=140558&lang=ro
HG990/2023,13.12.2023,Hotărâre,Hotărâre cu privire la inițierea negocierilor şi aprobarea semnării Contractului de finanțare dintre Republica Moldova şi Banca Europeană de Investiții „EFSD + Fereastra dedicată investiției 1”,Împrumut,BEI,,legis.md,,https://www.legis.md/cautare/getResults?doc_id=140605&lang=ro
LP385/2023,07.12.2023,Lege,"Lege pentru ratificarea Acordului de grant „RLF – Răspuns de urgență – Căile Ferate din Moldova” dintre Republica Moldova, Î.S. „Calea Ferată din Moldova” și Banca Europeană pentru Reconstrucție și Dezvoltare",Grant,BERD,,legis.md,,https://www.legis.md/cautare/getResults?doc_id=140675&lang=ro
LP378/2023,07.12.2023,Lege,Lege pentru ratificarea Amendamentului nr. 5 la Contractul de finanțare dintre Republica Moldova și Banca Europeană de Investiții în vederea implementării Proiectului „Livada Moldovei” și a Amendamentului nr. 4 la Scrisoarea de însoțire asupra acestui contract,Împrumut,BEI,,legis.md,,https://www.legis.md/cautare/getResults?doc_id=140673&lang=ro
HG983/2023,06.12.2023,Hotărâre,Hotărâre cu privire la inițierea negocierilor și aprobarea semnării Addendumului nr. 1 la Acordul de finanțare dintre Guvernul Republicii Moldova și Comisia Europeană privind consolidarea supremației legii și a mecanismelor anticorupție în Republica Moldova,Grant,UE,,legis.md,,https://www.legis.md/cautare/getResults?doc_id=140418&lang=ro
HG968/2023,06.12.2023,Hotărâre,Hotărâre pentru aprobarea semnării Memorandumului de înțelegere dintre Guvernul Republicii Moldova și Guvernul României privind realizarea proiectelor necesare interconectării rețelelor de gaze naturale și energie electrică din Republica Moldova și România,Asistență tehnică,România,,legis.md,,https://www.legis.md/cautare/getResults?doc_id=140412&lang=ro
HG967/2023,06.12.2023,Hotărâre,Hotărâre cu privire la aprobarea semnării Acordului de împrumut dintre Guvernul Republicii Moldova şi Bank Gospodarstwa Krajowego (Polonia) pentru susținerea dezvoltării întreprinderilor mici și mijlocii prin intermediul Instituției Publice Organizația pentru Dezvoltarea Antreprenoriatului,Împrumut,Polonia,,legis.md,,https://www.legis.md/cautare/getResults?doc_id=140411&lang=ro
HG966/2023,06.12.2023,Hotărâre,"Hotărâre cu privire la inițierea negocierilor și aprobarea semnării Înțelegerii, întocmite prin schimb de note, dintre Guvernul Republicii Moldova și Guvernul Republicii Federale Germania privind cooperarea tehnică pentru finanțarea proiectelor „Promovarea angajabilității tinerilor în Moldova”, „Eficiență energetică și energii regenerabile pentru Moldova” și „Administrație publică atractivă și eficientă pentru Moldova”",Asistență tehnică,Germania,,legis.md,,https://www.legis.md/cautare/getResults?doc_id=140410&lang=ro
HG961/2023,06.12.2023,Hotărâre,Hotărâre cu privire la aprobarea semnării Acordului de împrumut dintre Republica Moldova şi Banca Europeană pentru Reconstrucție şi Dezvoltare privind realizarea Proiectului V de reabilitare a drumurilor din Moldova,Împrumut,BERD,,legis.md,,https://www.legis.md/cautare/getResults?doc_id=140405&lang=ro
DP1215/2023,05.12.2023,Decret,Decret cu privire la promulgarea Legii pentru ratificarea Acordului de împrumut dintre Republica Moldova și Banca Europeană pentru Reconstrucție și Dezvoltare „RLF – Răspuns de urgență – Căile Ferate din Moldova”,Împrumut,BERD,,legis.md,,https://www.legis.md/cautare/getResults?doc_id=140373&lang=ro
HG931/2023,29.11.2023,Hotărâre,"Hotărâre cu privire la aprobarea proiectului de lege pentru ratificarea Amendamentului nr. 5 la Contractul de finanțare dintre Republica Moldova și Banca Europeană de Investiții în vederea implementării Proiectului „Livada Moldovei”, semnat la Chișinău la 31 iulie 2014, și a ​Amendamentului nr. 4 la Scrisoarea de însoțire asupra acestuia, semnatela Chișinău la 22 noiembrie 2023",Împrumut,BEI,31.07.2014,legis.md,,https://www.legis.md/cautare/getResults?doc_id=140271&lang=ro
HG930/2023,29.11.2023,Hotărâre,"Hotărâre cu privire la aprobarea proiectului de lege pentru ratificarea Acordului de modificare nr. 1, semnat la Chișinău la 13 octombrie 2023, la Acordul de împrumut dintre Republica Moldova și Banca Europeană pentru Reconstrucție și Dezvoltare în vederea realizării proiectului „Securitatea furnizării gazelor naturale”, semnat la Chișinău la 23 iunie 2022",Împrumut,BERD,13.10.2023,legis.md,,https://www.legis.md/cautare/getResults?doc_id=140270&lang=ro
HG929/2023,29.11.2023,Hotărâre,"Hotărâre cu privire la aprobarea proiectului de lege pentru ratificarea Acordului de grant dintre Republica Moldova și Banca Europeană pentruReconstrucție și Dezvoltare în vederea realizării proiectului „Securitatea furnizării gazelor naturale”, semnat la Chișinău la 13 octombrie 2023",Grant,BERD,13.10.2023,legis.md,,https://www.legis.md/cautare/getResults?doc_id=140269&lang=ro
HG928/2023,29.11.2023,Hotărâre,"Hotărâre cu privire la aprobarea proiectului de lege pentru ratificarea Acordului de grant dintre Republica Moldova, Î.S. „Calea Ferată din Moldova” și Banca Europeană pentru Reconstrucție și Dezvoltare „RLF – Răspuns de urgență – Căile Ferate din Moldova”, semnat la Chișinău la 27 iunie 2023",Grant,BERD,27.06.2023,legis.md,,https://www.legis.md/cautare/getResults?doc_id=140268&lang=ro
LP351/2023,24.11.2023,Lege,Lege pentru ratificarea Acordului de împrumut dintre Republica Moldova și Banca Europeană pentru Reconstrucție și Dezvoltare „RLF – Răspuns de urgență – Căile Ferate din Moldova”,Împrumut,BERD,,legis.md,,https://www.legis.md/cautare/getResults?doc_id=140374&lang=ro
HG921/2023,22.11.2023,Hotărâre,"Hotărâre cu privire la inițierea negocierilor și aprobarea semnării Acordului, încheiat prin schimb de note, între Guvernul Republicii Moldova, Cabinetul de Miniștri al Ucrainei și Comisia Europeană privind prelungirea mandatului Misiunii Comisiei Europene de Asistență la Frontieră în Republica Moldova și în Ucraina",Grant,UE,,legis.md,,https://www.legis.md/cautare/getResults?doc_id=140098&lang=ro
HG908/2023,22.11.2023,Hotărâre,"Hotărâre cu privire la aprobarea Avizului asupra Amendamentului la proiectul de lege pentru ratificarea Acordului de împrumut dintre Republica Moldova și Banca Europeană pentru Reconstrucție și Dezvoltare „RLF-Răspuns de urgență – Căile Ferate din Moldova”, semnat la Chișinău la 27 iunie 2023",Împrumut,BERD,27.06.2023,legis.md,,https://www.legis.md/cautare/getResults?doc_id=140093&lang=ro
DP1185/2023,14.11.2023,Decret,Decret cu privire la promulgarea Legii pentru ratificarea Acordului-cadru de împrumut dintre Republica Moldova și Banca de Dezvoltare a Consiliului Europei pentru realizarea proiectului „Construcția Spitalului Regional Bălți”,Împrumut,CEB,,legis.md,,https://www.legis.md/cautare/getResults?doc_id=140032&lang=ro
DP1184/2023,14.11.2023,Decret,"Decret cu privire la promulgarea Legii pentru ratificarea Acordului de facilitate de credit dintre Republica Moldova și Agenția Franceză pentru Dezvoltare, în sumă de 40 de milioane de euro",Împrumut,AFD,,legis.md,,https://www.legis.md/cautare/getResults?doc_id=140029&lang=ro
LP328/2023,09.11.2023,Lege,Lege pentru ratificarea Acordului-cadru de împrumut dintre Republica Moldova și Banca de Dezvoltare a Consiliului Europei pentru realizarea proiectului „Construcția Spitalului Regional Bălți”,Împrumut,CEB,,legis.md,,https://www.legis.md/cautare/getResults?doc_id=140035&lang=ro
LP324/2023,09.11.2023,Lege,"Lege pentru ratificarea Acordului de facilitate de credit dintre Republica Moldova și Agenția Franceză pentru Dezvoltare, în sumă de 40 de milioane de euro",Împrumut,AFD,,legis.md,,https://www.legis.md/cautare/getResults?doc_id=140030&lang=ro
HG872/2023,08.11.2023,Hotărâre,"Hotărâre cu privire la inițierea negocierilor și aprobarea semnării Amendamentului nr. 5 la Contractul de finanțare dintre Republica Moldova și Banca Europeană de Investiții și a Amendamentului nr. 4 la Scrisoarea de însoțire asupra Contractului de finanțare în vederea implementării proiectului „Livada Moldovei”, semnat la Chișinău la 31 iulie 2014",Împrumut,BEI,31.07.2014,legis.md,,https://www.legis.md/cautare/getResults?doc_id=139872&lang=ro
HG865/2023,08.11.2023,Hotărâre,Hotărâre cu privire la inițierea negocierilor asupra proiectului Acordului de împrumut dintre Republica Moldova şi Banca Europeană pentru Reconstrucție şi Dezvoltare privind realizarea Proiectului V de reabilitare a drumurilor din Moldova și acordarea împuternicirilor pentru negocierea acestuia,Împrumut,BERD,,legis.md,,https://www.legis.md/cautare/getResults?doc_id=139867&lang=ro
DP1173/2023,06.11.2023,Decret,"Decret cu privire la promulgarea Legii pentru ratificarea Acordului de finanțare dintre Republica Moldova, Comisia Europeană și Ministerul Dezvoltării, Lucrărilor Publice și Administrației al României pentru Programul Interreg VI-B NEXT Bazinul Mării Negre 2021–2027",Grant,UE,,legis.md,,https://www.legis.md/cautare/getResults?doc_id=139852&lang=ro
DP1172/2023,06.11.2023,Decret,"Decret cu privire la promulgarea Legii pentru ratificarea Acordului de finanțare dintre Republica Moldova, Comisia Europeană și Oficiul Prim-ministrului Ungariei pentru Programul Regiunea Dunării Interreg IV-B 2021–2027",Grant,UE,,legis.md,,https://www.legis.md/cautare/getResults?doc_id=139831&lang=ro
DP1171/2023,06.11.2023,Decret,"Decret cu privire la promulgarea Legii pentru ratificarea Acordului de finanțare dintre Republica Moldova, Comisia Europeană și Ministerul Dezvoltării, Lucrărilor Publice și Administrației al României pentru Programul Interreg VI-A NEXT România – Republica Moldova 2021–2027",Grant,UE,,legis.md,,https://www.legis.md/cautare/getResults?doc_id=139850&lang=ro
HG830/2023,01.11.2023,Hotărâre,"Hotărâre cu privire la aprobarea proiectului de lege pentru ratificarea Acordului-cadru de împrumut dintre Republica Moldova și Banca de Dezvoltare a Consiliului Europei pentru realizarea proiectului „Construcția Spitalului Regional Bălți”, semnat la Chișinău la 16 octombrie 2023",Împrumut,CEB,16.10.2023,legis.md,,https://www.legis.md/cautare/getResults?doc_id=139704&lang=ro
HG813/2023,27.10.2023,Hotărâre,"Hotărâre cu privire la aprobarea proiectului de lege pentru ratificarea Acordului de facilitate de credit dintre Republica Moldova și Agenția Franceză pentru Dezvoltare în sumă de 40 de milioane de euro, semnat la Chișinău la 17 octombrie 2023",Împrumut,AFD,17.10.2023,legis.md,,https://www.legis.md/cautare/getResults?doc_id=139681&lang=ro
HG811/2023,27.10.2023,Hotărâre,"Hotărâre pentru inițierea negocierilor și aprobarea semnării Acordului de grant, întocmit prin schimb de note, dintre Guvernul Republicii Moldova și Guvernul Japoniei privind realizarea proiectului „Asigurarea fermierilor cu fertilizanți”",Grant,Japonia,,legis.md,,https://www.legis.md/cautare/getResults?doc_id=139679&lang=ro
LP309/2023,26.10.2023,Lege,"Lege pentru ratificarea Acordului de finanțare dintre Republica Moldova, Comisia Europeană și Ministerul Dezvoltării, Lucrărilor Publice și Administrației al României pentru Programul Interreg VI-B NEXT Bazinul Mării Negre 2021–2027",Grant,UE,,legis.md,,https://www.legis.md/cautare/getResults?doc_id=139853&lang=ro
LP308/2023,26.10.2023,Lege,"Lege pentru ratificarea Acordului de finanțare dintre Republica Moldova, Comisia Europeană și Oficiul Prim-ministrului Ungariei pentru Programul Regiunea Dunării Interreg IV-B 2021–2027",Grant,UE,,legis.md,,https://www.legis.md/cautare/getResults?doc_id=139832&lang=ro
LP307/2023,26.10.2023,Lege,"Lege pentru ratificarea Acordului de finanțare dintre Republica Moldova, Comisia Europeană și Ministerul Dezvoltării, Lucrărilor Publice și Administrației al României pentru Programul Interreg VI-A NEXT România – Republica Moldova 2021–2027",Grant,UE,,legis.md,,https://www.legis.md/cautare/getResults?doc_id=139851&lang=ro
HG789/2023,18.10.2023,Hotărâre,"Hotărâre pentru inițierea negocierilor și aprobarea semnării Addendumului nr. 2 la Acordul de finanțare dintre Guvernul Republicii Moldova și Uniunea Europeană cu privire la reabilitarea rețelelor de transport electric ale Î.S. „Moldelectrica”, semnat la Chișinău la 17 decembrie 2012",Grant,UE,17.12.2012,legis.md,,https://www.legis.md/cautare/getResults?doc_id=139478&lang=ro
HG784/2023,11.10.2023,Hotărâre,"Hotărâre cu privire la inițierea negocierilor și aprobarea semnării Memorandumului de înțelegere dintre Guvernul Republicii Moldova, reprezentat de Ministerul Finanțelor, Ministerul Mediului, și Agenția Franceză pentru Dezvoltare",Asistență tehnică,AFD,,legis.md,,https://www.legis.md/cautare/getResults?doc_id=139436&lang=ro
HG771/2023,11.10.2023,Hotărâre,"Hotărâre cu privire la aprobarea semnării Acordului de facilitate de credit dintre Republica Moldova și Agenția Franceză pentru Dezvoltare, în sumă de 40 de milioane de euro",Împrumut,AFD,,legis.md,,https://www.legis.md/cautare/getResults?doc_id=139421&lang=ro
DP1141/2023,09.10.2023,Decret,Decret privind aprobarea semnării Acordului de modificare nr. 1 la Acordul de împrumut dintre Republica Moldova și Banca Europeană pentru Reconstrucție și Dezvoltare în vederea realizării Proiectului „Securitatea furnizării gazelor naturale”,Împrumut,BERD,,legis.md,,https://www.legis.md/cautare/getResults?doc_id=139407&lang=ro
DP1140/2023,09.10.2023,Decret,Decret privind inițierea negocierilor și aprobarea semnării Acordului de grant dintre Republica Moldova și Banca Europeană pentru Reconstrucție și Dezvoltare în vederea realizării Proiectului „Securitatea furnizării gazelor naturale”,Grant,BERD,,legis.md,,https://www.legis.md/cautare/getResults?doc_id=139406&lang=ro
HG755/2023,04.10.2023,Hotărâre,"Hotărâre cu privire la aprobarea proiectului de lege pentru ratificarea Acordului de finanțare dintre Republica Moldova, Comisia Europeană și Ministerul Dezvoltării, Lucrărilor Publice și Administrației al României pentru Programul Interreg VI-B NEXT Bazinul Mării Negre 2021-2027, semnat la 11 august 2023",Grant,UE,11.08.2023,legis.md,,https://www.legis.md/cautare/getResults?doc_id=139343&lang=ro
HG754/2023,04.10.2023,Hotărâre,"Hotărâre cu privire la aprobarea proiectului de lege pentru ratificarea Acordului de finanțare dintre Republica Moldova, Comisia Europeană și Oficiul Prim-ministrului Ungariei pentru Programul Regiunea Dunării Interreg IV-B 2021-2027, semnat la 11 august 2023",Grant,UE,11.08.2023,legis.md,,https://www.legis.md/cautare/getResults?doc_id=139342&lang=ro
HG753/2023,04.10.2023,Hotărâre,"Hotărâre cu privire la aprobarea proiectului de lege pentru ratificarea Acordului de finanțare dintre Republica Moldova, Comisia Europeană și Ministerul Dezvoltării, Lucrărilor Publice și Administrației al României pentru Programul Interreg VI-A NEXT România – Republica Moldova 2021-2027, semnat la 11 august 2023",Grant,UE,11.08.2023,legis.md,,https://www.legis.md/cautare/getResults?doc_id=139341&lang=ro
HG749/2023,04.10.2023,Hotărâre,Hotărâre pentru inițierea negocierilor asupra proiectului Memorandumului de înțelegere dintre Guvernul Republicii Moldova și Guvernul României privind realizarea proiectelor necesare interconectării reţelelor de gaze naturale și energie electrică din Republica Moldova și România și împuternicirea delegației oficiale pentru negocierea acestuia,Asistență tehnică,România,,legis.md,,https://www.legis.md/cautare/getResults?doc_id=139339&lang=ro
HG748/2023,04.10.2023,Hotărâre,"Hotărâre cu privire la aprobarea proiectului de lege pentru ratificarea Acordului de împrumut dintre Republica Moldova şi Banca Europeană pentru Reconstrucție și Dezvoltare „RLF – Răspuns de urgenţă – Căile Ferate din Moldova”, semnat la Chișinău la 27 iunie 2023",Împrumut,BERD,27.06.2023,legis.md,,https://www.legis.md/cautare/getResults?doc_id=139338&lang=ro
DP1129/2023,29.09.2023,Decret,"Decret pentru promulgarea Legii cu privire la acordarea facilităților fiscale și vamale la importul și/sau livrările de mărfuri și/sau servicii destinate implementării programului „Credite pentru conservarea energiei”, finanțat și implementat de Corporația Financiară Nordică de Mediu (NEFCO)",Împrumut,Nordici,,legis.md,,https://www.legis.md/cautare/getResults?doc_id=139319&lang=ro
DP1125/2023,27.09.2023,Decret,Decret cu privire la promulgarea Legii pentru ratificarea Addendumului nr. 2 la Acordul de finanțare dintre Guvernul Republicii Moldova și Uniunea Europeană privind dezvoltarea zonelor rurale în Republica Moldova,Grant,UE,,legis.md,,https://www.legis.md/cautare/getResults?doc_id=139295&lang=ro
HG724/2023,26.09.2023,Hotărâre,"Hotărâre cu privire la iniţierea negocierilor şi aprobarea semnării Amendamentului nr. 2 la Acordul de finanţare dintre Guvernul Republicii Moldova şi Comisia Europeană privind Contractul de consolidare a statului şi rezilienţei pentru Republica Moldova, semnat la Bruxelles la 15 decembrie 2021",Grant,UE,15.12.2021,legis.md,,https://www.legis.md/cautare/getResults?doc_id=139233&lang=ro
HG716/2023,26.09.2023,Hotărâre,Hotărâre cu privire la aprobarea semnării Acordului-cadru de împrumut dintre Republica Moldova și Banca de Dezvoltare a Consiliului Europei pentru realizarea proiectului „Construcția Spitalului Regional Bălți”,Împrumut,CEB,,legis.md,,https://www.legis.md/cautare/getResults?doc_id=139228&lang=ro
LP273/2023,21.09.2023,Lege,Lege pentru ratificarea Addendumului nr. 2 la Acordul de finanțare dintre Guvernul Republicii Moldova și Uniunea Europeană privind dezvoltarea zonelor rurale în Republica Moldova,Grant,UE,,legis.md,,https://www.legis.md/cautare/getResults?doc_id=139297&lang=ro
LP269/2023,21.09.2023,Lege,"Lege cu privire la acordarea facilităților fiscale și vamale la importul și/sau livrările de mărfuri și/sau servicii destinate implementării programului „Credite pentru conservarea energiei”, finanțat și implementat de Corporația Financiară Nordică de Mediu (NEFCO)",Împrumut,Nordici,,legis.md,,https://www.legis.md/cautare/getResults?doc_id=139320&lang=ro
HG707/2023,20.09.2023,Hotărâre,"Hotărâre cu privire la iniţierea negocierilor şi aprobarea semnării celui de-al șaisprezecelea Amendament la Acordul de asistenţă privind obiectivul de dezvoltare dintre Guvernul Republicii Moldova şi Guvernul Statelor Unite ale Americii pentru creștere economică durabilă ancorată în integrarea europeană, semnat la Chişinău la 28 septembrie 2016",Grant,SUA,28.09.2016,legis.md,,https://www.legis.md/cautare/getResults?doc_id=139181&lang=ro
HG706/2023,20.09.2023,Hotărâre,"Hotărâre cu privire la inițierea negocierilor și aprobarea semnării celui de-al paisprezecelea Amendament la Acordul de asistență privind obiectivul de dezvoltare dintre Guvernul Republicii Moldova şi Guvernul Statelor Unite ale Americii pentru consolidarea democrației participative, semnat la Chișinău la 28 septembrie 2016",Grant,SUA,28.09.2016,legis.md,,https://www.legis.md/cautare/getResults?doc_id=139180&lang=ro
HG672/2023,13.09.2023,Hotărâre,Hotărâre cu privire la iniţierea negocierilor asupra proiectului Acordului de împrumut dintre Guvernul Republicii Moldova şi Bank Gospodarstwa Krajowego (Polonia) pentru susținerea dezvoltării întreprinderilor mici și mijlocii prin intermediul Instituției Publice Organizația pentru Dezvoltarea Antreprenoriatului,Împrumut,Polonia,,legis.md,,https://www.legis.md/cautare/getResults?doc_id=139057&lang=ro
HG669/2023,13.09.2023,Hotărâre,"Hotărâre cu privire la aprobarea proiectului de lege pentru ratificarea Addendumului nr. 2, semnat la 14 august 2023, la Acordul de finanțare dintre Guvernul Republicii Moldova și Uniunea Europeană privind dezvoltarea zonelor rurale în Republica Moldova, semnat la Chișinău la 21 iulie 2017",Grant,UE,14.08.2023,legis.md,,https://www.legis.md/cautare/getResults?doc_id=139056&lang=ro
DP1088/2023,18.08.2023,Decret,"Decret privind promulgarea Legii pentru ratificarea Acordului de grant „Fondul fiduciar multidonator pentru cofinanțarea suplimentară a Programului «Moldova, măsuri în situație de urgență, reziliență și competitivitate. Operațiunea de politici de dezvoltare 2»” dintre Republica Moldova și Banca Internațională pentru Reconstrucție și Dezvoltare și Asociația Internațională pentru Dezvoltare",Grant,BIRD / AID,,legis.md,,https://www.legis.md/cautare/getResults?doc_id=138677&lang=ro
LP254/2023,17.08.2023,Lege,"Lege pentru ratificarea Acordului de grant „Fondul fiduciar multidonator pentru cofinanțarea suplimentară a Programului «Moldova, măsuri în situație de urgență, reziliență și competitivitate. Operațiunea de politici de dezvoltare 2»” dintre Republica Moldova și Banca Internațională pentru Reconstrucție și Dezvoltare și Asociația Internațională pentru Dezvoltare",Grant,BIRD / AID,,legis.md,,https://www.legis.md/cautare/getResults?doc_id=138678&lang=ro
HG585/2023,14.08.2023,Hotărâre,"Hotărâre cu privire la aprobarea proiectului de lege pentru ratificarea Acordului de grant „Fondul fiduciar multidonator pentru cofinanțarea suplimentară a Programului «Moldova, măsuri în situație de urgență, reziliență și competitivitate. Operațiunea de politici de dezvoltare 2»” dintre Republica Moldova și Banca Internațională pentru Reconstrucție și Dezvoltare și Asociația Internațională pentru Dezvoltare, semnat la 9 august 2023",Grant,BIRD / AID,09.08.2023,legis.md,,https://www.legis.md/cautare/getResults?doc_id=138589&lang=ro
DP1060/2023,07.08.2023,Decret,"Decret privind promulgarea Legii pentru ratificarea Acordului de grant al Parteneriatului Global pentru Educație (Proiectul „Îmbunătățirea calității educației”) dintre Republica Moldova și Banca Internațională pentru Reconstrucție și Dezvoltare, în calitate de agent de grant al Parteneriatului Global pentru Educație",Grant,BIRD,,legis.md,,https://www.legis.md/cautare/getResults?doc_id=138463&lang=ro
DP1059/2023,07.08.2023,Decret,"Decret cu privire la promulgarea Legii pentru ratificarea Acordului de grant al Fondului fiduciar cu donatori multipli al Parteneriatului pentru învățarea timpurie (Proiectul „Îmbunătățirea calității educației”) dintre Republica Moldova și Banca Internațională pentru Reconstrucție și Dezvoltare, în calitate de administrator al ELP",Grant,BIRD,,legis.md,,https://www.legis.md/cautare/getResults?doc_id=138465&lang=ro
DP1058/2023,07.08.2023,Decret,"Decret cu privire la promulgarea Legii pentru ratificarea Addendumului la Acordul de facilitate de împrumut dintre Republica Moldova, Uniunea Europeană și Banca Națională a Moldovei privind asistența macrofinanciară pentru Republica Moldova",Împrumut,UE,,legis.md,da,https://www.legis.md/cautare/getResults?doc_id=138470&lang=ro
DP1057/2023,07.08.2023,Decret,Decret cu privire la promulgarea Legii pentru ratificarea Addendumului la Acordul de grant dintre Republica Moldova și Uniunea Europeană privind asistența macrofinanciară pentru Republica Moldova,Grant,UE,,legis.md,da,https://www.legis.md/cautare/getResults?doc_id=138473&lang=ro
DP1056/2023,07.08.2023,Decret,Decret cu privire la promulgarea Legii pentru ratificarea Addendumului la Memorandumul de înțelegere dintre Republica Moldova și Uniunea Europeană privind asistența macrofinanciară pentru Republica Moldova,Grant,UE,,legis.md,da,https://www.legis.md/cautare/getResults?doc_id=138475&lang=ro
DP1055/2023,07.08.2023,Decret,"Decret privind promulgarea Legii pentru ratificarea Acordului de împrumut dintre Guvernul Republicii Moldova, reprezentat de Ministerul Finanțelor, și Agenția Japoneză pentru Cooperare Internațională pentru realizarea Programului „Politici de dezvoltare întru redresarea economică”",Împrumut,JICA,,legis.md,,https://www.legis.md/cautare/getResults?doc_id=138542&lang=ro
DP1054/2023,07.08.2023,Decret,"Decret cu privire la promulgarea Legii pentru ratificarea Acordului, întocmit prin schimb de note, dintre Guvernul Republicii Moldova și Guvernul Japoniei privind acordarea unui împrumut pentru politici de dezvoltare întru redresarea economică a Republicii Moldova",Împrumut,Japonia,,legis.md,,https://www.legis.md/cautare/getResults?doc_id=138479&lang=ro
DP1051/2023,07.08.2023,Decret,Decret privind inițierea negocierilor asupra proiectului Acordului de modificare nr. 1 la Acordul de împrumut dintre Republica Moldova și Banca Europeană pentru Reconstrucție și Dezvoltare în vederea realizării Proiectului „Securitatea furnizării gazelor naturale”,Împrumut,BERD,,legis.md,,https://www.legis.md/cautare/getResults?doc_id=138483&lang=ro
DP1050/2023,07.08.2023,Decret,Decret privind promulgarea Legii pentru ratificarea Acordului de împrumut (Proiectul „Îmbunătățirea calității educației”) dintre Republica Moldova și Banca Internațională pentru Reconstrucție și Dezvoltare,Împrumut,BIRD,,legis.md,,https://www.legis.md/cautare/getResults?doc_id=138468&lang=ro
HG565/2023,02.08.2023,Hotărâre,"Hotărâre pentru inițierea negocierilor și aprobarea semnării Addendumului nr. 2 la Acordul de finanțare dintre Guvernul Republicii Moldova și Uniunea Europeană privind dezvoltarea zonelor rurale în Republica Moldova, semnat la Chișinău la 21 iulie 2017",Grant,UE,21.07.2017,legis.md,,https://www.legis.md/cautare/getResults?doc_id=138359&lang=ro
LP236/2023,31.07.2023,Lege,"Lege pentru ratificarea Acordului, întocmit prin schimb de note, dintre Guvernul Republicii Moldova și Guvernul Japoniei privind acordarea unui împrumut pentru politici de dezvoltare întru redresarea economică a Republicii Moldova",Împrumut,Japonia,,legis.md,,https://www.legis.md/cautare/getResults?doc_id=138480&lang=ro
LP235/2023,31.07.2023,Lege,"Lege pentru ratificarea Acordului de împrumut dintre Guvernul Republicii Moldova, reprezentat de Ministerul Finanțelor, și Agenția Japoneză pentru Cooperare Internațională pentru realizarea Programului „Politici de dezvoltare întru redresarea economică”",Împrumut,JICA,,legis.md,,https://www.legis.md/cautare/getResults?doc_id=138544&lang=ro
LP232/2023,31.07.2023,Lege,Lege pentru ratificarea Addendumului la Memorandumul de înțelegere dintre Republica Moldova și Uniunea Europeană privind asistența macrofinanciară pentru Republica Moldova,Grant,UE,,legis.md,da,https://www.legis.md/cautare/getResults?doc_id=138476&lang=ro
LP231/2023,31.07.2023,Lege,Lege pentru ratificarea Addendumului la Acordul de grant dintre Republica Moldova și Uniunea Europeană privind asistența macrofinanciară pentru Republica Moldova,Grant,UE,,legis.md,da,https://www.legis.md/cautare/getResults?doc_id=138474&lang=ro
LP230/2023,31.07.2023,Lege,"Lege pentru ratificarea Addendumului la Acordul de facilitate de împrumut dintre Republica Moldova, Uniunea Europeană și Banca Națională a Moldovei privind asistența macrofinanciară pentru Republica Moldova",Împrumut,UE,,legis.md,da,https://www.legis.md/cautare/getResults?doc_id=138472&lang=ro
LP224/2023,31.07.2023,Lege,Lege pentru ratificarea Acordului de împrumut (Proiectul „Îmbunătățirea calității educației”) dintre Republica Moldova și Banca Internațională pentru Reconstrucție și Dezvoltare,Împrumut,BIRD,,legis.md,,https://www.legis.md/cautare/getResults?doc_id=138469&lang=ro
LP223/2023,31.07.2023,Lege,"Lege pentru ratificarea Acordului de grant al Fondului fiduciar cu donatori multipli al Parteneriatului pentru învățarea timpurie (Proiectul „Îmbunătățirea calității educației”) dintre Republica Moldova și Banca Internațională pentru Reconstrucție și Dezvoltare, în calitate de administrator al ELP",Grant,BIRD,,legis.md,,https://www.legis.md/cautare/getResults?doc_id=138466&lang=ro
LP222/2023,31.07.2023,Lege,"Lege pentru ratificarea Acordului de grant al Parteneriatului Global pentru Educație (Proiectul „Îmbunătățirea calității educației”) dintre Republica Moldova și Banca Internațională pentru Reconstrucție și Dezvoltare, în calitate de agent de grant al Parteneriatului Global pentru Educație",Grant,BIRD,,legis.md,,https://www.legis.md/cautare/getResults?doc_id=138464&lang=ro
LP218/2023,31.07.2023,Lege,Lege pentru ratificarea celui de-al cincisprezecelea Amendament la Acordul de asistență privind obiectivul de dezvoltare dintre Guvernul Republicii Moldova și Guvernul Statelor Unite ale Americii pentru creștere economică durabilă ancorată în integrarea europeană,Grant,SUA,,legis.md,,https://www.legis.md/cautare/getResults?doc_id=138291&lang=ro
DP1048/2023,31.07.2023,Decret,"Decret privind inițierea negocierilor și aprobarea semnării Acordului de grant Fondul fiduciar multidonator dintre Republica Moldova și Banca Internațională pentru Reconstrucție și Dezvoltare și Asociația Internațională pentru Dezvoltare în vederea cofinanțării suplimentare a Programului „Moldova, măsuri în situație de urgență, reziliență și competitivitate. Operațiunea de politici de dezvoltare 2”",Grant,BIRD / AID,,legis.md,,https://www.legis.md/cautare/getResults?doc_id=138294&lang=ro
DP1046/2023,31.07.2023,Decret,Decret cu privire la promulgarea Legii pentru ratificarea celui de-al cincisprezecelea Amendament la Acordul de asistență privind obiectivul de dezvoltare dintre Guvernul Republicii Moldova și Guvernul Statelor Unite ale Americii pentru creștere economică durabilă ancorată în integrarea europeană,Grant,SUA,,legis.md,,https://www.legis.md/cautare/getResults?doc_id=138290&lang=ro
DP1039/2023,31.07.2023,Decret,Decret privind promulgarea Legii pentru ratificarea Amendamentului la Contractul de finanțare dintre Republica Moldova și Banca Europeană de Investiții privind implementarea Proiectului „Deșeuri solide în Republica Moldova” și la Contractul de finanțare dintre Republica Moldova și Banca Europeană de Investiții privind interconectarea electrică Moldova – România,Împrumut,BEI,,legis.md,,https://www.legis.md/cautare/getResults?doc_id=138323&lang=ro
DP1038/2023,31.07.2023,Decret,"Decret privind promulgarea Legii pentru ratificarea Amendamentului nr. 4, întocmit prin schimb de scrisori, la Contractul de finanțare dintre Republica Moldova și Banca Europeană de Investiții în vederea implementării Proiectului „Livada Moldovei” și Amendamentului nr. 3, întocmit prin schimb de scrisori, la Contractul de finanțare dintre Republica Moldova și Banca Europeană de Investiții pentru realizarea lucrărilor de construcție și reabilitare a drumurilor în Republica Moldova",Împrumut,BEI,,legis.md,,https://www.legis.md/cautare/getResults?doc_id=138325&lang=ro
DP1036/2023,31.07.2023,Decret,"Decret privind promulgarea Legii pentru ratificarea Acordului de împrumut dintre Republica Moldova și Banca Internațională pentru Reconstrucție și Dezvoltare pentru realizarea proiectului „Investiții pentru Guvernanță, Creștere și Reziliență în Agricultură (AGGRI)”",Împrumut,BIRD,,legis.md,,https://www.legis.md/cautare/getResults?doc_id=138388&lang=ro
HG537/2023,26.07.2023,Hotărâre,"Hotărâre cu privire la inițierea negocierilor asupra proiectului Acordului de facilitate de credit dintre Republica Moldova și Agenția Franceză pentru Dezvoltare, în sumă de 40 milioane de euro",Împrumut,AFD,,legis.md,,https://www.legis.md/cautare/getResults?doc_id=138207&lang=ro
HG527/2023,26.07.2023,Hotărâre,"Hotărâre cu privire la aprobarea proiectului de lege pentru ratificarea Addendumului, semnat la 20 iulie 2023, la Memorandumul de Înţelegere dintre Republica Moldova şi Uniunea Europeană privind asistența macrofinanciară pentru Republica Moldova, semnat la Bruxelles la 22 iunie 2022",Grant,UE,20.07.2023,legis.md,da,https://www.legis.md/cautare/getResults?doc_id=138203&lang=ro
HG526/2023,26.07.2023,Hotărâre,"Hotărâre cu privire la aprobarea proiectului de lege pentru ratificarea Addendumului, semnat la 20 iulie 2023, la Acordul de facilitate de împrumut dintre Republica Moldova, Uniunea Europeană și Banca Națională a Moldovei privind asistența macrofinanciară pentru Republica Moldova, semnat la Bruxelles la 22 iunie 2022",Împrumut,UE,20.07.2023,legis.md,da,https://www.legis.md/cautare/getResults?doc_id=138202&lang=ro
HG525/2023,26.07.2023,Hotărâre,"Hotărâre cu privire la aprobarea proiectului de lege pentru ratificarea Addendumului, semnat la 20 iulie 2023, la Acordul de grant dintre Republica Moldova şi Uniunea Europeană privind asistența macrofinanciară pentru Republica Moldova, semnat la Bruxelles la 22 iunie 2022",Grant,UE,20.07.2023,legis.md,da,https://www.legis.md/cautare/getResults?doc_id=138201&lang=ro
LP217/2023,20.07.2023,Lege,"Lege pentru ratificarea Acordului de împrumut dintre Republica Moldova și Banca Internațională pentru Reconstrucție și Dezvoltare pentru realizarea proiectului „Investiții pentru Guvernanță, Creștere și Reziliență în Agricultură (AGGRI)”",Împrumut,BIRD,,legis.md,,https://www.legis.md/cautare/getResults?doc_id=138391&lang=ro
LP206/2023,20.07.2023,Lege,"Lege pentru ratificarea Amendamentului nr. 4, întocmit prin schimb de scrisori, la Contractul de finanțare dintre Republica Moldova și Banca Europeană de Investiții în vederea implementării Proiectului „Livada Moldovei” și Amendamentului nr. 3, întocmit prin schimb de scrisori, la Contractul de finanțare dintre Republica Moldova și Banca Europeană de Investiții pentru realizarea lucrărilor de construcție și reabilitare a drumurilor în Republica Moldova",Împrumut,BEI,,legis.md,,https://www.legis.md/cautare/getResults?doc_id=138326&lang=ro
LP205/2023,20.07.2023,Lege,Lege pentru ratificarea Amendamentului la Contractul de finanțare dintre Republica Moldova și Banca Europeană de Investiții privind implementarea Proiectului „Deșeuri solide în Republica Moldova” și la Contractul de finanțare dintre Republica Moldova și Banca Europeană de Investiții privind interconectarea electrică Moldova – România,Împrumut,BEI,,legis.md,,https://www.legis.md/cautare/getResults?doc_id=138324&lang=ro
DP1010/2023,14.07.2023,Decret,"Decret privind inițierea negocierilor și aprobarea semnării Acordului de finanțare dintre Republica Moldova, Comisia Europeană și Oficiul Prim-ministrului Ungariei pentru Programul Regiunea Dunării Interreg IV-B 2021-2027",Grant,UE,,legis.md,,https://www.legis.md/cautare/getResults?doc_id=138015&lang=ro
HG484/2023,12.07.2023,Hotărâre,"Hotărâre cu privire la aprobarea proiectului de lege pentru ratificarea Acordului, întocmit prin schimb de note, dintre Guvernul Republicii Moldova şi Guvernul Japoniei privind acordarea unui împrumut pentru politici de dezvoltare întru redresarea economică a Republicii Moldova, semnat la Chișinău la 10 iulie 2023",Împrumut,Japonia,10.07.2023,legis.md,,https://www.legis.md/cautare/getResults?doc_id=137977&lang=ro
HG483/2023,12.07.2023,Hotărâre,"Hotărâre cu privire la aprobarea proiectului de lege pentru ratificarea Acordului de împrumut dintre Guvernul Republicii Moldova, reprezentat de Ministerul Finanțelor, și Agenția Japoneză pentru Cooperare Internațională pentru realizarea Programului „Politici de dezvoltare întru redresarea economică”, semnat la Chișinău la 10 iulie 2023",Împrumut,JICA,10.07.2023,legis.md,,https://www.legis.md/cautare/getResults?doc_id=137975&lang=ro
HG479/2023,12.07.2023,Hotărâre,"Hotărâre cu privire la aprobarea proiectului de lege pentru ratificarea celui de-al cincisprezecelea Amendament, semnat la 30 iunie 2023, la Acordul de asistenţă privind obiectivul de dezvoltare dintre Guvernul Republicii Moldova şi Guvernul Statelor Unite ale Americii pentru creștere economică durabilă ancorată în integrarea europeană, semnat la Chişinău la 28 septembrie 2016",Grant,SUA,30.06.2023,legis.md,,https://www.legis.md/cautare/getResults?doc_id=138011&lang=ro
DP1002/2023,10.07.2023,Decret,"Decret cu privire la promulgarea Legii pentru ratificarea Acordului de finanțare dintre Republica Moldova și Banca Internațională pentru Reconstrucție și Dezvoltare în vederea realizării Programului „Moldova, măsuri în situație de urgență, reziliență și competitivitate. Operațiunea de politici de dezvoltare 2”",Împrumut,BIRD,,legis.md,,https://www.legis.md/cautare/getResults?doc_id=137972&lang=ro
LP184/2023,07.07.2023,Lege,"Lege pentru ratificarea Acordului de finanțare dintre Republica Moldova și Banca Internațională pentru Reconstrucție și Dezvoltare în vederea realizării Programului „Moldova, măsuri în situație de urgență, reziliență și competitivitate. Operațiunea de politici de dezvoltare 2”",Împrumut,BIRD,,legis.md,,https://www.legis.md/cautare/getResults?doc_id=137974&lang=ro
HG469/2023,05.07.2023,Hotărâre,Hotărâre cu privire la inițierea negocierilor asupra proiectului Acordului-cadru de împrumut dintre Republica Moldova și Banca de Dezvoltare a Consiliului Europei pentru realizarea proiectului „Construcția Spitalului Regional Bălți”,Împrumut,CEB,,legis.md,,https://www.legis.md/cautare/getResults?doc_id=137837&lang=ro
HG458/2023,05.07.2023,Hotărâre,"Hotărâre cu privire la aprobarea proiectului de lege pentru ratificarea Amendamentului, semnat la Chișinău la 30 iunie 2023, la Contractul de finanțare dintre Republica Moldova și Banca Europeană de Investiții privind implementarea Proiectului „Deșeuri solide în Republica Moldova”, semnat la 18 octombrie 2019, și la Contractul de finanțare dintre Republica Moldova și Banca Europeană de Investiții privind interconectarea electrică Moldova – România, semnat la Chișinău la 20 decembrie 2017",Împrumut,BEI,30.06.2023,legis.md,,https://www.legis.md/cautare/getResults?doc_id=137828&lang=ro
HG457/2023,05.07.2023,Hotărâre,"Hotărâre cu privire la aprobarea proiectului de lege pentru ratificarea Amendamentului nr. 4, întocmit prin schimb de scrisori, la Contractul de finanțare dintre Republica Moldova și Banca Europeană de Investiții pentru realizarea Proiectului „Livada Moldovei”, semnat la Chișinău la 31 iulie 2014, și Amendamentului nr. 3, întocmit prin schimb de scrisori, la Contractul de finanțare dintre Republica Moldova și Banca Europeană de Investiții pentru realizarea lui",Împrumut,BEI,31.07.2014,legis.md,,https://www.legis.md/cautare/getResults?doc_id=137827&lang=ro
HG456/2023,05.07.2023,Hotărâre,"Hotărâre cu privire la aprobarea proiectului de lege pentru ratificarea Acordului de grant al Fondului fiduciar cu donatori multipli al Parteneriatului pentru învățarea timpurie (ELP) (Proiectul Îmbunătățirea Calității Educației) dintre Republica Moldova și Banca Internațională pentru Reconstrucție și Dezvoltare, în calitate de administrator al ELP, semnat la Chișinău la 30 iunie 2023",Grant,BIRD,30.06.2023,legis.md,,https://www.legis.md/cautare/getResults?doc_id=137826&lang=ro
HG455/2023,05.07.2023,Hotărâre,"Hotărâre cu privire la aprobarea proiectului de lege pentru ratificarea Acordului de grant al Parteneriatului Global pentru Educație (Proiectul Îmbunătățirea Calității Educației) dintre Republica Moldova și Banca Internațională pentru Reconstrucție și Dezvoltare, ca Agent de Grant al Parteneriatului Global pentru Educație, semnat la Chișinău la 30 iunie 2023",Grant,BIRD,30.06.2023,legis.md,,https://www.legis.md/cautare/getResults?doc_id=137825&lang=ro
HG454/2023,05.07.2023,Hotărâre,"Hotărâre cu privire la aprobarea proiectului de lege pentru ratificarea Acordului de împrumut (Proiectul Îmbunătățirea Calității Educației) dintre Republica Moldova și Banca Internațională pentru Reconstrucție și Dezvoltare, semnat la Chișinău la 30 iunie 2023",Împrumut,BIRD,30.06.2023,legis.md,,https://www.legis.md/cautare/getResults?doc_id=137824&lang=ro
DP995/2023,05.07.2023,Decret,Decret pentru inițierea negocierilor și aprobarea semnării Addendumului la Acordul de grant dintre Republica Moldova și Uniunea Europeană privind asistența macrofinanciară pentru Republica Moldova,Grant,UE,,legis.md,da,https://www.legis.md/cautare/getResults?doc_id=137851&lang=ro
DP994/2023,05.07.2023,Decret,Decret pentru inițierea negocierilor și aprobarea semnării Addendumului la Memorandumul de Înțelegere dintre Republica Moldova și Uniunea Europeană privind asistența macrofinanciară pentru Republica Moldova,Grant,UE,,legis.md,da,https://www.legis.md/cautare/getResults?doc_id=137850&lang=ro
DP987/2023,29.06.2023,Decret,"Decret privind promulgarea Legii pentru ratificarea Acordului de grant „Fondul fiduciar multidonator pentru cofinanțarea Programului «Moldova, măsuri în situație de urgență, reziliență și competitivitate. Operațiunea de politici de dezvoltare 2»” dintre Republica Moldova și Banca Internațională pentru Reconstrucție și Dezvoltare și Asociația Internațională pentru Dezvoltare",Grant,BIRD / AID,,legis.md,,https://www.legis.md/cautare/getResults?doc_id=137793&lang=ro
HG437/2023,28.06.2023,Hotărâre,Hotărâre cu privire la aprobarea semnării Acordului de împrumut (Proiectul Îmbunătățirea Calității Educației) dintre Republica Moldova și Banca Internațională pentru Reconstrucție și Dezvoltare,Împrumut,BIRD,,legis.md,,https://www.legis.md/cautare/getResults?doc_id=137709&lang=ro
HG436/2023,28.06.2023,Hotărâre,"Hotărâre cu privire la inițierea negocierilor și aprobarea semnării Addendumului la Acordul de facilitate de împrumut dintre Republica Moldova, Uniunea Europeană și Banca Națională a Moldovei privind asistența macrofinanciară pentru Republica Moldova, semnat la Bruxelles la 22 iunie 2022",Împrumut,UE,22.06.2022,legis.md,da,https://www.legis.md/cautare/getResults?doc_id=137708&lang=ro
LP166/2023,22.06.2023,Lege,"Lege pentru ratificarea Acordului de grant „Fondul fiduciar multidonator pentru cofinanțarea Programului «Moldova, măsuri în situație de urgență, reziliență și competitivitate. Operațiunea de politici de dezvoltare 2»” dintre Republica Moldova și Banca Internațională pentru Reconstrucție și Dezvoltare și Asociația Internațională pentru Dezvoltare",Grant,BIRD / AID,,legis.md,,https://www.legis.md/cautare/getResults?doc_id=137794&lang=ro
HG413/2023,21.06.2023,Hotărâre,"Hotărâre cu privire la inițierea negocierilor și aprobarea semnării Înțelegerii, întocmite prin schimb de note, dintre Guvernul Republicii Moldova și Guvernul Republicii Federale Germania privind cooperarea tehnică pentru finanțarea proiectului „Suport comunităților moldovenești în găzduirea refugiaților ucraineni în Republica Moldova”",Asistență tehnică,Germania,,legis.md,,https://www.legis.md/cautare/getResults?doc_id=137543&lang=ro
HG411/2023,21.06.2023,Hotărâre,"Hotărâre cu privire la inițierea negocierilor și aprobarea semnării Memorandumului de înțelegere dintre Guvernul Republicii Moldova, reprezentat de Ministerul Finanțelor, Ministerul Energiei, Ministerul Mediului și Ministerul Muncii și Protecției Sociale, și Agenția Franceză pentru Dezvoltare",Asistență tehnică,AFD,,legis.md,,https://www.legis.md/cautare/getResults?doc_id=137542&lang=ro
HG409/2023,21.06.2023,Hotărâre,"Hotărâre cu privire la aprobarea semnării Acordului de împrumut dintre Guvernul Republicii Moldova, reprezentat de Ministerul Finanțelor, și Agenția Japoneză pentru Cooperare Internațională pentru realizarea Programului „Politici de dezvoltare întru redresarea economică”",Împrumut,JICA,,legis.md,,https://www.legis.md/cautare/getResults?doc_id=137541&lang=ro
HG402/2023,21.06.2023,Hotărâre,"Hotărâre cu privire la aprobarea proiectului de lege pentru ratificarea Acordului de împrumut dintre Republica Moldova și Banca Internațională pentru Reconstrucție și Dezvoltare pentru realizarea proiectului „Investiții pentru Guvernanță, Creștere și Reziliență în Agricultură (AGGRI)”, semnat la 5 iunie 2023",Împrumut,BIRD,05.06.2023,legis.md,,https://www.legis.md/cautare/getResults?doc_id=137534&lang=ro
DP979/2023,21.06.2023,Decret,"Decret privind inițierea negocierilor și aprobarea semnării Acordului de finanțare dintre Republica Moldova, Comisia Europeană și Ministerul Dezvoltării, Lucrărilor Publice și Administrației al României pentru Programul Interreg VI-B NEXT Bazinul Mării Negre 2021-2027",Grant,UE,,legis.md,,https://www.legis.md/cautare/getResults?doc_id=137595&lang=ro
DP978/2023,21.06.2023,Decret,"Decret privind inițierea negocierilor și aprobarea semnării Acordului de finanțare dintre Republica Moldova, Comisia Europeană și Ministerul Dezvoltării, Lucrărilor Publice și Administrației al României pentru Programul Interreg VI-A NEXT România – Republica Moldova 2021-2027",Grant,UE,,legis.md,,https://www.legis.md/cautare/getResults?doc_id=137594&lang=ro
DP976/2023,21.06.2023,Decret,"Decret pentru aprobarea semnării Acordului de grant al Fondului fiduciar cu donatori multipli al Parteneriatului pentru învățarea timpurie (ELP) (Proiectul Îmbunătățirea Calității Educației) dintre Republica Moldova și Banca Internațională pentru Reconstrucție și Dezvoltare, în calitate de administrator al ELP",Grant,BIRD,,legis.md,,https://www.legis.md/cautare/getResults?doc_id=137529&lang=ro
DP975/2023,21.06.2023,Decret,"Decret pentru aprobarea semnării Acordului de grant al Parteneriatului Global pentru Educație (Proiectul Îmbunătățirea Calității Educației) dintre Republica Moldova și Banca Internațională pentru Reconstrucție și Dezvoltare, ca Agent de Grant al Parteneriatului Global pentru Educație",Grant,BIRD,,legis.md,,https://www.legis.md/cautare/getResults?doc_id=137528&lang=ro
DP974/2023,21.06.2023,Decret,Decret cu privire la promulgarea Legii pentru ratificarea Acordului de finanțare dintre Republica Moldova și Comisia Europeană privind programul „UE pentru reziliență și guvernanță”,Grant,UE,,legis.md,,https://www.legis.md/cautare/getResults?doc_id=137592&lang=ro
DP972/2023,20.06.2023,Decret,"Decret privind inițierea negocierilor şi aprobarea semnării Acordului de grant dintre Republica Moldova, Î.S. „Calea Ferată din Moldova” și Banca Europeană pentru Reconstrucție și Dezvoltare „RLF – Răspuns de Urgență – Căile Ferate din Moldova”",Grant,BERD,,legis.md,,https://www.legis.md/cautare/getResults?doc_id=137527&lang=ro
LP154/2023,15.06.2023,Lege,Lege pentru ratificarea Acordului de finanțare dintre Republica Moldova și Comisia Europeană privind programul „UE pentru reziliență și guvernanță”,Grant,UE,,legis.md,,https://www.legis.md/cautare/getResults?doc_id=137593&lang=ro
HG389/2023,14.06.2023,Hotărâre,"Hotărâre cu privire la inițierea negocierilor și aprobarea semnării Amendamentului nr. 4, întocmit prin schimb de scrisori, la Contractul de finanțare dintre Republica Moldova și Banca Europeană de Investiții pentru realizarea Proiectului „Livada Moldovei”, semnat la Chișinău la 31 iulie 2014, și Amendamentului nr. 3, întocmit prin schimb de scrisori, la Contractul de finanțare dintre Republica Moldova și Banca Europeană de Investiții pentru realizarea lucrărilor de construcție și reabilitare a drumurilor în Republica Moldova, semnat la Luxembourg la 25 iunie 2013",Împrumut,BEI,31.07.2014,legis.md,,https://www.legis.md/cautare/getResults?doc_id=137396&lang=ro
HG388/2023,14.06.2023,Hotărâre,"Hotărâre cu privire la inițierea negocierilor și aprobarea semnării Amendamentului la Contractul de finanțare dintre Republica Moldova și Banca Europeană de Investiții privind implementarea Proiectului „Deșeuri solide în Republica Moldova”, semnat la 18 octombrie 2019, și la Contractul de finanțare dintre Republica Moldova și Banca Europeană de Investiții privind interconectarea electrică Moldova – România, semnat la Chișinău la 20 decembrie 2017",Împrumut,BEI,18.10.2019,legis.md,,https://www.legis.md/cautare/getResults?doc_id=137395&lang=ro
HG385/2023,14.06.2023,Hotărâre,"Hotărâre cu privire la aprobarea proiectului de lege pentru ratificarea Acordului de grant „Fondul fiduciar multidonator pentru cofinanțarea Programului «Moldova, măsuri în situație de urgență, reziliență și competitivitate. Operațiunea de politici de dezvoltare 2»” dintre Republica Moldova și Banca Internațională pentru Reconstrucție și Dezvoltare și Asociația Internațională pentru Dezvoltare, semnat la 12 iunie 2023",Grant,BIRD / AID,12.06.2023,legis.md,,https://www.legis.md/cautare/getResults?doc_id=137393&lang=ro
HG384/2023,14.06.2023,Hotărâre,"Hotărâre cu privire la aprobarea proiectului de lege pentru ratificarea Acordului de finanțare dintre Republica Moldova și Banca Internațională pentru Reconstrucție şi Dezvoltare în vederea realizării Programului „Moldova, măsuri în situație de urgență, reziliență și competitivitate. Operațiunea de politici de dezvoltare 2”, semnat la 9 iunie 2023",Împrumut,BIRD,09.06.2023,legis.md,,https://www.legis.md/cautare/getResults?doc_id=137383&lang=ro
HG359/2023,07.06.2023,Hotărâre,Hotărâre privind inițierea negocierilor şi aprobarea semnării Acordului de împrumut dintre Republica Moldova şi Banca Europeană pentru Reconstrucție şi Dezvoltare „RLF – Răspuns de urgență – Căile Ferate din Moldova”,Împrumut,BERD,,legis.md,,https://www.legis.md/cautare/getResults?doc_id=137233&lang=ro
HG353/2023,07.06.2023,Hotărâre,"Hotărâre cu privire la aprobarea proiectului de lege pentru ratificarea Acordului de Finanțare dintre Republica Moldova și Comisia Europeană privind Programul „UE pentru reziliență și guvernanță”, semnat la 11 mai 2023",Grant,UE,11.05.2023,legis.md,,https://www.legis.md/cautare/getResults?doc_id=137230&lang=ro
DP951/2023,06.06.2023,Decret,"Decret pentru aprobarea semnării Acordului de grant Fondul fiduciar multidonator dintre Republica Moldova și Banca Internațională pentru Reconstrucție și Dezvoltare și Asociația Internațională pentru Dezvoltare în vederea cofinanțării Programului „Moldova, măsuri în situație de urgență, reziliență și competitivitate. Operațiunea de politici de dezvoltare 2”",Grant,BIRD / AID,,legis.md,,https://www.legis.md/cautare/getResults?doc_id=137225&lang=ro
HG335/2023,31.05.2023,Hotărâre,"Hotărâre cu privire la aprobarea semnării Acordului de împrumut dintre Republica Moldova și Banca Internațională pentru Reconstrucție și Dezvoltare privind realizarea proiectului „Investiții pentru Guvernanță, Creștere și Reziliență în Agricultură (AGGRI)”",Împrumut,BIRD,,legis.md,,https://www.legis.md/cautare/getResults?doc_id=137161&lang=ro
HG334/2023,31.05.2023,Hotărâre,"Hotărâre cu privire la aprobarea semnării Acordului de finanțare dintre Republica Moldova și Banca Internațională pentru Reconstrucție şi Dezvoltare în vederea realizării Programului „Moldova, măsuri în situație de urgență, reziliență și competitivitate. Operațiunea de politici de dezvoltare 2”",Împrumut,BIRD,,legis.md,,https://www.legis.md/cautare/getResults?doc_id=137160&lang=ro
DP945/2023,31.05.2023,Decret,"Decret privind promulgarea Legii pentru ratificarea Acordului de grant dintre Republica Moldova și Banca Europeană pentru Reconstrucție și Dezvoltare privind finanțarea proiectelor investiționale orientate spre dezvoltarea infrastructurii în domeniul managementului deșeurilor solide, în sumă de 5 600 000 euro, în vederea realizării proiectului „Deșeuri solide în Republica Moldova”",Grant,BERD,,legis.md,,https://www.legis.md/cautare/getResults?doc_id=137219&lang=ro
LP127/2023,26.05.2023,Lege,"Lege pentru ratificarea Acordului de grant dintre Republica Moldova și Banca Europeană pentru Reconstrucție și Dezvoltare privind finanțarea proiectelor investiționale orientate spre dezvoltarea infrastructurii în domeniul managementului deșeurilor solide, în sumă de 5 600 000 euro, în vederea realizării proiectului „Deșeuri solide în Republica Moldova”",Grant,BERD,,legis.md,,https://www.legis.md/cautare/getResults?doc_id=137220&lang=ro
HG316/2023,24.05.2023,Hotărâre,"Hotărâre pentru inițierea negocierilor și aprobarea semnării Înțelegerii, întocmite prin schimb de note, dintre Guvernul Republicii Moldova și Guvernul Republicii Federale Germania privind cooperarea financiară („Producerea de energie ecologică și eficiența energetică”și „Alimentarea cu apă și evacuarea apelor uzate în raionul Cahul II”)",Grant,Germania,,legis.md,,https://www.legis.md/cautare/getResults?doc_id=137098&lang=ro
HG288/2023,17.05.2023,Hotărâre,"Hotărâre cu privire la iniţierea negocierilor şi aprobarea semnării celui de-al cincisprezecelea Amendament la Acordul de asistenţă privind obiectivul de dezvoltare dintre Guvernul Republicii Moldova şi Guvernul Statelor Unite ale Americii pentru creștere economică durabilă ancorată în integrarea europeană, semnat la Chișinău la 28 septembrie 2016",Grant,SUA,28.09.2016,legis.md,,https://www.legis.md/cautare/getResults?doc_id=136973&lang=ro
HG277/2023,10.05.2023,Hotărâre,"Hotărâre cu privire la inițierea negocierilor și aprobarea semnării Acordului, întocmit prin schimb de note, dintre Guvernul Republicii Moldova și Guvernul Japoniei privind acordarea unui împrumut pentru politici de dezvoltare întru redresarea economică a Republicii Moldova",Împrumut,Japonia,,legis.md,,https://www.legis.md/cautare/getResults?doc_id=136878&lang=ro
HG276/2023,10.05.2023,Hotărâre,Hotărâre cu privire la inițierea negocierilor asupra proiectului Acordului de împrumut dintre Guvernul Republicii Moldova și Agenția Japoneză pentru Cooperare Internațională pentru realizarea Proiectului „Politici de dezvoltare întru redresarea economică”,Împrumut,JICA,,legis.md,,https://www.legis.md/cautare/getResults?doc_id=136877&lang=ro
HG272/2023,10.05.2023,Hotărâre,"Hotărâre cu privire la aprobarea proiectului de lege pentru ratificarea Acordului de grant dintre Republica Moldova și Banca Europeană pentru Reconstrucție și Dezvoltare privind finanțarea proiectelor investiționale orientate spre dezvoltarea infrastructurii în domeniul managementul deșeurilor solide, în sumă de 5 600 000 euro, în vederea realizării proiectului „Deșeuri solide în Republica Moldova”, semnat la 30 martie 2023",Grant,BERD,30.03.2023,legis.md,,https://www.legis.md/cautare/getResults?doc_id=136874&lang=ro
DP914/2023,03.05.2023,Decret,Decret pentru inițierea negocierilor și aprobarea semnării Acordului de finanțare dintre Republica Moldova și Comisia Europeană privind Programul „UE pentru reziliență și guvernanță”,Grant,UE,,legis.md,,https://www.legis.md/cautare/getResults?doc_id=136776&lang=ro
DP908/2023,27.04.2023,Decret,"Decret pentru inițierea negocierilor asupra proiectului Acordului de grant al Parteneriatului Global pentru Educație (Proiectul Îmbunătățirea Calității Educației) dintre Republica Moldova și Banca Internațională pentru Reconstrucție și Dezvoltare, ca Agent de Grant al Parteneriatului Global pentru Educație",Grant,BIRD,,legis.md,,https://www.legis.md/cautare/getResults?doc_id=136743&lang=ro
DP907/2023,27.04.2023,Decret,"Decret pentru inițierea negocierilor asupra proiectului Acordului de grant al Fondului fiduciar cu donatori multipli al Parteneriatului pentru învățarea timpurie (ELP) (Proiectul Îmbunătățirea Calității Educației) dintre Republica Moldova și Banca Internațională pentru Reconstrucție și Dezvoltare, în calitate de administrator al ELP",Grant,BIRD,,legis.md,,https://www.legis.md/cautare/getResults?doc_id=136742&lang=ro
HG254/2023,26.04.2023,Hotărâre,"Hotărâre cu privire la inițierea negocierilor asupra proiectului Acordului de împrumut dintre Republica Moldova și Banca Internațională pentru Reconstrucție și Dezvoltare privind realizarea proiectului „Investiții pentru guvernanță, creștere și reziliență în agricultură (AGGRI)”",Împrumut,BIRD,,legis.md,,https://www.legis.md/cautare/getResults?doc_id=136726&lang=ro
HG253/2023,26.04.2023,Hotărâre,Hotărâre cu privire la inițierea negocierilor asupra proiectului Acordului de împrumut (Proiect de îmbunătățire a calității educației) dintre Republica Moldova și Banca Internațională pentru Reconstrucție și Dezvoltare și împuternicirea delegației oficiale pentru negocieri,Împrumut,BIRD,,legis.md,,https://www.legis.md/cautare/getResults?doc_id=136725&lang=ro
HG241/2023,26.04.2023,Hotărâre,Hotărâre cu privire la inițierea negocierilor asupra proiectului Protocolului financiar dintre Guvernul Republicii Moldova și Guvernul Republicii Franceze privind finanțarea proiectului de modernizare a infrastructurii feroviare Chișinău – Ungheni și împuternicirea delegației oficiale pentru negocierea acestuia,Asistență financiară,Franța,,legis.md,,https://www.legis.md/cautare/getResults?doc_id=136710&lang=ro
DP895/2023,18.04.2023,Decret,"Decret privind inițierea negocierilor asupra proiectului Acordului de grant Fondul fiduciar multidonator pentru cofinanțarea Programului „Moldova, măsuri în situație de urgență, reziliență și competitivitate. Operațiunea de politici de dezvoltare 2” dintre Republica Moldova și Banca Internațională pentru Reconstrucție și Dezvoltare și Asociația Internațională pentru Dezvoltare",Grant,BIRD / AID,,legis.md,,https://www.legis.md/cautare/getResults?doc_id=136610&lang=ro
HG202/2023,12.04.2023,Hotărâre,"Hotărâre cu privire la inițierea negocierilor asupra proiectului Acordului de finanțare dintre Republica Moldova și Banca Internațională pentru Reconstrucție şi Dezvoltare în vederea realizării Programului „Moldova, măsuri în situație de urgență, reziliență și competitivitate. Operațiunea de politici de dezvoltare 2”",Împrumut,BIRD,,legis.md,,https://www.legis.md/cautare/getResults?doc_id=136454&lang=ro
HG176/2023,29.03.2023,Hotărâre,Hotărâre privind inițierea negocierilor și aprobarea semnării Memorandumului de înţelegere dintre Ministerul Sănătăţii al Republicii Moldova şi Agenţia Elveţiană pentru Dezvoltare şi Cooperare cu privire la a treia fază a Proiectului „Suport pentru reforma serviciilor de sănătate mintală în Republica Moldova (MENSANA)”,Asistență tehnică,Elveția,,legis.md,,https://www.legis.md/cautare/getResults?doc_id=136199&lang=ro
DP869/2023,24.03.2023,Decret,"Decret pentru inițierea negocierilor și aprobarea semnării Acordului de grant dintre Republica Moldova și Banca Europeană pentru Reconstrucții și Dezvoltare privind finanțarea proiectelor investiționale orientate spre dezvoltarea infrastructurii în domeniul managementul deșeurilor solide, în sumă de 5 600 000 EUR, în vederea realizării Proiectului „Deșeuri solide în Republica Moldova”",Grant,BERD,,legis.md,,https://www.legis.md/cautare/getResults?doc_id=136150&lang=ro
DP865/2023,23.03.2023,Decret,Decret privind promulgarea Legii pentru ratificarea Amendamentului nr.1 la Acordul de finanțare dintre Republica Moldova și Asociația Internațională pentru Dezvoltare privind Proiectul „Răspuns de urgență la COVID-19 – finanțare adițională”,Împrumut,AID,,legis.md,,https://www.legis.md/cautare/getResults?doc_id=136146&lang=ro
DP864/2023,23.03.2023,Decret,Decret privind promulgarea Legii pentru ratificarea Amendamentului nr.1 la Acordul de finanțare dintre Republica Moldova și Asociația Internațională pentru Dezvoltare privind implementarea Proiectului „Răspuns de urgență la COVID-19”,Împrumut,AID,,legis.md,,https://www.legis.md/cautare/getResults?doc_id=136144&lang=ro
LP56/2023,16.03.2023,Lege,Lege pentru ratificarea Amendamentului nr. 1 la Acordul de finanțare dintre Republica Moldova și Asociația Internațională pentru Dezvoltare privind Proiectul „Răspuns de urgență la COVID-19 – finanțare adițională”,Împrumut,AID,,legis.md,,https://www.legis.md/cautare/getResults?doc_id=136147&lang=ro
LP55/2023,16.03.2023,Lege,Lege pentru ratificarea Amendamentului nr.1 la Acordul de finanțare dintre Republica Moldova și Asociația Internațională pentru Dezvoltare privind implementarea Proiectului „Răspuns de urgență la COVID-19”,Împrumut,AID,,legis.md,,https://www.legis.md/cautare/getResults?doc_id=136145&lang=ro
HG64/2023,17.02.2023,Hotărâre,"Hotărâre cu privire la aprobarea proiectului de lege pentru ratificarea Amendamentului nr. 1 la Acordul de finanțare dintre Republica Moldova și Asociația Internațională pentru Dezvoltare privind Proiectul „Răspuns de urgență la COVID-19 – finanțare adițională”, semnat la 22 decembrie 2022",Împrumut,AID,22.12.2022,legis.md,,https://www.legis.md/cautare/getResults?doc_id=135645&lang=ro
HG63/2023,17.02.2023,Hotărâre,"Hotărâre cu privire la aprobarea proiectului de lege pentru ratificarea Amendamentului nr. 1 la Acordul de finanțare dintre Republica Moldova și Asociația Internațională pentru Dezvoltare privind implementarea Proiectului „Răspuns de urgență la COVID-19”, semnat la 22 decembrie 2022",Împrumut,AID,22.12.2022,legis.md,,https://www.legis.md/cautare/getResults?doc_id=135644&lang=ro
DP836/2023,16.02.2023,Decret,Decret privind promulgarea Legii pentru ratificarea Acordului de împrumut dintre Republica Moldova și Banca Europeană pentru Reconstrucție și Dezvoltare în vederea realizării Proiectului „Deșeuri solide în Republica Moldova”,Împrumut,BERD,,legis.md,,https://www.legis.md/cautare/getResults?doc_id=135635&lang=ro
LP14/2023,02.02.2023,Lege,Lege pentru ratificarea Acordului de împrumut dintre Republica Moldova și Banca Europeană pentru Reconstrucție și Dezvoltare în vederea realizării Proiectului „Deșeuri solide în Republica Moldova”,Împrumut,BERD,,legis.md,,https://www.legis.md/cautare/getResults?doc_id=135636&lang=ro
HG44/2023,01.02.2023,Hotărâre,"Hotărâre cu privire la aprobarea proiectului de lege pentru ratificarea Acordului de împrumut dintre Republica Moldova şi Banca Europeană pentru Reconstrucție și Dezvoltare în vederea realizării proiectului „Deșeuri solide în Republica Moldova”, în sumă de 25 milioane de euro, semnat la Chișinău la 4 ianuarie 2023",Împrumut,BERD,04.01.2023,legis.md,,https://www.legis.md/cautare/getResults?doc_id=135386&lang=ro
DP785/2023,10.01.2023,Decret,Decret privind promulgarea Legii pentru modificarea articolului 4 din Legea nr. 89/2022 pentru ratificarea Contractului de finanțare dintre Republica Moldova și Banca Europeană de Investiții pentru realizarea Proiectului „Eficiența energetică în Republica Moldova”,Împrumut,BEI,,legis.md,,https://www.legis.md/cautare/getResults?doc_id=134953&lang=ro
DP782/2023,10.01.2023,Decret,Decret privind promulgarea Legii pentru ratificarea Contractului de finanțare dintre Republica Moldova și Banca Europeană de Investiții pentru suplinirea și realizarea în continuare a proiectului „Moldova drumuri III”,Împrumut,BEI,,legis.md,,https://www.legis.md/cautare/getResults?doc_id=134947&lang=ro
LP377/2022,29.12.2022,Lege,Lege pentru modificarea articolului 4 din Legea nr. 89/2022 pentru ratificarea Contractului de finanțare dintre Republica Moldova și Banca Europeană de Investiții pentru realizarea Proiectului „Eficiența energetică în Republica Moldova”,Împrumut,BEI,,legis.md,,https://www.legis.md/cautare/getResults?doc_id=134954&lang=ro
LP362/2022,29.12.2022,Lege,Lege pentru ratificarea Contractului de finanțare dintre Republica Moldova și Banca Europeană de Investiții pentru suplinirea și realizarea în continuare a proiectului „Moldova drumuri III”,Împrumut,BEI,,legis.md,,https://www.legis.md/cautare/getResults?doc_id=134948&lang=ro
HG968/2022,28.12.2022,Hotărâre,Hotărâre cu privire la aprobarea Avizului la proiectul de lege pentru modificarea articolului 4 din Legea nr. 89/2022 pentru ratificarea Contractului de finanțare dintre Republica Moldova și Banca Europeană de Investiții pentru realizarea Proiectului „Eficiența energetică în Republica Moldova”,Împrumut,BEI,,legis.md,,https://www.legis.md/cautare/getResults?doc_id=134779&lang=ro
LP349/2022,22.12.2022,Lege,"Lege pentru ratificarea Acordului de grant „Fondul fiduciar multidonator pentru cofinanțarea Programului «Moldova, măsuri în situație de urgență, reziliență și competitivitate. Operațiunea de politici de dezvoltare»” dintre Republica Moldova și Banca Internațională pentru Reconstrucție și Dezvoltare și Asociația Internațională pentru Dezvoltare",Grant,BIRD / AID,,legis.md,,https://www.legis.md/cautare/getResults?doc_id=134714&lang=ro
DP754/2022,22.12.2022,Decret,"Decret cu privire la promulgarea Legii pentru ratificarea Acordului de grant „Fondul fiduciar multidonator pentru cofinanțarea Programului «Moldova, măsuri în situație de urgență, reziliență și competitivitate. Operațiunea de politici de dezvoltare»” dintre Republica Moldova și Banca Internațională pentru Reconstrucție și Dezvoltare și Asociația Internațională pentru Dezvoltare",Grant,BIRD / AID,,legis.md,,https://www.legis.md/cautare/getResults?doc_id=134713&lang=ro
HG908/2022,21.12.2022,Hotărâre,Hotărâre cu privire la aprobarea proiectului de lege pentru ratificarea Contractului de finanțare dintre Republica Moldova şi Banca Europeană de Investiții pentru suplinirea și realizarea în continuare a proiectului „Moldova drumuri III”,Împrumut,BEI,,legis.md,,https://www.legis.md/cautare/getResults?doc_id=134622&lang=ro
DP747/2022,21.12.2022,Decret,"Decret cu privire la promulgarea Legii pentru ratificarea Amendamentului nr. 3, întocmit prin schimb de scrisori, la Acordul de finanțare dintre Republica Moldova și Asociația Internațională pentru Dezvoltare și Amendamentului nr. 3, întocmit prin schimb de scrisori, la Acordul de împrumut dintre Republica Moldova și Banca Internațională pentru Reconstrucție și Dezvoltare în vederea realizării Proiectului de modernizare a administrării fiscale (TAMP)",Împrumut,BIRD / AID,,legis.md,,https://www.legis.md/cautare/getResults?doc_id=134703&lang=ro
LP346/2022,15.12.2022,Lege,"Lege pentru ratificarea Amendamentului nr. 3, întocmit prin schimb de scrisori, la Acordul de finanțare dintre Republica Moldova și Asociația Internațională pentru Dezvoltare și Amendamentului nr. 3, întocmit prin schimb de scrisori, la Acordul de împrumut dintre Republica Moldova și Banca Internațională pentru Reconstrucție și Dezvoltare în vederea realizării Proiectului de modernizare a administrării fiscale (TAMP)",Împrumut,BIRD / AID,,legis.md,,https://www.legis.md/cautare/getResults?doc_id=134705&lang=ro
HG863/2022,14.12.2022,Hotărâre,"Hotărâre cu privire la aprobarea proiectului de lege pentru ratificarea Acordului de grant Fondul fiduciar multidonator pentru cofinanțarea Programului „Moldova, măsuri în situație de urgență, reziliență și competitivitate. Operațiunea de politici de dezvoltare” dintre Republica Moldova și Banca Internațională pentru Reconstrucție și Dezvoltare și Asociația Internațională pentru Dezvoltare, semnat la 9 decembrie 2022",Grant,BIRD / AID,09.12.2022,legis.md,,https://www.legis.md/cautare/getResults?doc_id=134489&lang=ro
DP731/2022,13.12.2022,Decret,Decret cu privire la promulgarea Legii pentru ratificarea Acordului de modificare nr. 3 la Acordul de împrumut dintre Republica Moldova și Banca Europeană pentru Reconstrucție și Dezvoltare privind realizarea lucrărilor de construcție și reabilitare a drumurilor în Republica Moldova,Împrumut,BERD,,legis.md,,https://www.legis.md/cautare/getResults?doc_id=134528&lang=ro
LP333/2022,08.12.2022,Lege,Lege pentru ratificarea Acordului de modificare nr. 3 la Acordul de împrumut dintre Republica Moldova şi Banca Europeană pentru Reconstrucție şi Dezvoltare privind realizarea lucrărilor de construcție şi reabilitare a drumurilor în Republica Moldova,Împrumut,BERD,,legis.md,,https://www.legis.md/cautare/getResults?doc_id=134529&lang=ro
HG843/2022,07.12.2022,Hotărâre,"Hotărâre cu privire la aprobarea proiectului de lege pentru ratificarea Amendamentului nr. 3, prin schimb de scrisori, la Acordul de finanţare dintre Republica Moldova şi Asociaţia Internaţională pentru Dezvoltare şi Amendamentului nr. 3, prin schimb de scrisori, la Acordul de împrumut dintre Republica Moldova şi Banca Internaţională pentru Reconstrucţie şi Dezvoltare în vederea realizării Proiectului de modernizare a administrării fiscale (TAMP), semnate la Chișinău la 28 iunie 2016",Împrumut,BIRD / AID,,legis.md,,https://www.legis.md/cautare/getResults?doc_id=134421&lang=ro
HG841/2022,07.12.2022,Hotărâre,Hotărâre cu privire la inițierea negocierilor și aprobarea semnării Contractului de finanțare dintre Republica Moldova şi Banca Europeană de Investiții pentru suplinirea și realizarea în continuare a proiectului „Moldova drumuri III”,Împrumut,BEI,,legis.md,,https://www.legis.md/cautare/getResults?doc_id=134419&lang=ro
DP728/2022,07.12.2022,Decret,"Decret privind aprobarea semnării Acordului de grant Fondul fiduciar multidonator pentru cofinanțarea Programului „Moldova, măsuri în situație de urgență, reziliență și competitivitate. Operațiunea de politici de dezvoltare” dintre Republica Moldova și Banca Internațională pentru Reconstrucție și Dezvoltare și Asociația Internațională pentru Dezvoltare",Grant,BIRD / AID,,legis.md,,https://www.legis.md/cautare/getResults?doc_id=134398&lang=ro
DP727/2022,07.12.2022,Decret,Decret cu privire la inițierea negocierilor și aprobarea semnării Amendamentului nr.1 la Acordul de finanțare dintre Republica Moldova și Asociația Internațională pentru Dezvoltare privind Proiectul „Răspuns de Urgență la COVID-19 – finanțare adițională”,Împrumut,AID,,legis.md,,https://www.legis.md/cautare/getResults?doc_id=134397&lang=ro
DP726/2022,07.12.2022,Decret,Decret cu privire la inițierea negocierilor și aprobarea semnării Amendamentului nr.1 la Acordul de finanțare dintre Republica Moldova și Asociația Internațională pentru Dezvoltare privind implementarea Proiectului „Răspuns de Urgență la COVID-19”,Împrumut,AID,,legis.md,,https://www.legis.md/cautare/getResults?doc_id=134396&lang=ro
HG819/2022,30.11.2022,Hotărâre,"Hotărâre cu privire la aprobarea proiectului de lege pentru ratificarea Acordului de modificare nr. 3 la Acordul de împrumut dintre Republica Moldova şi Banca Europeană pentru Reconstrucție şi Dezvoltare privind realizarea lucrărilor de construcție şi reabilitare a drumurilor în Republica Moldova din 28 iunie 2013, semnat la Chișinău la 11 noiembrie 2022",Împrumut,BERD,11.11.2022,legis.md,,https://www.legis.md/cautare/getResults?doc_id=134308&lang=ro
DP725/2022,30.11.2022,Decret,Decret cu privire la promulgarea Legii pentru ratificarea Celui de-al Paisprezecelea Amendament la Acordul de asistență privind obiectivul de dezvoltare între Guvernul Republicii Moldova și Guvernul Statelor Unite ale Americii pentru creștere economică durabilă ancorată în integrarea europeană,Grant,SUA,,legis.md,,https://www.legis.md/cautare/getResults?doc_id=134403&lang=ro
LP322/2022,24.11.2022,Lege,Lege pentru ratificarea Celui de-al Paisprezecelea Amendament la Acordul de asistență privind obiectivul de dezvoltare între Guvernul Republicii Moldova și Guvernul Statelor Unite ale Americii pentru creștere economică durabilă ancorată în integrarea europeană,Grant,SUA,,legis.md,,https://www.legis.md/cautare/getResults?doc_id=134404&lang=ro
HG798/2022,23.11.2022,Hotărâre,"Hotărâre cu privire la aprobarea semnării Acordului de împrumut dintre Republica Moldova şi Banca Europeană pentru Reconstrucție și Dezvoltare în vederea realizării proiectului „Deșeuri solide în Republica Moldova”, în sumă de 25 milioane de euro",Împrumut,BERD,,legis.md,,https://www.legis.md/cautare/getResults?doc_id=134243&lang=ro
HG782/2022,16.11.2022,Hotărâre,"Hotărâre cu privire la aprobarea proiectului de lege pentru ratificarea celui de-al paisprezecelea Amendament la Acordul de asistență privind obiectivul de dezvoltare dintre Guvernul Republicii Moldova și Guvernul Statelor Unite ale Americii pentru creștere economică durabilă ancorată în integrarea europeană, semnat la Chișinău la 28 septembrie 2016",Grant,SUA,28.09.2016,legis.md,,https://www.legis.md/cautare/getResults?doc_id=134128&lang=ro
DP701/2022,15.11.2022,Decret,"Decret cu privire la promulgarea Legii pentru ratificarea Acordului de facilitate de credit dintre Republica Moldova și Agenția Franceză pentru Dezvoltare, în sumă de 60 de milioane de euro",Împrumut,AFD,,legis.md,,https://www.legis.md/cautare/getResults?doc_id=134111&lang=ro
DP700/2022,15.11.2022,Decret,"Decret cu privire la promulgarea Legii pentru ratificarea Acordului de grant dintre Republica Moldova și Banca Europeană pentru Reconstrucție și Dezvoltare în vederea realizării proiectului „Sistemul termoenergetic al municipiului Bălți (S.A. „CET-Nord”)”, faza II",Grant,BERD,,legis.md,,https://www.legis.md/cautare/getResults?doc_id=131717&lang=ro
LP307/2022,10.11.2022,Lege,"Lege pentru ratificarea Acordului de facilitate de credit dintre Republica Moldova și Agenția Franceză pentru Dezvoltare, în sumă de 60 de milioane de euro",Împrumut,AFD,,legis.md,,https://www.legis.md/cautare/getResults?doc_id=134112&lang=ro
LP306/2022,10.11.2022,Lege,"Lege pentru ratificarea Acordului de grant dintre Republica Moldova şi Banca Europeană pentru Reconstrucție și Dezvoltare în vederea realizării proiectului „Sistemul termoenergetic al municipiului Bălți (S.A. „CET-Nord”)”, faza II",Grant,BERD,,legis.md,,https://www.legis.md/cautare/getResults?doc_id=133691&lang=ro
HG778/2022,09.11.2022,Hotărâre,"Hotărâre pentru iniţierea negocierilor şi aprobarea semnării Înţelegerii, întocmite prin schimb de note, dintre Guvernul Republicii Moldova și Guvernul Republicii Federale Germania privind cooperarea financiară („Promovarea securității energetice a grupurilor vulnerabile din Republica Moldova”)",Grant,Germania,,legis.md,,https://www.legis.md/cautare/getResults?doc_id=134022&lang=ro
DP691/2022,09.11.2022,Decret,Decret pentru inițierea negocierilor şi aprobarea semnării Acordului de modificare nr. 3 la Acordul de împrumut între Republica Moldova şi Banca Europeană pentru Reconstrucție şi Dezvoltare privind realizarea lucrărilor de construcție şi reabilitare a drumurilor în Republica Moldova,Împrumut,BERD,,legis.md,,https://www.legis.md/cautare/getResults?doc_id=134000&lang=ro
HG762/2022,02.11.2022,Hotărâre,"Hotărâre cu privire la iniţierea negocierilor şi aprobarea semnării celui de-al paisprezecelea Amendament la Acordul de asistenţă privind obiectivul de dezvoltare dintre Guvernul Republicii Moldova şi Guvernul Statelor Unite ale Americii pentru creștere economică durabilă ancorată în integrarea europeană, semnat la Chișinău la 28 septembrie 2016",Grant,SUA,28.09.2016,legis.md,,https://www.legis.md/cautare/getResults?doc_id=133952&lang=ro
HG751/2022,02.11.2022,Hotărâre,Hotărâre pentru inițierea negocierilor şi aprobarea semnării Acordului de finanțare dintre Guvernul Republicii Moldova şi Comisia Europeană privind Programul „UE pentru Reforme”,Grant,UE,,legis.md,,https://www.legis.md/cautare/getResults?doc_id=133938&lang=ro
HG750/2022,02.11.2022,Hotărâre,Hotărâre pentru inițierea negocierilor şi aprobarea semnării Acordului de finanțare dintre Guvernul Republicii Moldova şi Comisia Europeană privind Programul „UE pentru redresare și reziliență”,Grant,UE,,legis.md,,https://www.legis.md/cautare/getResults?doc_id=133937&lang=ro
HG749/2022,02.11.2022,Hotărâre,Hotărâre cu privire la inițierea negocierilor şi aprobarea semnării Amendamentului nr. 1 la Acordul de finanțare dintre Guvernul Republicii Moldova şi Comisia Europeană privind realizarea Proiectului „UE4Moldova: Facilitatea de sprijin al răspunsului sistemului de sănătate la situația de urgență COVID și realizarea reformelor conform Acordului de Asociere”,Grant,UE,,legis.md,,https://www.legis.md/cautare/getResults?doc_id=133935&lang=ro
HG748/2022,02.11.2022,Hotărâre,"Hotărâre cu privire la aprobarea proiectului de lege pentru ratificarea Acordului de facilitate de credit dintre Republica Moldova și Agenția Franceză pentru Dezvoltare, în sumă de 60,0 milioane de euro, semnat la Chișinău la 28 octombrie 2022",Împrumut,AFD,28.10.2022,legis.md,,https://www.legis.md/cautare/getResults?doc_id=133934&lang=ro
HG747/2022,02.11.2022,Hotărâre,"Hotărâre cu privire la aprobarea proiectului de lege pentru ratificarea Acordului de grant dintre Republica Moldova și Banca Europeană pentru Reconstrucție și Dezvoltare în vederea realizării proiectului „Sistemul termoenergetic al mun. Bălți (SA „CET-Nord”) – Faza II”, semnat la Chișinău la 5 octombrie 2022",Grant,BERD,05.10.2022,legis.md,,https://www.legis.md/cautare/getResults?doc_id=133932&lang=ro
DP679/2022,28.10.2022,Decret,Decret privind promulgarea Legii pentru ratificarea Acordului de grant dintre Republica Moldova și Banca Europeană de Investiții în vederea realizării Proiectului „Eficiența energetică în Republica Moldova”,Grant,BEI,,legis.md,,https://www.legis.md/cautare/getResults?doc_id=133918&lang=ro
LP294/2022,27.10.2022,Lege,Lege pentru ratificarea Acordului de grant dintre Republica Moldova și Banca Europeană de Investiții în vederea realizării Proiectului „Eficiența energetică în Republica Moldova”,Grant,BEI,,legis.md,,https://www.legis.md/cautare/getResults?doc_id=133919&lang=ro
HG740/2022,26.10.2022,Hotărâre,"Hotărâre cu privire la aprobarea proiectului de lege pentru ratificarea Acordului de grant dintre Republica Moldova și Banca Europeană de Investiții în vederea realizării Proiectului ”Eficiența energetică în Republica Moldova”, semnat la Chișinău la 13 septembrie 2022",Grant,BEI,13.09.2022,legis.md,,https://www.legis.md/cautare/getResults?doc_id=133825&lang=ro
HG713/2022,19.10.2022,Hotărâre,Hotărâre cu privire la aprobarea semnării Acordului de facilitate de credit dintre Republica Moldova și Agenția Franceză pentru Dezvoltare în sumă de 60 milioane de euro,Împrumut,AFD,,legis.md,,https://www.legis.md/cautare/getResults?doc_id=133713&lang=ro
HG706/2022,19.10.2022,Hotărâre,"Hotărâre privind inițierea negocierilor asupra proiectului Acordului de împrumut dintre Republica Moldova şi Banca Europeană pentru Reconstrucție și Dezvoltare în vederea realizării proiectului „Deșeuri solide în Republica Moldova”, în sumă de 25 milioane de euro, și acordarea împuternicirilor pentru negocierea acestuia",Împrumut,BERD,,legis.md,,https://www.legis.md/cautare/getResults?doc_id=133709&lang=ro
DP659/2022,13.10.2022,Decret,Decret privind promulgarea Legii pentru ratificarea Acordului de grant dintre Republica Moldova și Banca de Dezvoltare a Consiliului Europei pentru realizarea asistenței financiare din Fondul pentru migranțiși refugiați „Sprijinirea furnizării în Moldova a serviciilor de sănătate pentru persoanele afectate de criza din Ucraina”,Grant,CEB,,legis.md,,https://www.legis.md/cautare/getResults?doc_id=133722&lang=ro
DP655/2022,10.10.2022,Decret,"Decret privind inițierea negocierilor și aprobarea semnării Amendamentului nr. 3, prin schimb de scrisori, la Acordul de finanțare dintre Republica Moldova şi Asociația Internațională pentru Dezvoltare și a Amendamentului nr. 3, prin schimb de scrisori, la Acordul de împrumut dintre Republica Moldova și Banca Internațională pentru Reconstrucție și Dezvoltare în vederea realizării Proiectului de modernizare a administrării fiscale (TAMP)",Împrumut,BIRD / AID,,legis.md,,https://www.legis.md/cautare/getResults?doc_id=133680&lang=ro
LP279/2022,06.10.2022,Lege,Lege pentru ratificarea Acordului de grant dintre Republica Moldova și Banca de Dezvoltare a Consiliului Europei pentru realizarea asistenței financiare din Fondul pentru migranți și refugiați „Sprijinirea furnizării în Moldova a serviciilor de sănătate pentru persoanele afectate de criza din Ucraina”,Grant,CEB,,legis.md,,https://www.legis.md/cautare/getResults?doc_id=133724&lang=ro
HG640/2022,14.09.2022,Hotărâre,"Hotărâre cu privire la inițierea negocierilor şi aprobarea semnării Amendamentului nr. 1 la Acordul de finanțare dintre Guvernul Republicii Moldova și Comisia Europeană „Suport pentru implementarea Acordului de Asociere Republica Moldova – Uniunea Europeană”, semnat la 24 iulie 2019",Grant,UE,24.07.2019,legis.md,,https://www.legis.md/cautare/getResults?doc_id=133311&lang=ro
HG637/2022,14.09.2022,Hotărâre,"Hotărâre cu privire la aprobarea proiectului de lege pentru ratificarea Acordului de grant dintre Republica Moldova și Banca de Dezvoltare a Consiliului Europei pentru realizarea asistenței financiare din Fondul pentru migranți și refugiați „Sprijinirea furnizării în Moldova a serviciilor de sănătate pentru persoanele afectate de criza din Ucraina”, semnat la Paris la 4 august 2022 și la Chișinău la 9 august 2022",Grant,CEB,04.08.2022,legis.md,,https://www.legis.md/cautare/getResults?doc_id=133307&lang=ro
DP614/2022,15.08.2022,Decret,Decret cu privire la inițierea negocierilor și aprobarea semnării Acordului de grant dintre Republica Moldova și Banca Europeană pentru Reconstrucție și Dezvoltare în vederea realizării Proiectului „Sistemul termoenergetic al municipiului Bălți („CET-Nord” SA)” - Faza II,Grant,BERD,,legis.md,,https://www.legis.md/cautare/getResults?doc_id=132836&lang=ro
HG587/2022,10.08.2022,Hotărâre,"Hotărâre cu privire la inițierea negocierilor şi aprobarea semnării celui de-al treisprezecelea Amendament la Acordul de asistență privind obiectivul de dezvoltare dintre Guvernul Republicii Moldova şi Guvernul Statelor Unite ale Americii pentru creștere economică durabilă ancorată în integrarea europeană, semnat la Chișinău la 28 septembrie 2016",Grant,SUA,28.09.2016,legis.md,,https://www.legis.md/cautare/getResults?doc_id=132740&lang=ro
HG586/2022,10.08.2022,Hotărâre,"Hotărâre cu privire la iniţierea negocierilor şi aprobarea semnării celui de-al treisprezecelea Amendament la Acordul de asistenţă privind obiectivul de dezvoltare dintre Guvernul Republicii Moldova şi Guvernul Statelor Unite ale Americii pentru consolidarea democrației participative, semnat la Chișinău la 28 septembrie 2016",Grant,SUA,28.09.2016,legis.md,,https://www.legis.md/cautare/getResults?doc_id=132739&lang=ro
DP598/2022,09.08.2022,Decret,"Decret cu privire la promulgarea Legii pentru ratificarea Amendamentului nr. 1, întocmit prin schimb de scrisori, la Acordul de finanțare dintre Guvernul Republicii Moldova, Uniunea Europeană și Ministerul Dezvoltării Regionale și Administrației Publice al României privind Programul Operațional Comun România – Republica Moldova 2014–2020 pentru Programul de Cooperare Transfrontalieră al Instrumentului European de Vecinătate (ENI) pentru anii 2014–2020",Grant,UE,,legis.md,,https://www.legis.md/cautare/getResults?doc_id=132708&lang=ro
HG577/2022,03.08.2022,Hotărâre,Hotărâre cu privire la inițierea negocierilor și aprobarea semnării Acordului de grant dintre Guvernul Republicii Moldova și Agenția Japoneză pentru Cooperare Internațională privind implementarea Programului de consolidare a sistemului medical,Grant,JICA,,legis.md,,https://www.legis.md/cautare/getResults?doc_id=132600&lang=ro
DP588/2022,03.08.2022,Decret,Decret cu privire la inițierea negocierilor și aprobarea semnării Acordului de grant dintre Republica Moldova și Banca Europeană de Investiții în vederea realizării Proiectului „Eficiența energetică în Republica Moldova”,Grant,BEI,,legis.md,,https://www.legis.md/cautare/getResults?doc_id=132587&lang=ro
LP233/2022,28.07.2022,Lege,"Lege pentru ratificarea Amendamentului nr. 1, întocmit prin schimb de scrisori, la Acordul de finanțare dintre Guvernul Republicii Moldova, Uniunea Europeană și Ministerul Dezvoltării Regionale și Administrației Publice al României privind Programul Operațional Comun România – Republica Moldova 2014–2020 pentru Programul de Cooperare Transfrontalieră al Instrumentului European de Vecinătate (ENI) pentru anii 2014–2020",Grant,UE,,legis.md,,https://www.legis.md/cautare/getResults?doc_id=132709&lang=ro
DP563/2022,20.07.2022,Decret,"Decret privind promulgarea Legii pentru ratificarea Acordului de finanțare dintre Republica Moldova și Asociația Internațională pentru Dezvoltare (AID) pentru realizarea Proiectului de competitivitate a întreprinderilor micro, mici și mijlocii (Proiectul ÎMMM)",Împrumut,AID,,legis.md,,https://www.legis.md/cautare/getResults?doc_id=132352&lang=ro
DP562/2022,20.07.2022,Decret,Decret privind promulgarea Legii pentru ratificarea Contractului de finanțare dintre Republica Moldova și Banca Europeană de Investiții pentru realizarea Proiectului „Moldova drumuri IV”,Împrumut,BEI,,legis.md,,https://www.legis.md/cautare/getResults?doc_id=132355&lang=ro
DP561/2022,20.07.2022,Decret,Decret privind promulgarea Legii pentru ratificarea Acordului de împrumut dintre Republica Moldova și Banca Europeană pentru Reconstrucție și Dezvoltare în vederea realizării proiectului „Securitatea furnizării gazelor naturale”,Împrumut,BERD,,legis.md,,https://www.legis.md/cautare/getResults?doc_id=132280&lang=ro
DP560/2022,20.07.2022,Decret,"Decret cu privire la promulgarea Legii pentru ratificarea Amendamentului nr. 1, întocmit prin schimb de scrisori, la Acordul de finanțare dintre Guvernul Republicii Moldova, Uniunea Europeană și Ministerul Dezvoltării Regionale și Administrației Publice al României privind Programul Operațional Comun Bazinul Mării Negre 2014-2020 pentru Programul de Cooperare Transfrontalieră al Instrumentului European de Vecinătate (ENI) pentru anii 2014-2020",Grant,UE,,legis.md,,https://www.legis.md/cautare/getResults?doc_id=132282&lang=ro
DP559/2022,20.07.2022,Decret,"Decret privind promulgarea Legii pentru ratificarea Acordului de împrumut dintre Republica Moldova și Banca Internațională pentru Reconstrucție și Dezvoltare (BIRD) pentru realizarea Proiectului de competitivitate a întreprinderilor micro, mici și mijlocii (Proiectul ÎMMM)",Împrumut,BIRD,,legis.md,,https://www.legis.md/cautare/getResults?doc_id=132348&lang=ro
DP550/2022,18.07.2022,Decret,Decret privind inițierea negocierilor și aprobarea semnării Acordului de Grant dintre Republica Moldova și Banca de Dezvoltare a Consiliului Europei pentru realizarea asistenței financiare din Fondul pentru migranți și refugiați „Sprijinirea furnizării în Moldova a serviciilor de sănătate pentru persoanele afectate de criza din Ucraina”,Grant,CEB,,legis.md,,https://www.legis.md/cautare/getResults?doc_id=132292&lang=ro
LP207/2022,15.07.2022,Lege,"Lege pentru ratificarea Amendamentului nr. 1, întocmit prin schimb de scrisori, la Acordul de finanțare dintre Guvernul Republicii Moldova, Uniunea Europeană și Ministerul Dezvoltării Regionale şi Administrației Publice al României privind Programul Operațional Comun Bazinul Mării Negre 2014–2020 pentru Programul de Cooperare Transfrontalieră al Instrumentului European de Vecinătate (ENI) pentru anii 2014–2020",Grant,UE,,legis.md,,https://www.legis.md/cautare/getResults?doc_id=132283&lang=ro
LP206/2022,15.07.2022,Lege,Lege pentru ratificarea Acordului de împrumut dintre Republica Moldova şi Banca Europeană pentru Reconstrucție și Dezvoltare în vederea realizării proiectului „Securitatea furnizării gazelor naturale”,Împrumut,BERD,,legis.md,,https://www.legis.md/cautare/getResults?doc_id=132281&lang=ro
LP205/2022,15.07.2022,Lege,Lege pentru ratificarea Contractului de finanțare dintre Republica Moldova și Banca Europeană de Investiții pentru realizarea Proiectului „Moldova drumuri IV”,Împrumut,BEI,,legis.md,,https://www.legis.md/cautare/getResults?doc_id=132356&lang=ro
LP204/2022,15.07.2022,Lege,"Lege pentru ratificarea Acordului de finanțare dintre Republica Moldova și Asociația Internațională pentru Dezvoltare (AID) pentru realizarea Proiectului de competitivitate a întreprinderilor micro, mici și mijlocii (Proiectul ÎMMM)",Împrumut,AID,,legis.md,,https://www.legis.md/cautare/getResults?doc_id=132354&lang=ro
LP203/2022,15.07.2022,Lege,"Lege pentru ratificarea Acordului de împrumut dintre Republica Moldova și Banca Internațională pentru Reconstrucție și Dezvoltare (BIRD) pentru realizarea Proiectului de competitivitate a întreprinderilor micro, mici și mijlocii (Proiectul ÎMMM)",Împrumut,BIRD,,legis.md,,https://www.legis.md/cautare/getResults?doc_id=132350&lang=ro
DP545/2022,15.07.2022,Decret,Decret privind promulgarea Legii pentru ratificarea Contractului de credit dintre Republica Moldova și Agenția Franceză pentru Dezvoltare,Împrumut,AFD,,legis.md,,https://www.legis.md/cautare/getResults?doc_id=132182&lang=ro
DP543/2022,15.07.2022,Decret,"Decret cu privire la promulgarea Legii pentru ratificarea Acordului de finanțare dintre Republica Moldova și Banca Internațională pentru Reconstrucție și Dezvoltare în vederea realizării Programului „Moldova, măsuri în situație de urgență, reziliență și competitivitate. Operațiunea de politici de dezvoltare”",Împrumut,BIRD,,legis.md,,https://www.legis.md/cautare/getResults?doc_id=132188&lang=ro
DP542/2022,15.07.2022,Decret,"Decret cu privire la promulgarea Legii pentru ratificarea Acordului de finanțare dintre Republica Moldova și Asociația Internațională pentru Dezvoltare în vederea realizării Programului „Moldova, măsuri în situație de urgență, reziliență și competitivitate. Operațiunea de politici de dezvoltare”",Împrumut,AID,,legis.md,,https://www.legis.md/cautare/getResults?doc_id=132190&lang=ro
DP541/2022,15.07.2022,Decret,Decret cu privire la promulgarea Legii pentru ratificarea Memorandumului de înțelegere dintre Republica Moldova și Uniunea Europeană privind asistența macrofinanciară pentru Republica Moldova,Grant,UE,,legis.md,da,https://www.legis.md/cautare/getResults?doc_id=132184&lang=ro
DP540/2022,15.07.2022,Decret,Decret cu privire la promulgarea Legii pentru ratificarea Acordului de grant dintre Republica Moldova și Uniunea Europeană privind asistența macrofinanciară pentru Republica Moldova,Grant,UE,,legis.md,da,https://www.legis.md/cautare/getResults?doc_id=132186&lang=ro
DP539/2022,15.07.2022,Decret,"Decret cu privire la promulgarea Legii pentru ratificarea Acordului de facilitate de împrumut dintre Republica Moldova, Uniunea Europeană și Banca Națională a Moldovei privind asistența macrofinanciară pentru Republica Moldova",Împrumut,UE,,legis.md,da,https://www.legis.md/cautare/getResults?doc_id=132180&lang=ro
LP198/2022,14.07.2022,Lege,"Lege pentru ratificarea Acordului de finanțare dintre Republica Moldova și Asociația Internațională pentru Dezvoltare în vederea realizării Programului „Moldova, măsuri în situație de urgență, reziliență și competitivitate. Operațiunea de politici de dezvoltare”",Împrumut,AID,,legis.md,,https://www.legis.md/cautare/getResults?doc_id=132191&lang=ro
LP197/2022,14.07.2022,Lege,"Lege pentru ratificarea Acordului de finanțare dintre Republica Moldova și Banca Internațională pentru Reconstrucție și Dezvoltare în vederea realizării Programului „Moldova, măsuri în situație de urgență, reziliență și competitivitate. Operațiunea de politici de dezvoltare”",Împrumut,BIRD,,legis.md,,https://www.legis.md/cautare/getResults?doc_id=132189&lang=ro
LP194/2022,14.07.2022,Lege,Lege pentru ratificarea Acordului de grant dintre Republica Moldova şi Uniunea Europeană privind asistența macrofinanciară pentru Republica Moldova,Grant,UE,,legis.md,da,https://www.legis.md/cautare/getResults?doc_id=132187&lang=ro
LP193/2022,14.07.2022,Lege,Lege pentru ratificarea Memorandumului de înțelegere dintre Republica Moldova şi Uniunea Europeană privind asistența macrofinanciară pentru Republica Moldova,Grant,UE,,legis.md,da,https://www.legis.md/cautare/getResults?doc_id=132185&lang=ro
LP192/2022,14.07.2022,Lege,Lege pentru ratificarea Contractului de credit dintre Republica Moldova și Agenția Franceză pentru Dezvoltare,Împrumut,AFD,,legis.md,,https://www.legis.md/cautare/getResults?doc_id=132183&lang=ro
LP191/2022,14.07.2022,Lege,"Lege pentru ratificarea Acordului de facilitate de împrumut dintre Republica Moldova, Uniunea Europeană și Banca Națională a Moldovei privind asistența macrofinanciară pentru Republica Moldova",Împrumut,UE,,legis.md,da,https://www.legis.md/cautare/getResults?doc_id=132181&lang=ro
HG488/2022,13.07.2022,Hotărâre,"Hotărâre cu privire la inițierea negocierilor și aprobarea semnării Amendamentului nr. 1 la Acordul de finanțare dintre Guvernul Republicii Moldova și Comisia Europeană privind Contractul de consolidare a statului și rezilienței pentru Republica Moldova, semnat la Bruxelles la 15 decembrie 2021",Grant,UE,15.12.2021,legis.md,,https://www.legis.md/cautare/getResults?doc_id=132137&lang=ro
HG482/2022,13.07.2022,Hotărâre,"Hotărâre cu privire la aprobarea proiectului de lege pentru ratificarea Acordului de finanțare dintre Republica Moldova și Asociația Internațională pentru Dezvoltare (AID) pentru realizarea Proiectului de competitivitate a întreprinderilor micro, mici și mijlocii (Proiectul ÎMMM), semnat la 7 iulie 2022",Împrumut,AID,07.07.2022,legis.md,,https://www.legis.md/cautare/getResults?doc_id=132123&lang=ro
HG481/2022,13.07.2022,Hotărâre,"Hotărâre cu privire la aprobarea proiectului de lege pentru ratificarea Acordului de împrumut dintre Republica Moldova și Banca Internațională pentru Reconstrucție și Dezvoltare (BIRD) pentru realizarea Proiectului de competitivitate a întreprinderilor micro, mici și mijlocii (Proiectul ÎMMM), semnat la 7 iulie 2022",Împrumut,BIRD,07.07.2022,legis.md,,https://www.legis.md/cautare/getResults?doc_id=132122&lang=ro
HG479/2022,13.07.2022,Hotărâre,"Hotărâre cu privire la aprobarea proiectului de lege pentru ratificarea Amendamentului nr. 1, prin schimb de scrisori, la Acordul de finanțare dintre Guvernul Republicii Moldova, Uniunea Europeană și Ministerul Dezvoltării Regionale şi Administrației Publice al României privind Programul Operațional Comun România – Republica Moldova 2014-2020 pentru Programul de Cooperare Transfrontalieră al Instrumentului European de Vecinătate (ENI) pentru anii 2014-2020, semnat la Chișinău la12 decembrie 2016",Grant,UE,,legis.md,,https://www.legis.md/cautare/getResults?doc_id=132120&lang=ro
HG478/2022,13.07.2022,Hotărâre,"Hotărâre cu privire la aprobarea proiectului de lege pentru ratificarea Amendamentului nr. 1, prin schimb de scrisori, la Acordul de finanțare dintre Guvernul Republicii Moldova, Uniunea Europeană și Ministerul Dezvoltării Regionale şi Administrației Publice al României privind Programul Operațional Comun Bazinul Mării Negre 2014- 2020 pentru Programul de Cooperare Transfrontalieră al Instrumentului European de Vecinătate (ENI) pentru anii 2014-2020, semnat la Chișinău la 12 decembrie 2016",Grant,UE,12.12.2016,legis.md,,https://www.legis.md/cautare/getResults?doc_id=132119&lang=ro
HG477/2022,13.07.2022,Hotărâre,Hotărâre cu privire la aprobarea proiectului de lege pentru ratificarea Contractului de finanțare dintre Republica Moldova şi Banca Europeană de Investiții pentru realizarea Proiectului „Moldova drumuri IV”,Împrumut,BEI,,legis.md,,https://www.legis.md/cautare/getResults?doc_id=132118&lang=ro
HG479/2023,12.07.2022,Hotărâre,"Hotărâre cu privire la aprobarea proiectului de lege pentru ratificarea celui de-al cincisprezecelea Amendament, semnat la 30 iunie 2023, la Acordul de asistenţă privind obiectivul de dezvoltare dintre Guvernul Republicii Moldova şi Guvernul Statelor Unite ale Americii pentru creștere economică durabilă ancorată în integrarea europeană, semnat la Chişinău la 28 septembrie 2016",Grant,SUA,30.06.2023,legis.md,,https://www.legis.md/cautare/getResults?doc_id=137996&lang=ro
DP528/2022,08.07.2022,Decret,Decret cu privire la promulgarea Legii pentru ratificarea Acordului de finanțare dintre Republica Moldova și Asociația Internațională pentru Dezvoltare în vederea realizării Proiectului „Securitatea aprovizionării cu apă și sanitație în Moldova”,Împrumut,AID,,legis.md,,https://www.legis.md/cautare/getResults?doc_id=132133&lang=ro
DP527/2022,08.07.2022,Decret,Decret cu privire la promulgarea Legii pentru aprobarea Acordului de grant dintre Republica Moldova și Banca de Dezvoltare a Consiliului Europei pentru realizarea asistenței tehnice „Activități preparatorii aferente unui proiect privind locuințele sociale”,Grant,CEB,,legis.md,,https://www.legis.md/cautare/getResults?doc_id=132136&lang=ro
DP525/2022,08.07.2022,Decret,"Decret cu privire la promulgarea Legii pentru ratificarea Amendamentului, întocmit prin schimb de scrisori, la Acordul de finanțare (a doua finanțare adițională) dintre Republica Moldova și Asociația Internațională pentru Dezvoltare (credit nr. 5858-MD) în vederea realizării Proiectului „Agricultura Competitivă în Moldova (MAC-P)”",Împrumut,AID,,legis.md,,https://www.legis.md/cautare/getResults?doc_id=132112&lang=ro
DP524/2022,08.07.2022,Decret,"Decret cu privire la promulgarea Legii pentru ratificarea Amendamentului, întocmit prin schimb de scrisori, la Acordul de finanțare (a treia finanțare adițională) dintre Republica Moldova și Asociația Internațională pentru Dezvoltare (credit nr. 6749-MD) în vederea realizării Proiectului „Agricultura Competitivă în Moldova (MAC-P)”",Împrumut,AID,,legis.md,,https://www.legis.md/cautare/getResults?doc_id=132129&lang=ro
DP523/2022,08.07.2022,Decret,Decret cu privire la promulgarea Legii pentru ratificarea Acordului de grant dintre Republica Moldova și Banca Internațională pentru Reconstrucție și Dezvoltare (BIRD) în calitate de Agenție de implementare pentru Fondul Global de Mediu (GEF) – (a patra finanțare adițională) în cadrul Proiectului „Agricultura Competitivă în Moldova (MAC-P)”,Grant,BIRD / Fondul Global,,legis.md,,https://www.legis.md/cautare/getResults?doc_id=132131&lang=ro
HG462/2022,06.07.2022,Hotărâre,"Hotărâre cu privire la inițierea negocierilor asupra proiectului Acordului de facilitate de credit dintre Republica Moldova și Agenția Franceză pentru Dezvoltare, în sumă de 60 milioane de euro",Împrumut,AFD,,legis.md,,https://www.legis.md/cautare/getResults?doc_id=132056&lang=ro
HG460/2022,06.07.2022,Hotărâre,"Hotărâre cu privire la aprobarea proiectului de lege pentru ratificarea Acordului de finanțare dintre Republica Moldova și Asociația Internațională pentru Dezvoltare în vederea realizării Programului „Moldova, măsuri în situație de urgență, reziliență și competitivitate. Operațiunea de politici de dezvoltare”, semnat la 4 iulie 2022",Împrumut,AID,04.07.2022,legis.md,,https://www.legis.md/cautare/getResults?doc_id=132052&lang=ro
HG459/2022,06.07.2022,Hotărâre,"Hotărâre cu privire la aprobarea proiectului de lege pentru ratificarea Acordului de finanțare dintre Republica Moldova și Banca Internațională pentru Reconstrucție și Dezvoltare în vederea realizării Programului „Moldova, măsuri în situație de urgență, reziliență și competitivitate. Operațiunea de politici de dezvoltare”, semnat la 4 iulie 2022",Împrumut,BIRD,04.07.2022,legis.md,,https://www.legis.md/cautare/getResults?doc_id=132048&lang=ro
HG436/2022,29.06.2022,Hotărâre,"Hotărâre cu privire la aprobarea proiectului de lege pentru ratificarea Acordului de împrumut dintre Republica Moldova și Banca Europeană pentru Reconstrucție și Dezvoltare în vederea realizării proiectului „Securitatea furnizării gazelor naturale”, semnat la 23 iunie 2022",Împrumut,BERD,23.06.2022,legis.md,,https://www.legis.md/cautare/getResults?doc_id=131910&lang=ro
HG435/2022,29.06.2022,Hotărâre,"Hotărâre cu privire la aprobarea proiectului de lege pentru ratificarea Contractului de credit dintre Republica Moldova și Agenția Franceză pentru Dezvoltare, în sumă de 15 milioane euro, semnat la Chișinău la 15 iunie 2022",Împrumut,AFD,15.06.2022,legis.md,,https://www.legis.md/cautare/getResults?doc_id=131909&lang=ro
HG434/2022,29.06.2022,Hotărâre,"Hotărâre cu privire la aprobarea proiectului de lege pentru ratificarea Memorandumului de înțelegere dintre Republica Moldova şi Uniunea Europeană privind asistența macrofinanciară pentru Republica Moldova, semnat la Bruxelles la 22 iunie 2022",Grant,UE,22.06.2022,legis.md,da,https://www.legis.md/cautare/getResults?doc_id=131908&lang=ro
HG433/2022,29.06.2022,Hotărâre,"Hotărâre cu privire la aprobarea proiectului de lege pentru ratificarea Acordului de grant dintre Republica Moldova şi Uniunea Europeană privind asistența macrofinanciară pentru Republica Moldova, semnat la Bruxelles la 22 iunie 2022",Grant,UE,22.06.2022,legis.md,da,https://www.legis.md/cautare/getResults?doc_id=131907&lang=ro
HG432/2022,29.06.2022,Hotărâre,"Hotărâre cu privire la aprobarea proiectului de lege pentru ratificarea Acordului de facilitate de împrumut dintre Republica Moldova, Uniunea Europeană şi Banca Naţională a Moldovei privind asistenţa macrofinanciară pentru Republica Moldova, în sumă de 120 de milioane de euro, semnat la Bruxelles la 22 iunie 2022",Împrumut,UE,22.06.2022,legis.md,da,https://www.legis.md/cautare/getResults?doc_id=131906&lang=ro
DP516/2022,27.06.2022,Decret,"Decret privind aprobarea semnării Acordului de finanțare dintre Republica Moldova și Banca Internațională pentru Reconstrucție și Dezvoltare în vederea realizării Programului „Moldova, măsuri în situație de urgență, reziliență și competitivitate. Operațiunea de politici de dezvoltare”",Împrumut,BIRD,,legis.md,,https://www.legis.md/cautare/getResults?doc_id=131898&lang=ro
DP515/2022,27.06.2022,Decret,"Decret privind aprobarea semnării Acordului de finanțare dintre Republica Moldova și Asociația Internațională pentru Dezvoltare în vederea realizării Programului „Moldova, măsuri în situație de urgență, reziliență și competitivitate. Operațiunea de politici de dezvoltare”",Împrumut,AID,,legis.md,,https://www.legis.md/cautare/getResults?doc_id=131897&lang=ro
DP514/2022,27.06.2022,Decret,"Decret privind aprobarea semnării Acordului de împrumut dintre Republica Moldova și Banca Internațională pentru Reconstrucție și Dezvoltare (BIRD) pentru implementarea Proiectului de competitivitate a întreprinderilor micro, mici și mijlocii (Proiectul ÎMMM)",Împrumut,BIRD,,legis.md,,https://www.legis.md/cautare/getResults?doc_id=131896&lang=ro
DP513/2022,27.06.2022,Decret,"Decret privind aprobarea semnării Acordului de finanțare dintre Republica Moldova și Asociația Internațională pentru Dezvoltare (AID) pentru implementarea Proiectului de competitivitate a întreprinderilor micro, mici și mijlocii (Proiectul ÎMMM)",Împrumut,AID,,legis.md,,https://www.legis.md/cautare/getResults?doc_id=131895&lang=ro
LP170/2022,23.06.2022,Lege,Lege pentru aprobarea Acordului de grant dintre Republica Moldova și Banca de Dezvoltare a Consiliului Europei pentru realizarea asistenței tehnice „Activități preparatorii aferente unui proiect privind locuințele sociale”,Grant,CEB,,legis.md,,https://www.legis.md/cautare/getResults?doc_id=132138&lang=ro
LP169/2022,23.06.2022,Lege,Lege pentru ratificarea Acordului de finanțare dintre Republica Moldova și Asociația Internațională pentru Dezvoltare în vederea realizării Proiectului „Securitatea aprovizionării cu apă și sanitație în Moldova”,Împrumut,AID,,legis.md,,https://www.legis.md/cautare/getResults?doc_id=132134&lang=ro
LP168/2022,23.06.2022,Lege,Lege pentru ratificarea Acordului de grant dintre Republica Moldova și Banca Internațională pentru Reconstrucție și Dezvoltare (BIRD) în calitate de Agenție de implementare pentru Fondul Global de Mediu (GEF) – (a patra finanțare adițională) în cadrul Proiectului „Agricultura Competitivă în Moldova (MAC-P)”,Grant,BIRD / Fondul Global,,legis.md,,https://www.legis.md/cautare/getResults?doc_id=132132&lang=ro
LP167/2022,23.06.2022,Lege,"Lege pentru ratificarea Amendamentului, întocmit prin schimb de scrisori, la Acordul de finanțare (a treia finanțare adițională) dintre Republica Moldova și Asociația Internațională pentru Dezvoltare (credit nr. 6749-MD) în vederea realizării Proiectului „Agricultura Competitivă în Moldova (MAC-P)”",Împrumut,AID,,legis.md,,https://www.legis.md/cautare/getResults?doc_id=132130&lang=ro
LP166/2022,23.06.2022,Lege,"Lege pentru ratificarea Amendamentului, întocmit prin schimb de scrisori, la Acordul de finanțare (a doua finanțare adițională) dintre Republica Moldova și Asociația Internațională pentru Dezvoltare (credit nr. 5858-MD) în vederea realizării Proiectului „Agricultura Competitivă în Moldova (MAC-P)”",Împrumut,AID,,legis.md,,https://www.legis.md/cautare/getResults?doc_id=132128&lang=ro
HG413/2022,22.06.2022,Hotărâre,"Hotărâre pentru inițierea negocierilor și aprobarea semnării Acordului, întocmit prin schimb de note, privind cea de-a III-a fază de asistență tehnică pentru Centrul de Medicină Tradițională Chineză din Republica Moldova",Asistență tehnică,China,,legis.md,,https://www.legis.md/cautare/getResults?doc_id=131832&lang=ro
HG412/2022,22.06.2022,Hotărâre,Hotărâre cu privire la inițierea negocierilor și aprobarea semnării Acordului de grant dintre Guvernul Republicii Moldova și Agenția Japoneză de Cooperare Internațională pentru Proiectul privind îmbunătățirea echipamentelor de prevenire a incendiilor,Grant,JICA,,legis.md,,https://www.legis.md/cautare/getResults?doc_id=131831&lang=ro
DP507/2022,20.06.2022,Decret,Decret privind aprobarea semnării Acordului de împrumut dintre Republica Moldova și Banca Europeană pentru Reconstrucție și Dezvoltare în vederea realizării Proiectului „Securitatea Furnizării Gazelor Naturale”,Împrumut,BERD,,legis.md,,https://www.legis.md/cautare/getResults?doc_id=131805&lang=ro
HG383/2022,15.06.2022,Hotărâre,"Hotărâre cu privire la aprobarea semnării Contractului de credit dintre Republica Moldova și Agenția Franceză pentru Dezvoltare, în sumă de 15 milioane euro",Împrumut,AFD,,legis.md,,https://www.legis.md/cautare/getResults?doc_id=131718&lang=ro
DP498/2022,07.06.2022,Decret,Decret cu privire la promulgarea Legii pentru ratificarea Acordului de împrumut dintre Guvernul Republicii Moldova și Guvernul Republicii Polone în sumă de 20 de milioane de euro,Împrumut,Polonia,,legis.md,,https://www.legis.md/cautare/getResults?doc_id=131643&lang=ro
HG356/2022,01.06.2022,Hotărâre,"Hotărâre cu privire la aprobarea proiectului de lege pentru aprobarea Acordului de grand dintre Republica Moldova și Banca de Dezvoltare a Consiliului Europei pentru realizarea asistenței tehnice „Activități preparatorii aferente unui proiect privind locuințele sociale”,semnat la 5 mai 2022",Asistență tehnică,CEB,05.05.2022,legis.md,,https://www.legis.md/cautare/getResults?doc_id=131527&lang=ro
HG355/2022,01.06.2022,Hotărâre,"Hotărâre cu privire la aprobarea proiectului de lege pentru ratificarea Amendamentului, prin schimb de scrisori, la Acordul de finanțare (a doua finanțare adițională) dintre Republica Moldova și Asociația Internațională pentru Dezvoltare (Credit nr. 5858-MD) în vederea realizării Proiectului „Agricultura Competitivă în Moldova (MAC-P)”, semnat la 3 mai 2022",Împrumut,AID,03.05.2022,legis.md,,https://www.legis.md/cautare/getResults?doc_id=131526&lang=ro
HG354/2022,01.06.2022,Hotărâre,"Hotărâre cu privire la aprobarea proiectului de lege pentru ratificarea Acordului de grant dintre Republica Moldova și Banca Internațională pentru Reconstrucție și Dezvoltare (BIRD) în calitate de Agenție de implementare pentru Fondul Global de Mediu (GEF) –(a patra finanțare adițională) în cadrul Proiectului „Agricultura Competitivă în Moldova (MAC-P)”, semnat la 10 decembrie 2021",Grant,BIRD / Fondul Global,10.12.2021,legis.md,,https://www.legis.md/cautare/getResults?doc_id=131525&lang=ro
HG353/2022,01.06.2022,Hotărâre,"Hotărâre cu privire la aprobarea proiectului de lege pentru ratificarea Amendamentului, prin schimb de scrisori, la Acordul de finanțare (a treia finanțare adițională) dintre Republica Moldova și Asociația Internațională pentru Dezvoltare (Credit nr. 6749-MD) în vederea realizării Proiectului „Agricultura Competitivă în Moldova (MAC-P)”, semnat la 3 mai 2022",Împrumut,AID,03.05.2022,legis.md,,https://www.legis.md/cautare/getResults?doc_id=131524&lang=ro
HG351/2022,01.06.2022,Hotărâre,"Hotărâre cu privire la aprobarea proiectului de lege pentru ratificarea Acordului de finanțare dintre Republica Moldova și Asociația Internațională de Dezvoltare în vederea realizării Proiectului „Securitatea aprovizionării cu apă și sanitație în Moldova”, semnat la Washington la 21 aprilie 2022",Asistență financiară,AID,21.04.2022,legis.md,,https://www.legis.md/cautare/getResults?doc_id=131522&lang=ro
HG350/2022,01.06.2022,Hotărâre,"Hotărâre pentru inițierea negocierilor și aprobarea semnării Acordului de facilitate de împrumut dintre Republica Moldova, Uniunea Europeană și Banca Națională a Moldovei privind asistența macrofinanciară pentru Republica Moldova",Împrumut,UE,,legis.md,da,https://www.legis.md/cautare/getResults?doc_id=131521&lang=ro
DP482/2022,30.05.2022,Decret,Decret pentru inițierea negocierilor şi aprobarea semnării Memorandumului de Înțelegere dintre Republica Moldova și Uniunea Europeană privind asistența macrofinanciară pentru Republica Moldova,Grant,UE,,legis.md,da,https://www.legis.md/cautare/getResults?doc_id=131577&lang=ro
DP481/2022,30.05.2022,Decret,Decret pentru inițierea negocierilor şi aprobarea semnării Acordului de Grant dintre Republica Moldovași Uniunea Eu ropeană privind asistența macrofinanciară pentru Republica Moldova,Grant,UE,,legis.md,da,https://www.legis.md/cautare/getResults?doc_id=131576&lang=ro
DP477/2022,27.05.2022,Decret,Decret privind inițierea negocierilor asupra proiectului Acordului de împrumut dintre Republica Moldova și Banca Europeană pentru Reconstrucție și Dezvoltare în vederea realizării Proiectului „Securitatea Furnizării Gazelor Naturale”,Împrumut,BERD,,legis.md,,https://www.legis.md/cautare/getResults?doc_id=131574&lang=ro
LP134/2022,26.05.2022,Lege,Lege pentru ratificarea Acordului de împrumut dintre Guvernul Republicii Moldova și Guvernul Republicii Polone în sumă de 20 de milioane de euro,Împrumut,Polonia,,legis.md,,https://www.legis.md/cautare/getResults?doc_id=131645&lang=ro
DP469/2022,20.05.2022,Decret,"Decret privind inițierea negocierilor asupra proiectului Acordului de finanțare dintre Republica Moldova și Asociația Internațională pentru Dezvoltare (AID) pentru implementarea Proiectului de competitivitate a întreprinderilor micro, mici și mijlocii (Proiectul ÎMMM)",Împrumut,AID,,legis.md,,https://www.legis.md/cautare/getResults?doc_id=131415&lang=ro
DP468/2022,20.05.2022,Decret,"Decret privind inițierea negocierilor asupra proiectului Acordului de împrumut dintre Republica Moldova și Banca Internațională pentru Reconstrucție și Dezvoltare (BIRD) pentru implementarea Proiectului de competitivitate a întreprinderilor micro, mici și mijlocii (Proiectul ÎMMM)",Împrumut,BIRD,,legis.md,,https://www.legis.md/cautare/getResults?doc_id=131414&lang=ro
HG328/2022,18.05.2022,Hotărâre,Hotărâre cu privire la inițierea negocierilor asupra proiectului Contractului de credit dintre Republica Moldova și Agenția Franceză pentru Dezvoltare și acordarea împuternicirilor pentru negocierea acestuia,Împrumut,AFD,,legis.md,,https://www.legis.md/cautare/getResults?doc_id=131345&lang=ro
HG316/2022,18.05.2022,Hotărâre,"Hotărâre cu privire la aprobarea proiectului de lege pentru ratificarea Acordului de împrumut dintre Guvernul Republicii Moldova şi Guvernul Republicii Polone în sumă de 20 milioane de euro, semnat la Varșovia la 8 aprilie 2022",Împrumut,Polonia,08.04.2022,legis.md,,https://www.legis.md/cautare/getResults?doc_id=131312&lang=ro
DP462/2022,11.05.2022,Decret,"Decret privind inițierea negocierilor asupra proiectului Acordului de finanțare dintre Republica Moldova și Asociația Internațională pentru Dezvoltare în vederea realizării Programului „Moldova, măsuri în situație de urgență, reziliență și competitivitate. Operațiunea de politici de dezvoltare”",Împrumut,AID,,legis.md,,https://www.legis.md/cautare/getResults?doc_id=131253&lang=ro
DP461/2022,11.05.2022,Decret,"Decret privind inițierea negocierilor asupra proiectului Acordului de finanțare dintre Republica Moldova și Banca Internațională pentru Reconstrucție și Dezvoltare în vederea realizării Programului „Moldova, măsuri în situație de urgență, reziliență și competitivitate. Operațiunea de politici de dezvoltare”",Împrumut,BIRD,,legis.md,,https://www.legis.md/cautare/getResults?doc_id=131251&lang=ro
DP460/2022,11.05.2022,Decret,"Decret privind inițierea negocierilor asupra proiectului Acordului de grant Fondul fiduciar multidonator pentru cofinanțarea Programului „Moldova, măsuri în situație de urgență, reziliență și competitivitate. Operațiunea de politici de dezvoltare” dintre Republica Moldova și Banca Internațională pentru Reconstrucție și Dezvoltare și Asociația Internațională pentru Dezvoltare",Grant,BIRD / AID,,legis.md,,https://www.legis.md/cautare/getResults?doc_id=131249&lang=ro
HG285/2022,27.04.2022,Hotărâre,"Hotărâre cu privire la inițierea negocierilor și aprobarea semnării Amendamentului nr. 1, prin schimb de scrisori, la Acordul de finanțare dintre Guvernul Republicii Moldova, Uniunea Europeană și Ministerul Dezvoltării Regionale și Administrației Publice al României privind Programul Operațional Comun Bazinul Mării Negre 2014-2020 pentru Programul de Cooperare Transfrontalieră al =Instrumentului European de Vecinătate (ENI) pentru anii 2014-2020, semnat la Chișinău la 12 decembrie 2016",Grant,UE,12.12.2016,legis.md,,https://www.legis.md/cautare/getResults?doc_id=131094&lang=ro
HG284/2022,27.04.2022,Hotărâre,"Hotărâre cu privire la inițierea negocierilor și aprobarea semnării Amendamentului nr. 1, prin schimb de scrisori, la Acordul de finanțare dintre Guvernul Republicii Moldova, Uniunea Europeană și Ministerul Dezvoltării Regionale și Administrației Publice al României privind Programul Operațional Comun România – Republica Moldova 2014-2020 pentru Programul de Cooperare Transfrontalieră al Instrumentului European de Vecinătate (ENI) pentru anii 2014-2020, semnat la Chișinău la 12 decembrie 2016",Grant,UE,12.12.2016,legis.md,,https://www.legis.md/cautare/getResults?doc_id=131093&lang=ro
HG267/2022,20.04.2022,Hotărâre,"Hotărâre pentru iniţierea negocierilor şi aprobarea semnării Înţelegerii, întocmite prin schimb de note, dintre Guvernul Republicii Moldova şi Guvernul Republicii Federale Germania privind cooperarea tehnică",Grant,Germania,,legis.md,,https://www.legis.md/cautare/getResults?doc_id=130997&lang=ro
HG266/2022,20.04.2022,Hotărâre,"Hotărâre pentru inițierea negocierilor și aprobarea semnării Înțelegerii, întocmite prin schimb de note, dintre Guvernul Republicii Moldova și Guvernul Republicii Federale Germania privind cooperarea financiară",Grant,Germania,,legis.md,,https://www.legis.md/cautare/getResults?doc_id=130996&lang=ro
DP434/2022,20.04.2022,Decret,"Decret cu privire la promulgarea Legii pentru ratificarea Acordului de împrumut dintre Republica Moldova și Banca Europeană pentru Reconstrucție și Dezvoltare în vederea realizării proiectului „Sistemul termoenergetic al municipiului Bălți (S.A. „CET-Nord”)”, faza II",Împrumut,BERD,,legis.md,,https://www.legis.md/cautare/getResults?doc_id=131070&lang=ro
DP429/2022,18.04.2022,Decret,"Decret privind inițierea negocierilor și aprobarea semnării Amendamentului, prin schimb de scrisori, la Acordul de finanțare (a treia finanțare adițională) dintre Republica Moldova și Asociația Internațională pentru Dezvoltare (Credit nr. 6749-MD) în vederea realizării Proiectului „Agricultura Competitivă în Moldova (MAC-P)”",Împrumut,AID,,legis.md,,https://www.legis.md/cautare/getResults?doc_id=130948&lang=ro
DP428/2022,18.04.2022,Decret,"Decret privind inițierea negocierilor și aprobarea semnării Amendamentului, prin schimb de scrisori, la Acordul de finanțare (a doua finanțare adițională) dintre Republica Moldova și Asociația Internațională pentru Dezvoltare (Credit nr. 5858-MD) în vederea realizării Proiectului „Agricultura Competitivă în Moldova (MAC-P)”",Împrumut,AID,,legis.md,,https://www.legis.md/cautare/getResults?doc_id=130947&lang=ro
DP422/2022,15.04.2022,Decret,Decret cu privire la promulgarea Legii pentru ratificarea Contractului de finanțare dintre Republica Moldova și Banca Europeană de Investiții pentru realizarea Proiectului „Eficiența energetică în Republica Moldova”,Împrumut,BEI,,legis.md,,https://www.legis.md/cautare/getResults?doc_id=130938&lang=ro
LP99/2022,14.04.2022,Lege,"Lege pentru ratificarea Acordului de împrumut dintre Republica Moldova şi Banca Europeană pentru Reconstrucție și Dezvoltare în vederea realizării proiectului „Sistemul termoenergetic al municipiului Bălți (S.A. „CET-Nord”)”, faza II",Împrumut,BERD,,legis.md,,https://www.legis.md/cautare/getResults?doc_id=131071&lang=ro
DP419/2022,13.04.2022,Decret,Decret cu privire la inițierea negocierilor şi aprobarea semnării Acordului de Grant între Republica Moldova și Banca de Dezvoltare a Consiliului Europei pentru realizarea asistenței tehnice „Activități preparatorii aferente unui proiect privind locuințele sociale”,Grant,CEB,,legis.md,,https://www.legis.md/cautare/getResults?doc_id=130856&lang=ro
LP89/2022,07.04.2022,Lege,Lege pentru ratificarea Contractului de finanțare dintre Republica Moldova și Banca Europeană de Investiții pentru realizarea Proiectului „Eficiența energetică în Republica Moldova”,Împrumut,BEI,,legis.md,,https://www.legis.md/cautare/getResults?doc_id=135138&lang=ro
HG237/2022,04.04.2022,Hotărâre,"Hotărâre cu privire la inițierea negocierilor și aprobarea semnării Acordului de împrumut dintre Guvernul Republicii Moldova şi Guvernul Republicii Polone în sumă de 20,0 mil. euro",Împrumut,Polonia,,legis.md,,https://www.legis.md/cautare/getResults?doc_id=130715&lang=ro
DP403/2022,31.03.2022,Decret,"Decret cu privire la promulgarea Legii pentru ratificarea Acordului de împrumut dintre Republica Moldova și Banca Europeană pentru Reconstrucție și Dezvoltare în vederea realizării Proiectului „Eficiența energetică în Republica Moldova”, în sumă de 30 de milioane de euro",Împrumut,BERD,,legis.md,,https://www.legis.md/cautare/getResults?doc_id=130745&lang=ro
HG204/2022,30.03.2022,Hotărâre,"Hotărâre cu privire la aprobarea proiectului de lege pentru ratificarea Acordului de împrumut dintre Republica Moldova și Banca Europeană pentru Reconstrucție și Dezvoltare în vederea realizării proiectului „Sistemul termoenergetic al municipiului Bălți (S.A. „CET-Nord”)” – Faza II, semnat la 24 decembrie 2021",Împrumut,BERD,24.12.2021,legis.md,,https://www.legis.md/cautare/getResults?doc_id=130606&lang=ro
LP68/2022,24.03.2022,Lege,"Lege pentru ratificarea Acordului de împrumut dintre Republica Moldova și Banca Europeană pentru Reconstrucție și Dezvoltare în vederea realizării Proiectului „Eficiența energetică în Republica Moldova”, în sumă de 30 de milioane de euro",Împrumut,BERD,,legis.md,,https://www.legis.md/cautare/getResults?doc_id=130746&lang=ro
HG186/2022,23.03.2022,Hotărâre,"Hotărâre cu privire la inițierea negocierilor și aprobarea semnării celui de-al doisprezecelea Amendament la Acordul de asistență privind obiectivul de dezvoltare dintre Guvernul Republicii Moldova și Guvernul Statelor Unite ale Americii pentru creștere economică durabilă ancorată în integrarea europeană, semnat la Chișinău la 28 septembrie 2016",Grant,SUA,28.09.2016,legis.md,,https://www.legis.md/cautare/getResults?doc_id=130480&lang=ro
HG185/2022,23.03.2022,Hotărâre,"Hotărâre cu privire la inițierea negocierilor și aprobarea semnării celui de-al doisprezecelea Amendament la Acordul de asistență privind obiectivul de dezvoltare dintre Guvernul Republicii Moldova și Guvernul Statelor Unite ale Americii pentru consolidarea democrației participative, semnat la Chișinău la 28 septembrie 2016",Grant,SUA,28.09.2016,legis.md,,https://www.legis.md/cautare/getResults?doc_id=130478&lang=ro
HG177/2022,23.03.2022,Hotărâre,"Hotărâre cu privire la aprobarea proiectului de lege pentru ratificarea Contractului de finanțare dintre Republica Moldova și Banca Europeană de Investiții pentru realizarea Proiectului „Eficiența energetică în Republica Moldova”, semnat la Chișinău la 10 decembrie 2021",Împrumut,BEI,10.12.2021,legis.md,,https://www.legis.md/cautare/getResults?doc_id=130474&lang=ro
DP388/2022,23.03.2022,Decret,"Decret cu privire la promulgarea Legii pentru ratificarea Acordului de grant, întocmit prin schimb de note, dintre Guvernul Republicii Moldova și Guvernul Japoniei privind extinderea cooperării economice japoneze (Proiectul privind îmbunătățirea echipamentelor de prevenire a incendiilor)",Grant,Japonia,,legis.md,,https://www.legis.md/cautare/getResults?doc_id=130455&lang=ro
LP56/2022,17.03.2022,Lege,"Lege pentru ratificarea Acordului de grant, întocmit prin schimb de note, dintre Guvernul Republicii Moldova și Guvernul Japoniei privind extinderea cooperării economice japoneze (Proiectul privind îmbunătățirea echipamentelor de prevenire a incendiilor)",Grant,Japonia,,legis.md,,https://www.legis.md/cautare/getResults?doc_id=130456&lang=ro
DP376/2022,15.03.2022,Decret,Decret cu privire la promulgarea Legii pentru ratificarea Acordului dintre Guvernul Republicii Moldova și Guvernul României privind implementarea programului de asistență tehnică și financiară în baza unui ajutor financiar nerambursabil în valoare de 100 de milioane de euro acordat de România Republicii Moldova,Asistență tehnică,România,,legis.md,,https://www.legis.md/cautare/getResults?doc_id=130346&lang=ro
LP43/2022,10.03.2022,Lege,Lege pentru ratificarea Acordului dintre Guvernul Republicii Moldova și Guvernul României privind implementarea programului de asistență tehnică și financiară în baza unui ajutor financiar nerambursabil în valoare de 100 de milioane de euro acordat de România Republicii Moldova,Asistență tehnică,România,,legis.md,,https://www.legis.md/cautare/getResults?doc_id=130347&lang=ro
HG146/2022,09.03.2022,Hotărâre,"Hotărâre cu privire la aprobarea proiectului de lege pentru ratificarea Acordului de împrumut dintre Republica Moldova și Banca Europeană pentru Reconstrucție și Dezvoltare în vederea realizării Proiectului „Eficiența energetică în Republica Moldova”, în sumă de 30 de milioane de euro, semnat la Chișinău la 10 decembrie 2021",Împrumut,BERD,10.12.2021,legis.md,,https://www.legis.md/cautare/getResults?doc_id=130263&lang=ro
HG145/2022,09.03.2022,Hotărâre,"Hotărâre cu privire la aprobarea proiectului de lege pentru ratificarea Acordului de grant, întocmit prin schimb de note, dintre Guvernul Republicii Moldova și Guvernul Japoniei privind extinderea cooperării economice japoneze (Proiectul privind îmbunătățirea echipamentelor de prevenire a incendiilor), semnat la Chișinău la 26 noiembrie 2021",Grant,Japonia,26.11.2021,legis.md,,https://www.legis.md/cautare/getResults?doc_id=130262&lang=ro
DP368/2022,09.03.2022,Decret,Decret privind aprobarea semnării Acordului de Finanțare dintre Republica Moldova și Asociația Internațională de Dezvoltare în vederea realizării Proiectului „Securitatea aprovizionării cu apă și sanitație în Moldova”,Asistență financiară,AID,,legis.md,,https://www.legis.md/cautare/getResults?doc_id=130252&lang=ro
DP358/2022,28.02.2022,Decret,"Decret cu privire la promulgarea Legii pentru ratificarea Amendamentului nr. 2, întocmit prin schimb de scrisori, la Acordul de finanțare dintre Republica Moldova și Asociația Internațională pentru Dezvoltare în vederea realizării Proiectului „Modernizarea sectorului sănătății în Republica Moldova”",Împrumut,AID,,legis.md,,https://www.legis.md/cautare/getResults?doc_id=130154&lang=ro
LP34/2022,17.02.2022,Lege,"Lege pentru ratificarea Amendamentului nr. 2, întocmit prin schimb de scrisori, la Acordul de finanțare dintre Republica Moldova şi Asociația Internațională pentru Dezvoltare în vederea realizării Proiectului „Modernizarea sectorului sănătății în Republica Moldova”",Împrumut,AID,,legis.md,,https://www.legis.md/cautare/getResults?doc_id=130155&lang=ro
HG78/2022,16.02.2022,Hotărâre,"Hotărâre cu privire la aprobarea proiectului de lege pentru ratificarea Acordului dintre Guvernul Republicii Moldova şi Guvernul României privind implementarea programului de asistență tehnică şi financiară în baza unui ajutor financiar nerambursabil în valoare de 100 milioane de euro acordat de România Republicii Moldova, semnat la Chișinău la 11 februarie 2022",Asistență tehnică,România,11.02.2022,legis.md,,https://www.legis.md/cautare/getResults?doc_id=129966&lang=ro
HG63/2022,09.02.2022,Hotărâre,Hotărâre pentru aprobarea semnării Acordului dintre Guvernul Republicii Moldova şi Guvernul României privind implementarea programului de asistenţă tehnică şi financiară în baza unui ajutor financiar nerambursabil în valoare de 100 milioane de euro acordat de România Republicii Moldova,Asistență tehnică,România,,legis.md,,https://www.legis.md/cautare/getResults?doc_id=129872&lang=ro
HG39/2022,26.01.2022,Hotărâre,Hotărâre cu privire la iniţierea negocierilor asupra proiectului Acordului dintre Guvernul Republicii Moldova şi Guvernul României privind implementarea programului de asistenţă tehnică şi financiară în baza unui ajutor financiar nerambursabil în valoare de 100 milioane de euro acordat de România Republicii Moldova și acordarea împuternicirilor pentru negocierea acestuia,Asistență tehnică,România,,legis.md,,https://www.legis.md/cautare/getResults?doc_id=129664&lang=ro
DP328/2022,26.01.2022,Decret,Decret cu privire la promulgarea Legii pentru ratificarea Acordului de modificare și reformulare a Contractului de finanțare dintre Republica Moldova și Banca Europeană de Investiții privind infrastructura feroviară și parcul de material rulant ale Republicii Moldova,Împrumut,BEI,,legis.md,,https://www.legis.md/cautare/getResults?doc_id=129658&lang=ro
LP10/2022,21.01.2022,Lege,Lege pentru ratificarea Acordului de modificare și reformulare a Contractului de finanțare dintre Republica Moldova şi Banca Europeană de Investiții privind infrastructura feroviară şi parcul de material rulant ale Republicii Moldova,Împrumut,BEI,,legis.md,,https://www.legis.md/cautare/getResults?doc_id=129659&lang=ro
HG29/2022,19.01.2022,Hotărâre,"Hotărâre cu privire la aprobarea proiectului de lege pentru ratificarea Amendamentului nr. 2, prin schimb de scrisori, la Acordul de finanţare dintre Republica Moldova şi Asociaţia Internaţională pentru Dezvoltare în vederea realizării Proiectului „Modernizarea sectorului sănătăţii în Republica Moldova” ,semnat la 24 decembrie 2021",Împrumut,AID,24.12.2021,legis.md,,https://www.legis.md/cautare/getResults?doc_id=129624&lang=ro
HG21/2022,12.01.2022,Hotărâre,Hotărâre privind inițierea negocierilor și aprobarea semnării Memorandumului de înțelegere dintre Ministerul Educației și Cercetării al Republicii Moldova și Agenția Elvețiană pentru Dezvoltare și Cooperare cu privire la faza I a Proiectului „Creăm valoare pentru alții: instituțiile de învățământ profesional tehnic oferă competențe profesionale relevante (CREATIVO)”,Asistență tehnică,Elveția,,legis.md,,https://www.legis.md/cautare/getResults?doc_id=129486&lang=ro
HG450/2021,22.12.2021,Hotărâre,"Hotărâre cu privire la aprobarea proiectului de lege pentru ratificarea Acordului de modificare și de reformulare a Contractului de finanțare dintre Republica Moldova şi Banca Europeană de Investiții privind infrastructura feroviară şi parcul de material rulant ale Republicii Moldova (din 26 septembrie 2016), semnat la 17 decembrie 2021",Împrumut,BEI,17.12.2021,legis.md,,https://www.legis.md/cautare/getResults?doc_id=129158&lang=ro
DP289/2021,22.12.2021,Decret,Decret cu privire la aprobarea semnării Acordului de împrumut dintre Republica Moldova și Banca Europeană pentru Reconstrucție și Dezvoltare în vederea realizării Proiectului „Sistemul termoenergetic al municipiului Bălți („CET-Nord” SA)” - Faza II,Împrumut,BERD,,legis.md,,https://www.legis.md/cautare/getResults?doc_id=129199&lang=ro
DP288/2021,22.12.2021,Decret,Decret privind promulgarea Legii pentru ratificarea Amendamentului din 6 octombrie 2021 la Acordul de împrumut dintre Republica Moldova și Banca Europeană pentru Reconstrucție și Dezvoltare în vederea realizării Proiectului de achiziție a locomotivelor și de restructurare a infrastructurii feroviare,Împrumut,BERD,,legis.md,,https://www.legis.md/cautare/getResults?doc_id=129196&lang=ro
DP286/2021,22.12.2021,Decret,Decret privind promulgarea Legii pentru ratificarea Amendamentului din 18 august 2017 la Acordul de împrumut dintre Republica Moldova și Banca Europeană pentru Reconstrucție și Dezvoltare în vederea realizării Proiectului de achiziție a locomotivelor și de restructurare a infrastructurii feroviare,Împrumut,BERD,,legis.md,,https://www.legis.md/cautare/getResults?doc_id=129194&lang=ro
DP275/2021,20.12.2021,Decret,Decret cu privire la inițierea negocierilor și aprobarea semnării Acordului de Grant dintre Republica Moldova și Banca Internațională pentru Reconstrucție și Dezvoltare / Asociația Internațională de Dezvoltare în vederea realizării Proiectului „Securitatea aprovizionării cu apă și sanitație în Moldova”,Grant,BIRD / AID,,legis.md,,https://www.legis.md/cautare/getResults?doc_id=129097&lang=ro
HG432/2021,14.12.2021,Hotărâre,Hotărâre cu privire la iniţierea negocierilor şi aprobarea semnării Acordului de finanțare dintre Guvernul Republicii Moldova şi Comisia Europeană privind Contractul de consolidare a statului și rezilienței pentru Republica Moldova,Grant,UE,,legis.md,,https://www.legis.md/cautare/getResults?doc_id=129038&lang=ro
HG418/2021,14.12.2021,Hotărâre,"Hotărâre pentru inițierea negocierilor şi aprobarea semnării Acordului de modificare și de reformulare a Contractului de finanțare dintre Republica Moldova şi Banca Europeană de Investiții privind infrastructura feroviară şi parcul de material rulant ale Republicii Moldova, semnat la 26 septembrie 2016",Împrumut,BEI,26.09.2016,legis.md,,https://www.legis.md/cautare/getResults?doc_id=129034&lang=ro
LP215/2021,09.12.2021,Lege,Lege pentru ratificarea Amendamentului din 6 octombrie 2021 la Acordul de împrumut dintre Republica Moldova și Banca Europeană pentru Reconstrucție și Dezvoltare în vederea realizării Proiectului de achiziție a locomotivelor și de restructurare a infrastructurii feroviare,Împrumut,BERD,,legis.md,,https://www.legis.md/cautare/getResults?doc_id=129197&lang=ro
LP214/2021,09.12.2021,Lege,Lege pentru ratificarea Amendamentului din 18 august 2017 la Acordul de împrumut dintre Republica Moldova și Banca Europeană pentru Reconstrucție și Dezvoltare în vederea realizării Proiectului de achiziție a locomotivelor și de restructurare a infrastructurii feroviare,Împrumut,BERD,,legis.md,,https://www.legis.md/cautare/getResults?doc_id=129195&lang=ro
DP265/2021,09.12.2021,Decret,Decret privind inițierea negocierilor asupra proiectului Acordului de Finanțare dintre Republica Moldova și Asociația Internațională de Dezvoltare în vederea realizării Proiectului „Securitatea aprovizionării cu apă și sanitație în Moldova”,Asistență financiară,AID,,legis.md,,https://www.legis.md/cautare/getResults?doc_id=129023&lang=ro
HG396/2021,08.12.2021,Hotărâre,Hotărâre cu privire la aprobarea semnării Contractului de finanțare dintre Republica Moldova şi Banca Europeană de Investiții în vederea realizării proiectului „Eficiența energetică în Republica Moldova”,Împrumut,BEI,,legis.md,,https://www.legis.md/cautare/getResults?doc_id=128982&lang=ro
DP264/2021,08.12.2021,Decret,Decret cu privire la aprobarea semnării Acordului de împrumut dintre Republica Moldova și Banca Europeană pentru Reconstrucție și Dezvoltare în vederea realizării Proiectului „Eficiența energetică în Republica Moldova”,Împrumut,BERD,,legis.md,,https://www.legis.md/cautare/getResults?doc_id=128966&lang=ro
DP254/2021,01.12.2021,Decret,"Decret privind inițierea negocierilor și aprobarea semnării Amendamentului nr.2, prin schimb de scrisori, la Acordul de finanțare dintre Republica Moldova și Asociația Internațională pentru Dezvoltare în vederea realizării Proiectului „Modernizarea sectorului sănătății în Republica Moldova”",Împrumut,AID,,legis.md,,https://www.legis.md/cautare/getResults?doc_id=128947&lang=ro
DP252/2021,29.11.2021,Decret,"Decret privind promulgarea Legii pentru ratificarea Acordului de cooperare dintre Guvernul Republicii Moldova și Corporația Financiară Internațională în vederea realizării proiectului „Reforma climatului investițional în Republica Moldova, faza II”",Împrumut,IFC,,legis.md,,https://www.legis.md/cautare/getResults?doc_id=128828&lang=ro
HG373/2021,24.11.2021,Hotărâre,"Hotărâre privind aprobarea semnării Acordului de Cooperare dintre Banca Europeană de Investiții, Ministerul Infrastructurii și Dezvoltării Regionale, Agenția pentru Eficiență Energetică și Unitatea consolidată pentru implementarea și monitorizarea proiectelor în domeniul energeticii cu privire la asistența tehnică pentru elaborarea și implementarea proiectului „Eficiența Energetică în Republica Moldova”",Asistență tehnică,BEI,,legis.md,,https://www.legis.md/cautare/getResults?doc_id=128764&lang=ro
HG372/2021,24.11.2021,Hotărâre,Hotărâre privind inițierea negocierilor asupra proiectului Contractului de finanțare dintre Republica Moldova și Banca Europeană de Investiții pentru realizarea proiectului „Moldova drumuri IV” și acordarea împuternicirilor pentru negocierea acestuia,Împrumut,BEI,,legis.md,,https://www.legis.md/cautare/getResults?doc_id=128763&lang=ro
DP239/2021,19.11.2021,Decret,Decret privind inițierea negocierilor asupra proiectului Acordului de împrumut dintre Republica Moldova și Banca Europeană pentru Reconstrucție și Dezvoltare în vederea realizării Proiectului „Sistemul termoenergetic al municipiului Bălți („CET-Nord” SA)” - Faza II,Împrumut,BERD,,legis.md,,https://www.legis.md/cautare/getResults?doc_id=128681&lang=ro
LP180/2021,18.11.2021,Lege,"Lege pentru ratificarea Acordului de cooperare dintre Guvernul Republicii Moldova și Corporația Financiară Internațională în vederea realizării proiectului „Reforma climatului investițional în Republica Moldova, faza II”",Împrumut,IFC,,legis.md,,https://www.legis.md/cautare/getResults?doc_id=128829&lang=ro
HG336/2021,17.11.2021,Hotărâre,"Hotărâre pentru iniţierea negocierilor şi aprobarea semnării Amendamentului nr. 4 la Contractul de finanţare dintre Republica Moldova şi Banca Europeană de Investiţii „Transportul energiei electrice de către „Moldelectrica”, semnat la 26 iunie 2012",Împrumut,BEI,26.06.2012,legis.md,,https://www.legis.md/cautare/getResults?doc_id=128643&lang=ro
DP231/2021,16.11.2021,Decret,Decret privind aprobarea semnării Acordului de Grant dintre Republica Moldova și Banca Internațională pentru Reconstrucție și Dezvoltare (BIRD) în calitate de Agenție de implementare pentru Fondul Global de Mediu (GEF) – (a patra finanțare adițională) în cadrul Proiectului „Agricultura Competitivă în Moldova (MAC-P)”,Grant,BIRD / Fondul Global,,legis.md,,https://www.legis.md/cautare/getResults?doc_id=128630&lang=ro
DP228/2021,10.11.2021,Decret,Decret privind inițierea negocierilor asupra proiectului Acordului de împrumut dintre Republica Moldova și Banca Europeană pentru Reconstrucție și Dezvoltare în vederea realizării Proiectului „Eficiența energetică în Republica Moldova”,Împrumut,BERD,,legis.md,,https://www.legis.md/cautare/getResults?doc_id=128564&lang=ro
DP225/2021,08.11.2021,Decret,Decret privind promulgarea Legii pentru ratificarea Acordului de modificare nr. 2 la Acordul de împrumut dintre Republica Moldova și Banca Europeană pentru Reconstrucție și Dezvoltare privind realizarea lucrărilor de construcție și reabilitare a drumurilor în Republica Moldova,Împrumut,BERD,,legis.md,,https://www.legis.md/cautare/getResults?doc_id=128523&lang=ro
HG300/2021,03.11.2021,Hotărâre,"Hotărâre cu privire la aprobarea proiectului de lege pentru ratificarea Amendamentului din 6 octombrie 2021 la Acordul de împrumut dintre Republica Moldova și Banca Europeană pentru Reconstrucție și Dezvoltare în vederea realizării Proiectului de achiziție a locomotivelor și de restructurare a infrastructurii feroviare, semnat la 14 noiembrie 2014",Împrumut,BERD,14.11.2014,legis.md,,https://www.legis.md/cautare/getResults?doc_id=128454&lang=ro
HG299/2021,03.11.2021,Hotărâre,"Hotărâre cu privire la aprobarea proiectului de lege pentru ratificarea Amendamentului din 18 august 2017 la Acordul de împrumut dintre Republica Moldova și Banca Europeană pentru Reconstrucție și Dezvoltare în vederea realizării Proiectului de achiziție a locomotivelor și de restructurare a infrastructurii feroviare, semnat la 14 noiembrie 2014",Împrumut,BERD,14.11.2014,legis.md,,https://www.legis.md/cautare/getResults?doc_id=128453&lang=ro
DP217/2021,03.11.2021,Decret,Decret privind promulgarea Legii pentru ratificarea Amendamentului nr. 3 la Contractul de finanțare dintre Republica Moldova și Banca Europeană de Investiții în vederea implementării Proiectului „Livada Moldovei” și a Amendamentului al doilea la Scrisoarea de însoțire a acestuia,Împrumut,BEI,,legis.md,,https://www.legis.md/cautare/getResults?doc_id=128415&lang=ro
LP149/2021,28.10.2021,Lege,Lege pentru ratificarea Acordului de modificare nr. 2 la Acordul de împrumut dintre Republica Moldova și Banca Europeană pentru Reconstrucție și Dezvoltare privind realizarea lucrărilor de construcție și reabilitare a drumurilor în Republica Moldova,Împrumut,BERD,,legis.md,,https://www.legis.md/cautare/getResults?doc_id=128524&lang=ro
LP146/2021,21.10.2021,Lege,Lege pentru ratificarea Amendamentului nr. 3 la Contractul de finanțare dintre Republica Moldova și Banca Europeană de Investiții în vederea implementării Proiectului „Livada Moldovei” și a Amendamentului al doilea la Scrisoarea de însoțire a acestuia,Împrumut,BEI,,legis.md,,https://www.legis.md/cautare/getResults?doc_id=128416&lang=ro
HG275/2021,20.10.2021,Hotărâre,"Hotărâre cu privire la aprobarea proiectului de lege pentru ratificarea Acordului de cooperare dintre Guvernul Republicii Moldova și Corporația Financiară Internațională în vederea realizării proiectului „Reforma climatului investițional în Republica Moldova” (faza II), semnat la 25 februarie 2021",Împrumut,IFC,25.02.2021,legis.md,,https://www.legis.md/cautare/getResults?doc_id=128309&lang=ro
HG274/2021,20.10.2021,Hotărâre,Hotărâre cu privire la inițierea negocierilor asupra proiectului Contractului de finanțare dintre Republica Moldova şi Banca Europeană de Investiții pentru realizarea Proiectului „Eficiența energetică în Republica Moldova” și acordarea împuternicirilor pentru negocierea acestuia,Împrumut,BEI,,legis.md,,https://www.legis.md/cautare/getResults?doc_id=128308&lang=ro
DP198/2021,19.10.2021,Decret,Decret privind promulgarea Legii pentru ratificarea Acordului de finanțare dintre Republica Moldova și Asociația Internațională pentru Dezvoltare privind Proiectul „Răspuns de urgență la COVID-19 – finanțare adițională”,Împrumut,AID,,legis.md,,https://www.legis.md/cautare/getResults?doc_id=128228&lang=ro
LP139/2021,14.10.2021,Lege,Lege pentru ratificarea Acordului de finanțare dintre Republica Moldova și Asociația Internațională pentru Dezvoltare privind Proiectul „Răspuns de urgență la COVID-19 – finanțare adițională”,Împrumut,AID,,legis.md,,https://www.legis.md/cautare/getResults?doc_id=128229&lang=ro
HG240/2021,13.10.2021,Hotărâre,"Hotărâre cu privire la aprobarea proiectului de lege pentru ratificarea Amendamentului nr. 3 la Contractul de finanțare dintre Republica Moldova și Banca Europeană de Investiții, semnat la 21 septembrie 2021, și a Amendamentului la Scrisoarea de însoțire asupra Contractului de finanţare în vederea implementării Proiectului „Livada Moldovei”, semnat la 31 iulie 2014",Împrumut,BEI,21.09.2021,legis.md,,https://www.legis.md/cautare/getResults?doc_id=128167&lang=ro
HG225/2021,06.10.2021,Hotărâre,"Hotărâre cu privire la inițierea negocierilor şi aprobarea semnării celui de-al unsprezecelea Amendament la Acordul de asistență privind obiectivul de dezvoltare dintre Guvernul Republicii Moldova şi Guvernul Statelor Unite ale Americii pentru creşterea comerţului şi investiţiilor în sectoarele-cheie, semnat la 28 septembrie 2016",Grant,SUA,28.09.2016,legis.md,,https://www.legis.md/cautare/getResults?doc_id=128069&lang=ro
HG224/2021,06.10.2021,Hotărâre,"Hotărâre cu privire la iniţierea negocierilor şi aprobarea semnării celui de‑al unsprezecelea Amendament la Acordul de asistenţă privind obiectivul de dezvoltare dintre Guvernul Republicii Moldova şi Guvernul Statelor Unite ale Americii pentru o guvernare democratică mai eficientă şi mai responsabilă, semnat la 28 septembrie 2016",Grant,SUA,28.09.2016,legis.md,,https://www.legis.md/cautare/getResults?doc_id=128068&lang=ro
HG206/2021,30.09.2021,Hotărâre,Hotărâre Acordului de repunere în vigoare a Acordurilor de asistență privind obiectivele de dezvoltare din 2016 dintre Guvernul Republicii Moldova şi Guvernul Statelor Unite ale Americii,Grant,SUA,,legis.md,,https://www.legis.md/cautare/getResults?doc_id=127976&lang=ro
DP167/2021,30.09.2021,Decret,Decret privind inițierea negocierilor asupra proiectului Acordului de Grant dintre Republica Moldova și Banca Internațională pentru Reconstrucție și Dezvoltare (BIRD) în calitate de Agenție de implementare pentru Fondul Global de Mediu (GEF) - (a patra finanțare adițională) în cadrul Proiectului „Agricultura Competitivă în Moldova (MAC-P)”,Grant,BIRD / Fondul Global,,legis.md,,https://www.legis.md/cautare/getResults?doc_id=127966&lang=ro
DP162/2021,27.09.2021,Decret,Decret privind inițierea negocierilor și aprobarea semnării Amendamentului nr.2 la Acordul de împrumut dintre Republica Moldova și Banca Europeană pentru Reconstrucție și Dezvoltare în vederea realizării Proiectului de achiziție a locomotivelor și de restructurare a infrastructurii feroviare,Împrumut,BERD,,legis.md,,https://www.legis.md/cautare/getResults?doc_id=127957&lang=ro
HG178/2021,15.09.2021,Hotărâre,"Hotărâre cu privire la aprobarea proiectului de lege pentru ratificarea Acordului de finanțare dintre Republica Moldova și Asociația Internațională pentru Dezvoltare privind Proiectul „Răspuns de Urgență la COVID-19 – finanțare adițională”, semnat la 9 august 2021",Împrumut,AID,09.08.2021,legis.md,,https://www.legis.md/cautare/getResults?doc_id=127831&lang=ro
HG167/2021,08.09.2021,Hotărâre,"Hotărâre cu privire la aprobarea proiectului de lege pentru ratificarea Acordului de modificare nr. 2 la Acordul de împrumut dintre Republica Moldova şi Banca Europeană pentru Reconstrucţie şi Dezvoltare privind realizarea lucrărilor de construcţie şi reabilitare a drumurilor în Republica Moldova din 28 iunie 2013, semnat la 18 mai 2021",Împrumut,BERD,18.05.2021,legis.md,,https://www.legis.md/cautare/getResults?doc_id=127717&lang=ro
DP142/2021,01.09.2021,Decret,"Decret privind promulgarea Legii pentru ratificarea Acordului de grant, întocmit prin schimb de note, dintre Guvernul Republicii Moldova și Guvernul Japoniei privind furnizarea de echipament medical în cadrul Programului de dezvoltare economică și socială",Grant,Japonia,,legis.md,,https://www.legis.md/cautare/getResults?doc_id=127768&lang=ro
HG155/2021,25.08.2021,Hotărâre,"Hotărâre cu privire la inițierea negocierilor și aprobarea semnării Amendamentului nr. 3 la Contractul de finanțare dintre Republica Moldova și Banca Europeană de Investiții și a Amendamentului la Scrisoarea de însoțire asupra Contractului de finanţare în vederea implementării Proiectului ,,Livada Moldovei”, semnat la Chișinău la 31 iulie 2014",Împrumut,BEI,31.07.2014,legis.md,,https://www.legis.md/cautare/getResults?doc_id=127629&lang=ro
LP97/2021,24.08.2021,Lege,"Lege pentru ratificarea Acordului de grant, întocmit prin schimb de note, dintre Guvernul Republicii Moldova și Guvernul Japoniei privind furnizarea de echipament medical în cadrul Programului de dezvoltare economică și socială",Grant,Japonia,,legis.md,,https://www.legis.md/cautare/getResults?doc_id=127769&lang=ro
HG134/2021,19.08.2021,Hotărâre,"Hotărâre cu privire la aprobarea proiectului de lege pentru ratificarea Acordului de grant, întocmit prin schimb de note, dintre Guvernul Republicii Moldova și Guvernul Japoniei privind furnizarea de echipament medical în cadrul Programului de dezvoltare economică și socială, semnat la 22 decembrie 2020",Grant,Japonia,22.12.2020,legis.md,,https://www.legis.md/cautare/getResults?doc_id=127503&lang=ro
HG103/2021,30.06.2021,Hotărâre,"Hotărâre pentru inițierea negocierilor şi aprobarea semnării Acordului de grant, întocmit prin schimb de note, dintre Guvernul Republicii Moldova și Guvernul Japoniei privind extinderea cooperării economice japoneze (Proiectul privind îmbunătățirea echipamentelor de prevenire a incendiilor)",Grant,Japonia,,legis.md,,https://www.legis.md/cautare/getResults?doc_id=126804&lang=ro
DP118/2021,28.06.2021,Decret,Decret cu privire la aprobarea semnării Acordului de finanțare dintre Republica Moldova și Asociația Internațională pentru Dezvoltare privind Proiectul „Răspuns de Urgență la COVID-19 – finanțare adițională”,Împrumut,AID,,legis.md,,https://www.legis.md/cautare/getResults?doc_id=126801&lang=ro
DP61/2021,01.04.2021,Decret,Decret pentru inițierea negocierilor și aprobarea semnării Acordului de modificare nr. 2 la Acordul de împrumut între Republica Moldova și Banca Europeană pentru Reconstrucție și Dezvoltare privind realizarea lucrărilor de construcție și reabilitare a drumurilor în Republica Moldova,Împrumut,BERD,,legis.md,,https://www.legis.md/cautare/getResults?doc_id=125979&lang=ro
DP43/2021,09.03.2021,Decret,Decret pentru inițierea negocierilor asupra proiectului Acordului de finanțare dintre Republica Moldova și Asociația Internațională pentru Dezvoltare privind Proiectul „Răspuns de Urgență la COVID-19 – finanțare adițională”,Împrumut,AID,,legis.md,,https://www.legis.md/cautare/getResults?doc_id=125719&lang=ro
DP34/2021,17.02.2021,Decret,Decret pentru inițierea negocierilor și aprobarea semnării în formă simplificată a Acordului de finanțare dintre Republica Moldova și Comisia Europeană privind „Contractul de Reziliență COVID-19 pentru Republica Moldova”,Grant,UE,,legis.md,,https://www.legis.md/cautare/getResults?doc_id=125458&lang=ro
HG991/2020,22.12.2020,Hotărâre,"Hotărâre cu privire la aprobarea semnării Acordului de cooperare dintre Guvernul Republicii Moldova și Corporația Financiară Internațională în vederea realizării proiectului „Reforma Climatului Investițional în Republica Moldova”, faza II",Împrumut,IFC,,legis.md,,https://www.legis.md/cautare/getResults?doc_id=124578&lang=ro
HG990/2020,22.12.2020,Hotărâre,"Hotărâre pentru inițierea negocierilor și aprobarea semnării Addendumului nr. 2 la Acordul de finanțare dintre Guvernul Republicii Moldova și Uniunea Europeană privind Programul de suport bugetar pentru reforma poliției în Republica Moldova pentru anii 2017-2020, semnat la 14 decembrie 2016",Grant,UE,14.12.2016,legis.md,da,https://www.legis.md/cautare/getResults?doc_id=124577&lang=ro
HG949/2020,22.12.2020,Hotărâre,"Hotărâre privind inițierea negocierilor și aprobarea semnării Memorandumului de înțelegere dintre Ministerul Sănătății, Muncii și Protecției Sociale al Republicii Moldova și Agenția Elvețiană pentru Dezvoltare și Cooperare cu privire la faza II a implementării Proiectului „Reducerea poverii bolilor netransmisibile”",Asistență tehnică,Elveția,,legis.md,,https://www.legis.md/cautare/getResults?doc_id=124574&lang=ro
HG909/2020,16.12.2020,Hotărâre,"Hotărâre cu privire la inițierea negocierilor asupra Acordului de cooperare dintre Guvernul Republicii Moldova și Corporația Financiară Internațională în vederea realizării proiectului „Reforma climatului investițional în Republica Moldova”, faza II",Împrumut,IFC,,legis.md,,https://www.legis.md/cautare/getResults?doc_id=124504&lang=ro
DP1894/2020,16.12.2020,Decret,Decret pentru inițierea negocierilor și aprobarea semnării Acordului de grant dintre Republica Moldova și Banca Mondială pentru pregătirea Proiectului privind securitatea apei și sanitația în Moldova,Grant,Banca Mondială,,legis.md,,https://www.legis.md/cautare/getResults?doc_id=124568&lang=ro
DP1875/2020,11.12.2020,Decret,Decret pentru inițierea negocierilor și aprobarea semnării Acordului de grant privind finanțarea adițională pentru Proiectul „Răspuns de Urgență la COVID-19” dintre Republica Moldova și Asociația Internațională pentru Dezvoltare,Grant,AID,,legis.md,,https://www.legis.md/cautare/getResults?doc_id=124486&lang=ro
DP1865/2020,07.12.2020,Decret,Decret privind promulgarea Legii pentru ratificarea Amendamentului nr.3 la Contractul de finanțare dintre Republica Moldova și Banca Europeană de Investiții privind realizarea Proiectului de reabilitare a drumurilor din Republica Moldova,Împrumut,BEI,,legis.md,,https://www.legis.md/cautare/getResults?doc_id=124469&lang=ro
DP1856/2020,04.12.2020,Decret,Decret privind promulgarea Legii pentru ratificarea Amendamentului nr.2 la Acordul de finanțare dintre Republica Moldova și Asociația Internațională pentru Dezvoltare și a Amendamentului nr.2 la Acordul de împrumut dintre Republica Moldova și Banca Internațională pentru Reconstrucție și Dezvoltare în vederea realizării Proiectului de modernizare a administrării fiscale (TAMP),Împrumut,BIRD / AID,,legis.md,,https://www.legis.md/cautare/getResults?doc_id=124262&lang=ro
DP1852/2020,30.11.2020,Decret,Decret privind promulgarea Legii pentru ratificarea Acordului de împrumut dintre Republica Moldova și Banca Internațională pentru Reconstrucție și Dezvoltare privind realizarea celui de-al doilea Proiect de îmbunătățire a eficienței sistemului de alimentare centralizată cu energie termică,Împrumut,BIRD,,legis.md,,https://www.legis.md/cautare/getResults?doc_id=124250&lang=ro
DP1851/2020,30.11.2020,Decret,Decret privind promulgarea Legii pentru ratificarea Amendamentului la Acordul de finanțare dintre Republica Moldova și Asociația Internațională pentru Dezvoltare în vederea realizării Proiectului „Îmbunătățirea drumurilor locale”,Împrumut,AID,,legis.md,,https://www.legis.md/cautare/getResults?doc_id=124254&lang=ro
DP1850/2020,30.11.2020,Decret,Decret privind promulgarea Legii pentru ratificarea Acordului de finanțare dintre Republica Moldova și Fondul Internațional pentru Dezvoltarea Agricolă în vederea realizării Proiectului „Îmbunătățirea capacităților pentru transformarea zonei rurale (IFAD VIII)”,Asistență financiară,FIDA,,legis.md,,https://www.legis.md/cautare/getResults?doc_id=124252&lang=ro
DP1849/2020,30.11.2020,Decret,Decret privind promulgarea Legii pentru ratificarea Acordului de finanțare (a treia finanțare adițională) dintre Republica Moldova și Asociația Internațională pentru Dezvoltare în vederea realizării Proiectului „Agricultura competitivă”,Împrumut,AID,,legis.md,,https://www.legis.md/cautare/getResults?doc_id=124256&lang=ro
LP207/2020,26.11.2020,Lege,Lege pentru ratificarea Amendamentului nr. 2 la Acordul de finanțare dintre Republica Moldova şi Asociația Internațională pentru Dezvoltare și a Amendamentului nr. 2 la Acordul de împrumut dintre Republica Moldova şi Banca Internațională pentru Reconstrucție și Dezvoltare în vederea realizării Proiectului de modernizare a administrării fiscale (TAMP),Împrumut,BIRD / AID,,legis.md,,https://www.legis.md/cautare/getResults?doc_id=124263&lang=ro
LP206/2020,26.11.2020,Lege,Lege pentru ratificarea Amendamentului nr. 3 la Contractul de finanțare dintre Republica Moldova și Banca Europeană de Investiții privind realizarea Proiectului de reabilitare a drumurilor din Republica Moldova,Împrumut,BEI,,legis.md,,https://www.legis.md/cautare/getResults?doc_id=124470&lang=ro
LP199/2020,20.11.2020,Lege,Lege pentru ratificarea Acordului de finanțare (a treia finanțare adițională) dintre Republica Moldova și Asociația Internațională pentru Dezvoltare în vederea realizării Proiectului „Agricultura competitivă”,Împrumut,AID,,legis.md,,https://www.legis.md/cautare/getResults?doc_id=124257&lang=ro
LP195/2020,19.11.2020,Lege,Lege pentru ratificarea Amendamentului la Acordul de finanțare dintre Republica Moldova și Asociația Internațională pentru Dezvoltare în vederea realizării Proiectului „Îmbunătățirea drumurilor locale”,Împrumut,AID,,legis.md,,https://www.legis.md/cautare/getResults?doc_id=124255&lang=ro
LP194/2020,19.11.2020,Lege,Lege pentru ratificarea Acordului de finanțare dintre Republica Moldova și Fondul Internațional pentru Dezvoltarea Agricolă în vederea realizării Proiectului „Îmbunătățirea capacităților pentru transformarea zonei rurale (IFAD VIII)”,Asistență financiară,FIDA,,legis.md,,https://www.legis.md/cautare/getResults?doc_id=124253&lang=ro
LP193/2020,19.11.2020,Lege,Lege pentru ratificarea Acordului de împrumut dintre Republica Moldova și Banca Internațională pentru Reconstrucție și Dezvoltare privind realizarea celui de-al doilea Proiect de îmbunătățire a eficienței sistemului de alimentare centralizată cu energie termică,Împrumut,BIRD,,legis.md,,https://www.legis.md/cautare/getResults?doc_id=124251&lang=ro
HG841/2020,18.11.2020,Hotărâre,"Hotărâre cu privire la aprobarea proiectului de lege pentru ratificarea Amendamentului nr. 2, semnat la 13 noiembrie 2020, la Acordul de finanțare dintre Republica Moldova şi Asociația Internațională pentru Dezvoltare și a Amendamentului nr. 2, semnat la 13 noiembrie 2020, la Acordul de împrumut dintre Republica Moldova şi Banca Internațională pentru Reconstrucție și Dezvoltare în vederea realizării Proiectului de modernizare a administrării fiscale (TAMP), semnate la 28 iunie 2016",Împrumut,BIRD / AID,13.11.2020,legis.md,,https://www.legis.md/cautare/getResults?doc_id=123999&lang=ro
HG834/2020,18.11.2020,Hotărâre,"Hotărâre pentru aprobarea semnării Acordului de grant, întocmit prin schimb de note, dintre Guvernul Republicii Moldova și Guvernul Japoniei privind furnizarea de echipament medical în cadrul",Grant,Japonia,,legis.md,,https://www.legis.md/cautare/getResults?doc_id=123996&lang=ro
HG831/2020,18.11.2020,Hotărâre,"Hotărâre cu privire la aprobarea proiectului de lege pentru ratificarea Amendamentului nr. 3, semnat la 5 noiembrie 2020, la Contractul de finanțare dintre Republica Moldova și Banca Europeană de Investiții pentru realizarea Proiectului de reabilitare a drumurilor din Republica Moldova, semnat la 23 noiembrie 2010",Împrumut,BEI,05.11.2020,legis.md,,https://www.legis.md/cautare/getResults?doc_id=123993&lang=ro
HG799/2020,05.11.2020,Hotărâre,"Hotărâre cu privire la aprobarea proiectului de lege privind ratificarea Acordului de împrumut dintre Republica Moldova și Banca Internațională pentru Reconstrucție și Dezvoltare privind al doilea Proiect de îmbunătățire a eficienței sistemului de alimentare centralizată cu energie termică, semnat la 30 septembrie 2020",Împrumut,BIRD,30.09.2020,legis.md,,https://www.legis.md/cautare/getResults?doc_id=123898&lang=ro
HG798/2020,05.11.2020,Hotărâre,"Hotărâre cu privire la aprobarea proiectului de lege pentru ratificarea Acordului de finanțare (a treia finanțare adițională) dintre Republica Moldova și Asociația Internațională pentru Dezvoltare în vederea realizării Proiectului „Agricultura competitivă”, semnat la 1 octombrie 2020",Împrumut,AID,01.10.2020,legis.md,,https://www.legis.md/cautare/getResults?doc_id=123897&lang=ro
DP1825/2020,02.11.2020,Decret,"Decret privind inițierea negocierilor și aprobarea semnării Amendamentului nr.2, prin schimb de scrisori, la Acordul de finanțare dintre Republica Moldova şi Asociația Internațională pentru Dezvoltare și Amendamentului nr.2, prin schimb de scrisori, la Acordul de împrumut dintre Republica Moldova și Banca Internațională pentru Reconstrucție și Dezvoltare în vederea realizării Proiectului de modernizare a administrării fiscale (TAMP)",Împrumut,BIRD / AID,,legis.md,,https://www.legis.md/cautare/getResults?doc_id=123841&lang=ro
HG793/2020,28.10.2020,Hotărâre,Hotărâre cu privire la inițierea negocierilor și aprobarea semnării Acordului dintre Ministerul Finanţelor al Republicii Moldova şi Ministerul Finanţelor al Federaţiei Ruse privind acordarea asistenței financiare nerambursabile Guvernului Republicii Moldova,Asistență financiară,Rusia,,legis.md,,https://www.legis.md/cautare/getResults?doc_id=123756&lang=ro
HG723/2020,30.09.2020,Hotărâre,"Hotărâre cu privire la iniţierea negocierilor şi aprobarea semnării Amendamentului nr. 2 la Contractul de finanţare dintre Republica Moldova şi Banca Europeană de Investiţii pentru realizarea lucrărilor de construcţie şi reabilitare a drumurilor în Republica Moldova, semnat la 25 iunie 2013",Împrumut,BEI,25.06.2013,legis.md,,https://www.legis.md/cautare/getResults?doc_id=123357&lang=ro
HG717/2020,23.09.2020,Hotărâre,Hotărâre pentru iniţierea negocierilor şi aprobarea semnării Acordului de finanțare dintre Guvernul Republicii Moldova şi Comisia Europeană privind realizarea Proiectului „UE4Moldova: Facilitatea de sprijin al răspunsului sistemului de sănătate la situația de urgență COVID și realizarea reformelor conform Acordului de Asociere”,Grant,UE,,legis.md,,https://www.legis.md/cautare/getResults?doc_id=123293&lang=ro
HG692/2020,23.09.2020,Hotărâre,"Hotărâre pentru inițierea negocierilor și aprobarea semnării Addendumului nr.1 la Acordul de finanțare dintre Guvernul Republicii Moldova şi Uniunea Europeană privind dezvoltarea zonelor rurale în Republica Moldova, semnat la Chișinău la 21 iulie 2017",Grant,UE,21.07.2017,legis.md,,https://www.legis.md/cautare/getResults?doc_id=123266&lang=ro
DP1762/2020,16.09.2020,Decret,"Decret privind promulgarea Legii pentru ratificarea Acordului, întocmit prin schimb de note, între Guvernul Republicii Moldova și Guvernul Japoniei privind acordarea unui împrumut pentru realizarea Proiectului „Modernizarea tehnicii și a echipamentului agricol”",Împrumut,Japonia,,legis.md,,https://www.legis.md/cautare/getResults?doc_id=123136&lang=ro
DP1761/2020,16.09.2020,Decret,Decret privind promulgarea Legii pentru ratificarea Acordului de împrumut între Guvernul Republicii Moldova și Agenția Japoneză pentru Cooperare Internațională în vederea realizării Proiectului „Modernizarea tehnicii și a echipamentului agricol”,Împrumut,JICA,,legis.md,,https://www.legis.md/cautare/getResults?doc_id=123134&lang=ro
DP1760/2020,16.09.2020,Decret,Decret privind promulgarea Legii pentru ratificarea Acordului de grant dintre Guvernul Republicii Moldova și Agenția Japoneză pentru Cooperare Internațională privind implementarea Proiectului „Îmbunătățirea echipamentului de digitalizare al Bibliotecii Naționale”,Grant,JICA,,legis.md,,https://www.legis.md/cautare/getResults?doc_id=123132&lang=ro
DP1758/2020,16.09.2020,Decret,"Decret pentru promulgarea Legii privind ratificarea Acordului-cadru de împrumut dintre Republica Moldova și Banca de Dezvoltare a Consiliului Europei pentru realizarea Proiectului „Răspuns de urgență la COVID-19 și suport pentru întreprinderile micro, mici și mijlocii”",Împrumut,CEB,,legis.md,,https://www.legis.md/cautare/getResults?doc_id=123127&lang=ro
DP1757/2020,16.09.2020,Decret,Decret privind promulgarea Legii pentru ratificarea Memorandumului de Înțelegere dintre Republica Moldova și Uniunea Europeană privind asistența macrofinanciară pentru Republica Moldova,Grant,UE,,legis.md,da,https://www.legis.md/cautare/getResults?doc_id=123125&lang=ro
DP1756/2020,16.09.2020,Decret,Decret privind promulgarea Legii pentru ratificarea Acordului de împrumut dintre Republica Moldova și Uniunea Europeană privind asistența macrofinanciară pentru Republica Moldova,Împrumut,UE,,legis.md,da,https://www.legis.md/cautare/getResults?doc_id=123123&lang=ro
LP172/2020,10.09.2020,Lege,"Lege pentru ratificarea Acordului, întocmit prin schimb de note, între Guvernul Republicii Moldova și Guvernul Japoniei privind acordarea unui împrumut pentru realizarea Proiectului „Modernizarea tehnicii și a echipamentului agricol”",Împrumut,Japonia,,legis.md,,https://www.legis.md/cautare/getResults?doc_id=123137&lang=ro
LP171/2020,10.09.2020,Lege,Lege pentru ratificarea Acordului de împrumut între Guvernul Republicii Moldova și Agenția Japoneză pentru Cooperare Internațională în vederea realizării Proiectului „Modernizarea tehnicii și a echipamentului agricol”,Împrumut,JICA,,legis.md,,https://www.legis.md/cautare/getResults?doc_id=123135&lang=ro
LP170/2020,10.09.2020,Lege,Lege pentru ratificarea Acordului de grant dintre Guvernul Republicii Moldova și Agenția Japoneză pentru Cooperare Internațională privind implementarea Proiectului „Îmbunătățirea echipamentului de digitalizare al Bibliotecii Naționale”,Grant,JICA,,legis.md,,https://www.legis.md/cautare/getResults?doc_id=123133&lang=ro
LP168/2020,10.09.2020,Lege,"Lege privind ratificarea Acordului-cadru de împrumut dintre Republica Moldova și Banca de Dezvoltare a Consiliului Europei pentru realizarea proiectului „Răspuns de urgență la COVID-19 şi suport pentru întreprinderile micro, mici și mijlocii”",Împrumut,CEB,,legis.md,,https://www.legis.md/cautare/getResults?doc_id=123128&lang=ro
LP167/2020,10.09.2020,Lege,Lege pentru ratificarea Memorandumului de Înţelegere dintre Republica Moldova şi Uniunea Europeană privind asistența macrofinanciară pentru Republica Moldova,Grant,UE,,legis.md,da,https://www.legis.md/cautare/getResults?doc_id=123126&lang=ro
LP166/2020,10.09.2020,Lege,Lege pentru ratificarea Acordului de împrumut dintre Republica Moldova și Uniunea Europeană privind asistența macrofinanciară pentru Republica Moldova,Împrumut,UE,,legis.md,da,https://www.legis.md/cautare/getResults?doc_id=123124&lang=ro
DP1753/2020,09.09.2020,Decret,Decret pentru aprobarea semnării Acordului de Finanțare (a treia finanțare adițională) dintre Republica Moldova şi Asociația Internațională pentru Dezvoltare în vederea realizării Proiectului „Agricultura Competitivă”,Împrumut,AID,,legis.md,,https://www.legis.md/cautare/getResults?doc_id=123014&lang=ro
HG666/2020,03.09.2020,Hotărâre,"Hotărâre cu privire la aprobarea proiectului de lege pentru ratificarea Acordului de finanțare dintre Republica Moldova și Fondul Internațional pentru Dezvoltarea Agricolă în vederea realizării Proiectului „Îmbunătățirea capacităților pentru transformarea zonei rurale (IFAD VIII)”, semnat la 26 iunie 2020",Asistență financiară,FIDA,26.06.2020,legis.md,,https://www.legis.md/cautare/getResults?doc_id=123049&lang=ro
DP1741/2020,01.09.2020,Decret,Decret pentru aprobarea semnării Acordului de împrumut între Republica Moldova și Banca Internațională pentru Reconstrucție și Dezvoltare privind al doilea Proiect de îmbunătățire a eficienței sistemului de alimentare centralizată cu energie termică,Împrumut,BIRD,,legis.md,,https://www.legis.md/cautare/getResults?doc_id=122946&lang=ro
HG650/2020,26.08.2020,Hotărâre,"Hotărâre cu privire la aprobarea proiectului de lege pentru ratificarea Amendamentului la Acordul de finanțare dintre Republica Moldova și Asociația Internațională pentru Dezvoltare în vederea realizării Proiectului „Îmbunătățirea drumurilor locale”, semnat la 18 iunie 2020",Împrumut,AID,18.06.2020,legis.md,,https://www.legis.md/cautare/getResults?doc_id=122868&lang=ro
HG640/2020,26.08.2020,Hotărâre,"Hotărâre pentru inițierea negocierilor și aprobarea semnării Înțelegerii, întocmite prin schimb de note, dintre Guvernul Republicii Moldova și Guvernul Republicii Federale Germania privind cooperarea financiară",Grant,Germania,,legis.md,,https://www.legis.md/cautare/getResults?doc_id=122858&lang=ro
HG611/2020,12.08.2020,Hotărâre,"Hotărâre cu privire la inițierea negocierilor și aprobarea semnării Amendamentului nr. II la Acordul dintre Ministerul Mediului al Republicii Moldova, Agenția Elvețiană pentru Dezvoltare și Cooperare și Agenția Austriacă pentru Dezvoltare privind implementarea Proiectului „Consolidarea cadrului instituțional în sectorul alimentării cu apă și sanitație din Republica Moldova” (faza 01), semnat la 13 mai 2016",Asistență tehnică,Elveția / Austria,13.05.2016,legis.md,,https://www.legis.md/cautare/getResults?doc_id=122698&lang=ro
HG603/2020,12.08.2020,Hotărâre,"Hotărâre cu privire la aprobarea proiectului de lege pentru ratificarea Acordului-cadru de împrumut dintre Republica Moldova și Banca de Dezvoltare a Consiliului Europei pentru realizarea Proiectului „Răspuns de urgență la COVID-19 şi suport pentru întreprinderile micro, mici și mijlocii”, semnat la 29 iulie 2020",Împrumut,CEB,29.07.2020,legis.md,,https://www.legis.md/cautare/getResults?doc_id=122691&lang=ro
HG581/2020,31.07.2020,Hotărâre,Hotărâre cu privire la inițierea negocierilor asupra proiectului Acordului dintre Guvernul Republicii Moldova și Guvernul Federației Ruse privind acordarea Guvernului Republicii Moldova a unui împrumut financiar de stat și acordarea de împuterniciri pentru negocierea acestuia,Împrumut,Rusia,,legis.md,,https://www.legis.md/cautare/getResults?doc_id=122502&lang=ro
HG580/2020,31.07.2020,Hotărâre,"Hotărâre cu privire la aprobarea proiectului de lege pentru ratificarea Acordului de împrumut dintre Republica Moldova şi Uniunea Europeană privind asistența macrofinanciară pentru Republica Moldova, semnat la Chișinău la 21 iulie 2020 și la Bruxelles la 23 iulie 2020",Împrumut,UE,21.07.2020,legis.md,da,https://www.legis.md/cautare/getResults?doc_id=122501&lang=ro
HG579/2020,31.07.2020,Hotărâre,"Hotărâre cu privire la aprobarea proiectului de lege pentru ratificarea Memorandumului de Înţelegere dintre Republica Moldova şi Uniunea Europeană privind asistența macrofinanciară pentru Republica Moldova, semnat la Chișinău la 21 iulie 2020 și la Bruxelles la 23 iulie 2020",Grant,UE,21.07.2020,legis.md,da,https://www.legis.md/cautare/getResults?doc_id=122500&lang=ro
HG567/2020,31.07.2020,Hotărâre,"Hotărâre pentru iniţierea negocierilor şi aprobarea semnării Acordului, întocmit prin schimb de note, dintre Guvernul Republicii Moldova, Comisia Europeană şi Guvernul Ucrainei privind prelungirea mandatului Misiunii Comisiei Europene de Asistenţă la Frontieră în Republica Moldova şi în Ucraina până la 30 noiembrie 2023",Grant,UE,,legis.md,,https://www.legis.md/cautare/getResults?doc_id=122592&lang=ro
HG564/2020,31.07.2020,Hotărâre,"Hotărâre cu privire la aprobarea proiectului de lege pentru ratificarea Acordului, întocmit prin schimb de note, dintre Guvernul Republicii Moldova și Guvernul Japoniei privind acordarea unui împrumut (Proiectul „Modernizarea tehnicii și a echipamentului agricol”), semnat la 29 iunie 2020",Împrumut,Japonia,29.06.2020,legis.md,,https://www.legis.md/cautare/getResults?doc_id=122493&lang=ro
HG563/2020,31.07.2020,Hotărâre,"Hotărâre cu privire la aprobarea proiectului de lege pentru ratificarea Acordului de împrumut dintre Guvernul Republicii Moldova şi Agenția Japoneză pentru Cooperare Internațională pentru realizarea Proiectului „Modernizarea tehnicii și a echipamentului agricol”, semnat la 30 iunie 2020",Împrumut,JICA,30.06.2020,legis.md,,https://www.legis.md/cautare/getResults?doc_id=122492&lang=ro
HG559/2020,31.07.2020,Hotărâre,"Hotărâre cu privire la iniţierea negocierilor şi aprobarea semnării Amendamentului nr. 3 la Contractul de finanţare dintre Republica Moldova şi Banca Europeană de Investiţii pentru realizarea Proiectului de reabilitare a drumurilor din Republica Moldova, semnat la 23 noiembrie 2010",Împrumut,BEI,23.11.2010,legis.md,,https://www.legis.md/cautare/getResults?doc_id=122491&lang=ro
HG550/2020,20.07.2020,Hotărâre,"Hotărâre cu privire la aprobarea semnării Acordului-cadru de împrumut dintre Republica Moldova și Banca de Dezvoltare a Consiliului Europei pentru realizarea Proiectului „Răspuns de urgență la COVID-19 şi suport pentru întreprinderile micro, mici și mijlocii”",Împrumut,CEB,,legis.md,,https://www.legis.md/cautare/getResults?doc_id=122342&lang=ro
HG549/2020,20.07.2020,Hotărâre,"Hotărâre cu privire la aprobarea proiectului de lege pentru ratificarea Acordului de grant dintre Guvernul Republicii Moldova și Agenția Japoneză pentru Cooperare Internațională privind implementarea Proiectului „Îmbunătățirea echipamentului de digitalizare al Bibliotecii Naționale”, semnat la 14 iulie 2020",Grant,JICA,14.07.2020,legis.md,,https://www.legis.md/cautare/getResults?doc_id=122341&lang=ro
DP1663/2020,16.07.2020,Decret,Decret cu privire la inițierea negocierilor și aprobarea semnării Memorandumului de Înțelegere dintre Republica Moldova și Uniunea Europeană privind asistența macrofinanciară pentru Republica Moldova,Grant,UE,,legis.md,da,https://www.legis.md/cautare/getResults?doc_id=122300&lang=ro
HG507/2020,15.07.2020,Hotărâre,"Hotărâre pentru inițierea negocierilor asupra proiectului Acordului de grant, întocmit prin schimb de note, dintre Guvernul Republicii Moldova și Guvernul Japoniei privind furnizarea de echipament medical în cadrul Programului de dezvoltare economică și socială",Grant,Japonia,,legis.md,,https://www.legis.md/cautare/getResults?doc_id=122276&lang=ro
HG501/2020,08.07.2020,Hotărâre,Hotărâre cu privire la iniţierea negocierilor şi aprobarea semnării Acordului de împrumut dintre Republica Moldova şi Uniunea Europeană privind asistența macrofinanciară pentru Republica Moldova,Împrumut,UE,,legis.md,da,https://www.legis.md/cautare/getResults?doc_id=122170&lang=ro
DP1646/2020,06.07.2020,Decret,Decret cu privire la promulgarea Legii pentru ratificarea Acordului de finanțare (Proiectul „Învățământul superior”) dintre Republica Moldova și Asociația Internațională pentru Dezvoltare,Împrumut,AID,,legis.md,,https://www.legis.md/cautare/getResults?doc_id=122206&lang=ro
DP1631/2020,29.06.2020,Decret,Decret cu privire la promulgarea Legii pentru ratificarea Contractului de finanțare dintre Republica Moldova și Banca Europeană de Investiții privind implementarea Proiectului „Deșeuri solide în Republica Moldova”,Împrumut,BEI,,legis.md,,https://www.legis.md/cautare/getResults?doc_id=122204&lang=ro
LP103/2020,18.06.2020,Lege,Lege pentru ratificarea Acordului de finanțare (Proiectul „Învățământul superior”) dintre Republica Moldova și Asociația Internațională pentru Dezvoltare,Împrumut,AID,,legis.md,,https://www.legis.md/cautare/getResults?doc_id=122207&lang=ro
HG388/2020,17.06.2020,Hotărâre,"Hotărâre pentru inițierea negocierilor și aprobarea semnării Acordului, întocmit prin schimb de note, dintre Guvernul Republicii Moldova și Guvernul Japoniei privind acordarea unui împrumut (Proiectul „Modernizarea tehnicii și a echipamentului agricol”)",Împrumut,Japonia,,legis.md,,https://www.legis.md/cautare/getResults?doc_id=121825&lang=ro
DP1610/2020,16.06.2020,Decret,Decret pentru iniţierea negocierilor asupra proiectului Acordului de împrumut (a treia finanţare adiţională) dintre Republica Moldova şi Banca Internaţională pentru Reconstrucţie şi Dezvoltare în vederea realizării Proiectului „Agricultura Competitivă”,Împrumut,BIRD,,legis.md,,https://www.legis.md/cautare/getResults?doc_id=121810&lang=ro
DP1603/2020,12.06.2020,Decret,Decret privind aprobarea semnării Acordului de finanțare dintre Republica Moldova și Fondul Internațional pentru Dezvoltarea Agricolă în vederea realizării Proiectului „Îmbunătățirea capacităților pentru transformarea zonei rurale (IFAD VIII)”,Asistență financiară,FIDA,,legis.md,,https://www.legis.md/cautare/getResults?doc_id=121782&lang=ro
LP89/2020,11.06.2020,Lege,Lege pentru ratificarea Contractului de finanțare dintre Republica Moldova și Banca Europeană de Investiții privind implementarea Proiectului „Deșeuri solide în Republica Moldova”,Împrumut,BEI,,legis.md,,https://www.legis.md/cautare/getResults?doc_id=122205&lang=ro
DP1600/2020,09.06.2020,Decret,Decret privind promulgarea Legii pentru ratificarea Amendamentului nr. 1 la Acordul-cadru de împrumut dintre Republica Moldova și Banca de Dezvoltare a Consiliului Europei pentru realizarea Proiectului de construcție a penitenciarului din Chișinău,Împrumut,CEB,,legis.md,,https://www.legis.md/cautare/getResults?doc_id=121804&lang=ro
HG341/2020,03.06.2020,Hotărâre,"Hotărâre cu privire la iniţierea negocierilor şi aprobarea semnării Acordului, întocmit prin schimb de note, dintre Guvernul Republicii Moldova şi Oficiul ONU pentru Servicii de Proiect privind livrarea medicamentului „Avigan” (favipiravir) în formă de ajutor de urgență pentru combaterea infecției COVID-19, oferit de Guvernul Japoniei",Grant,Japonia,,legis.md,,https://www.legis.md/cautare/getResults?doc_id=121677&lang=ro
HG333/2020,03.06.2020,Hotărâre,"Hotărâre cu privire la aprobarea proiectului de lege pentru ratificarea Acordului de finanțare (Proiectul Învățământul Superior) dintre Republica Moldova și Asociația Internațională pentru Dezvoltare, încheiat la 19 mai 2020",Împrumut,AID,,legis.md,,https://www.legis.md/cautare/getResults?doc_id=121699&lang=ro
HG330/2020,03.06.2020,Hotărâre,"Hotărâre cu privire la inițierea negocierilor asupra proiectului Acordului-cadru de împrumut dintre Republica Moldova și Banca de Dezvoltare a Consiliului Europei pentrurealizarea Proiectului „Răspuns de urgență la COVID-19 şi suport pentru întreprinderile micro, mici și mijlocii” și acordarea împuternicirilor pentru negocierea acestuia",Împrumut,CEB,,legis.md,,https://www.legis.md/cautare/getResults?doc_id=121697&lang=ro
DP1587/2020,28.05.2020,Decret,Decret privind promulgarea Legii pentru ratificarea Amendamentului nr. 1 la Acordul de credit dintre Republica Moldova și Banca Internațională pentru Reconstrucție și Dezvoltare și la Acordul de finanțare dintre Republica Moldova și Asociația Internațională pentru Dezvoltare în vederea realizării Proiectului de ameliorare a competitivității II (PAC II),Împrumut,BIRD / AID,,legis.md,,https://www.legis.md/cautare/getResults?doc_id=121625&lang=ro
DP1586/2020,28.05.2020,Decret,"Decret privind promulgarea Legii pentru ratificarea Amendamentului, întocmit prin schimb de scrisori, la Acordul de finanțare (a doua finanțare adițională) dintre Republica Moldova și Asociația Internațională pentru Dezvoltare în vederea realizării Proiectului „Agricultura competitivă” (credit nr. 5858-MD)",Împrumut,AID,,legis.md,,https://www.legis.md/cautare/getResults?doc_id=121627&lang=ro
DP1572/2020,22.05.2020,Decret,Decret privind promulgarea Legii pentru ratificarea Acordului de finanțare dintre Republica Moldova și Asociația Internațională pentru Dezvoltare privind implementarea Proiectului „Răspuns de urgență la COVID-19”,Împrumut,AID,,legis.md,,https://www.legis.md/cautare/getResults?doc_id=121527&lang=ro
LP78/2020,21.05.2020,Lege,"Lege pentru ratificarea Amendamentului, întocmit prin schimb de scrisori, la Acordul de finanțare (a doua finanțare adițională) dintre Republica Moldova și Asociația Internațională pentru Dezvoltare în vederea realizării Proiectului „Agricultura competitivă” (credit nr. 5858-MD)",Împrumut,AID,,legis.md,,https://www.legis.md/cautare/getResults?doc_id=121628&lang=ro
LP77/2020,21.05.2020,Lege,Lege pentru ratificarea Amendamentului nr. 1 la Acordul de credit dintre Republica Moldova şi Banca Internaţională pentru Reconstrucţie şi Dezvoltare și la Acordul de finanţare dintre Republica Moldova şi Asociaţia Internaţională pentru Dezvoltare în vederea realizării Proiectului de ameliorare a competitivității II (PAC II),Împrumut,BIRD / AID,,legis.md,,https://www.legis.md/cautare/getResults?doc_id=121626&lang=ro
LP76/2020,21.05.2020,Lege,Lege pentru ratificarea Amendamentului nr. 1 la Acordul-cadru de împrumut dintre Republica Moldova și Banca de Dezvoltare a Consiliului Europei pentru realizarea Proiectului de construcție a penitenciarului din Chișinău,Împrumut,CEB,,legis.md,,https://www.legis.md/cautare/getResults?doc_id=121805&lang=ro
LP68/2020,21.05.2020,Lege,Lege pentru ratificarea Acordului de finanţare dintre Republica Moldova şi Asociaţia Internaţională pentru Dezvoltare privind implementarea Proiectului „Răspuns de urgenţă la COVID-19”,Împrumut,AID,,legis.md,,https://www.legis.md/cautare/getResults?doc_id=121528&lang=ro
DP1569/2020,21.05.2020,Decret,Decret pentru inițierea negocierilor asupra proiectului Acordului de împrumut între Republica Moldova și Banca Internațională pentru Reconstrucție și Dezvoltare privind al doilea Proiect de îmbunătățire a eficienței sistemului de alimentare centralizată cu energie termică,Împrumut,BIRD,,legis.md,,https://www.legis.md/cautare/getResults?doc_id=121536&lang=ro
HG299/2020,20.05.2020,Hotărâre,"Hotărâre pentru inițierea negocierilor și aprobarea semnării Înțelegerii, întocmite prin schimb de note, dintre Guvernul Republicii Moldova și Guvernul Republicii Federale Germania privind cooperarea tehnică",Grant,Germania,,legis.md,,https://www.legis.md/cautare/getResults?doc_id=121519&lang=ro
DP1568/2020,20.05.2020,Decret,Decret privind inițierea negocierilor și aprobarea semnării Amendamentului la Acordul de finanțare dintre Republica Moldova și Asociația Internațională pentru Dezvoltare în vederea realizării Proiectului „Îmbunătățirea drumurilor locale”,Împrumut,AID,,legis.md,,https://www.legis.md/cautare/getResults?doc_id=121535&lang=ro
HG288/2020,13.05.2020,Hotărâre,"Hotărâre cu privire la aprobarea proiectului de lege pentru ratificarea Acordului de finanţare dintre Republica Moldova şi Asociaţia Internaţională pentru Dezvoltare privind implementarea Proiectului Răspuns de Urgenţă la COVID-19, semnat la 28 aprilie 2020",Împrumut,AID,28.04.2020,legis.md,,https://www.legis.md/cautare/getResults?doc_id=121453&lang=ro
HCC12/2020,07.05.2020,Act,"Act pentru controlul constituționalității Acordului între Guvernul Republicii Moldova și Guvernul Federației Ruse privind acordarea Guvernului Republicii Moldova a unui împrumut financiar de stat, semnat pe 17 aprilie 2020, a Hotărârilor Guvernului nr. 169 din 13 martie 2020 și nr. 252 din 21 aprilie 2020 și a Legii nr. 57 din 23 aprilie 2020 (sesizările nr. 56a/2020, nr. 57a/2020 și nr. 58a/2020)",Împrumut,Rusia,,legis.md,,https://www.legis.md/cautare/getResults?doc_id=121648&lang=ro
DP1557/2020,05.05.2020,Decret,Decret pentru aprobarea semnării Acordului de finanțare (Proiectul Învățămîntul Superior) dintre Republica Moldova și Asociația Internațională pentru Dezvoltare,Împrumut,AID,,legis.md,,https://www.legis.md/cautare/getResults?doc_id=121404&lang=ro
DP1542/2020,22.04.2020,Decret,Decret pentru aprobarea semnării Acordului de finanțare dintre Republica Moldova și Asociația Internațională pentru Dezvoltare privind implementarea Proiectului Răspuns de Urgență la COVID-19,Împrumut,AID,,legis.md,,https://www.legis.md/cautare/getResults?doc_id=121260&lang=ro
HG252/2020,21.04.2020,Hotărâre,Hotărâre cu privire la aprobarea proiectului de lege pentru ratificarea Acorduluidintre Guvernul Federației Ruse și Guvernul Republicii Moldova privind acordarea Guvernului Republicii Moldova a unui împrumut financiar de stat,Împrumut,Rusia,,legis.md,,https://www.legis.md/cautare/getResults?doc_id=123032&lang=ro
HG243/2020,10.04.2020,Hotărâre,Hotărâre pentru inițierea negocierilor și aprobarea semnării Memorandumului de înțelegere dintre Ministerul Economiei și Infrastructurii al Republicii Moldova și Agenția Elvețiană pentru Dezvoltare și Cooperare cu privire la prima fază a Proiectului „Republica Moldova: crearea oportunităților de muncă prin sisteme îmbunătățite de piață”,Asistență tehnică,Elveția,,legis.md,,https://www.legis.md/cautare/getResults?doc_id=121195&lang=ro
HG240/2020,10.04.2020,Hotărâre,"Hotărâre cu privire la aprobarea proiectului de lege pentru ratificarea Contractului de finanțare dintre Republica Moldova și Banca Europeană de Investiții privind implementarea Proiectului „Deșeuri solide în Republica Moldova”, semnat la 18 octombrie 2019",Împrumut,BEI,18.10.2019,legis.md,,https://www.legis.md/cautare/getResults?doc_id=121189&lang=ro
DP1541/2020,10.04.2020,Decret,Decret pentru inițierea negocierilor asupra proiectului Acordului de finanțare dintre Republica Moldova și Asociația Internațională pentru Dezvoltare privind implementarea Proiectului Răspuns de Urgență la COVID-19,Împrumut,AID,,legis.md,,https://www.legis.md/cautare/getResults?doc_id=121192&lang=ro
HG218/2020,01.04.2020,Hotărâre,Hotărâre cu privire la inițierea negocierilor asupra proiectului Contractului de finanţare a Proiectului „Eficienţa energetică în Republica Moldova” dintre Republica Moldova și Banca Europeană de Investiţii și acordarea împuternicirilor pentru negocierea acestuia,Împrumut,BEI,,legis.md,,https://www.legis.md/cautare/getResults?doc_id=128335&lang=ro
HG193/2020,25.03.2020,Hotărâre,"Hotărâre pentru aprobarea proiectului de lege cu privire la ratificarea Amendamentului nr. 1 la Acordul-cadru de împrumut dintre Republica Moldova și Banca de Dezvoltare a Consiliului Europei pentru realizarea Proiectului de construcție a penitenciarului din Chișinău, semnat la 11 noiembrie 2019",Împrumut,CEB,11.11.2019,legis.md,,https://www.legis.md/cautare/getResults?doc_id=121028&lang=ro
HG178/2020,25.03.2020,Hotărâre,"Hotărâre cu privire la aprobarea proiectului de lege pentru ratificarea Amendamentului, întocmit prin schimb de scrisori, la Acordul de finanțare (a doua finanțare adițională) dintre Republica Moldova și Asociația Internațională pentru Dezvoltare în vederea realizării Proiectului „Agricultura competitivă” (credit nr. 5858-MD), semnat la 30 ianuarie 2020",Împrumut,AID,30.01.2020,legis.md,,https://www.legis.md/cautare/getResults?doc_id=121013&lang=ro
HG175/2020,25.03.2020,Hotărâre,Hotărâre cu privire la aprobarea semnării Acordului de împrumut dintre Guvernul Republicii Moldova şi Agenția Japoneză pentru Cooperare Internațională pentru realizarea Proiectului „Modernizarea tehnicii și a echipamentului agricol”,Împrumut,JICA,,legis.md,,https://www.legis.md/cautare/getResults?doc_id=121010&lang=ro
HG174/2020,25.03.2020,Hotărâre,"Hotărâre pentru iniţierea negocierilor şi aprobarea semnării Acordului, întocmit prin schimb de note, dintre Guvernul Republicii Moldova și Guvernul Japoniei privind acordarea unui împrumut (Proiectul „Modernizarea tehnicii și a echipamentului agricol”)",Împrumut,Japonia,,legis.md,,https://www.legis.md/cautare/getResults?doc_id=121884&lang=ro
HG169/2020,13.03.2020,Hotărâre,Hotărâre pentru inițierea negocierilor și aprobarea semnării Acordului dintre Guvernul Federației Ruse și Guvernul Republicii Moldova privind acordarea Guvernului Republicii Moldova a unui împrumut financiar de stat,Împrumut,Rusia,,legis.md,,https://www.legis.md/cautare/getResults?doc_id=123031&lang=ro
HG151/2020,04.03.2020,Hotărâre,Hotărâre cu privire la iniţierea negocierilor și aprobarea semnării Acordului de grant dintre Guvernul Republicii Moldova și Agenția Japoneză pentru Cooperare Internațională privind implementarea Proiectului „Îmbunătățirea echipamentului de digitalizare al Bibliotecii Naționale”,Grant,JICA,,legis.md,,https://www.legis.md/cautare/getResults?doc_id=120646&lang=ro
HG138/2020,04.03.2020,Hotărâre,Hotărâre cu privire la iniţierea negocierilor şi aprobarea semnării Memorandumului de înțelegere dintre Cancelaria de Stat a Republicii Moldova și Agenția Elvețiană pentru Dezvoltare și Cooperare privind prima fază a Proiectului „Mă implic –proiect de implicare civică în guvernarea locală”,Asistență tehnică,Elveția,,legis.md,,https://www.legis.md/cautare/getResults?doc_id=120633&lang=ro
HG131/2020,26.02.2020,Hotărâre,Hotărâre cu privire la inițierea negocierilor asupra proiectului Acordului de împrumut dintre Guvernul Republicii Moldova şi Agenția Japoneză pentru Cooperare Internațională pentru realizarea Proiectului „Modernizarea tehnicii și a echipamentului agricol”,Împrumut,JICA,,legis.md,,https://www.legis.md/cautare/getResults?doc_id=120459&lang=ro
HG113/2020,26.02.2020,Hotărâre,"Hotărâre cu privire la aprobarea proiectului de lege pentru ratificarea Amendamentului nr. 1 la Acordul de credit dintre Republica Moldova şi Banca Internaţională pentru Reconstrucţie şi Dezvoltare și la Acordul de finanţare dintre Republica Moldova şi Asociaţia Internaţională pentru Dezvoltare în vederea realizării Proiectului de ameliorare a competitivității II (PAC II), semnate la 15 iulie 2014",Împrumut,BIRD / AID,,legis.md,,https://www.legis.md/cautare/getResults?doc_id=120531&lang=ro
DP1464/2020,24.02.2020,Decret,Decret privind inițierea negocierilor asupra proiectului Acordului de finanțare dintre Republica Moldova și Fondul Internațional pentru Dezvoltarea Agricolă în vederea realizării proiectului „Îmbunătățirea capacităților pentru transformarea zonei rurale (IFAD VIII)”,Asistență financiară,FIDA,,legis.md,,https://www.legis.md/cautare/getResults?doc_id=120474&lang=ro
DP1444/2020,30.01.2020,Decret,Decret pentru inițierea negocierilor asupra proiectului Acordului de finanțare (Proiectul Învățămîntul Superior) dintre Republica Moldova și Asociația Internațională pentru Dezvoltare,Împrumut,AID,,legis.md,,https://www.legis.md/cautare/getResults?doc_id=120158&lang=ro
DP1425/2019,27.12.2019,Decret,"Decret privind inițierea negocierilor și aprobarea semnării Amendamentului, prin schimb de scrisori, la Acordul de finanțare (a doua finanțare adițională) dintre Republica Moldova și Asociația Internațională pentru Dezvoltare în vederea realizării proiectului „Agricultura competitivă” (credit nr. 5858-MD)",Împrumut,AID,,legis.md,,https://www.legis.md/cautare/getResults?doc_id=119874&lang=ro
DP1419/2019,26.12.2019,Decret,Decret pentru promulgarea Legii privind ratificarea Amendamentului nr. 4 la Acordul de împrumut dintre Republica Moldova și Banca Europeană pentru Reconstrucție și Dezvoltare „Reabilitarea rețelelor electrice de transport ale «Moldelectrica»”,Împrumut,BERD,,legis.md,,https://www.legis.md/cautare/getResults?doc_id=119661&lang=ro
DP1418/2019,26.12.2019,Decret,"Decret privind promulgarea Legii cu privire la ratificarea Acordului de grant dintre Republica Moldova, Întreprinderea de Stat „Moldelectrica” și Banca Europeană pentru Reconstrucție și Dezvoltare privind implementarea Proiectului „Interconectarea rețelelor de energie electrică dintre Republica Moldova și România, Faza I”",Grant,BERD,,legis.md,,https://www.legis.md/cautare/getResults?doc_id=119672&lang=ro
DP1417/2019,26.12.2019,Decret,Decret pentru promulgarea Legii cu privire la ratificarea Acordului de suport al proiectului și rambursare „Instrument de procurare a gazelor în situație de urgență” dintre Republica Moldova și Banca Europeană pentru Reconstrucție și Dezvoltare,Împrumut,BERD,,legis.md,,https://www.legis.md/cautare/getResults?doc_id=119682&lang=ro
DP1402/2019,24.12.2019,Decret,"Decret pentru promulgarea Legii cu privire la ratificarea Acordului de finanțare dintre Republica Moldova și Asociația Internațională pentru Dezvoltare privind Proiectul de dezvoltare a sistemului electroenergetic, în valoare de 13,1 milioane de euro",Împrumut,AID,,legis.md,,https://www.legis.md/cautare/getResults?doc_id=119666&lang=ro
DP1401/2019,24.12.2019,Decret,"Decret pentru promulgarea Legii cu privire la ratificarea Acordului de finanțare dintre Republica Moldova și Asociația Internațională pentru Dezvoltare privind Proiectul de dezvoltare a sistemului electroenergetic, în valoare de 47,9 milioane de euro",Împrumut,AID,,legis.md,,https://www.legis.md/cautare/getResults?doc_id=119670&lang=ro
LP195/2019,20.12.2019,Lege,Lege cu privire la ratificarea Acordului de suport al proiectului și rambursare „Instrument de procurare a gazelor în situație de urgență” dintre Republica Moldova şi Banca Europeană pentru Reconstrucție și Dezvoltare,Împrumut,BERD,,legis.md,,https://www.legis.md/cautare/getResults?doc_id=119683&lang=ro
LP180/2019,19.12.2019,Lege,"Lege cu privire la ratificarea Acordului de grant dintre Republica Moldova, Întreprinderea de Stat „Moldelectrica” şi Banca Europeană pentru Reconstrucție și Dezvoltare privind implementarea Proiectului „Interconectarea rețelelor de energie electrică dintre Republica Moldova și România, Faza I”",Grant,BERD,,legis.md,,https://www.legis.md/cautare/getResults?doc_id=119673&lang=ro
LP179/2019,19.12.2019,Lege,"Lege cu privire la ratificarea Acordului de finanțare dintre Republica Moldova și Asociația Internațională pentru Dezvoltare privind Proiectul de dezvoltare a sistemului electroenergetic, în valoare de 47,9 milioane de euro",Împrumut,AID,,legis.md,,https://www.legis.md/cautare/getResults?doc_id=119671&lang=ro
LP177/2019,19.12.2019,Lege,"Lege cu privire la ratificarea Acordului de finanțare dintre Republica Moldova și Asociația Internațională pentru Dezvoltare privind Proiectul de dezvoltare a sistemului electroenergetic, în valoare de 13,1 milioane de euro",Împrumut,AID,,legis.md,,https://www.legis.md/cautare/getResults?doc_id=119667&lang=ro
LP176/2019,19.12.2019,Lege,Lege privind ratificarea Amendamentului nr. 4 la Acordul de împrumut dintre Republica Moldova şi Banca Europeană pentru Reconstrucţie şi Dezvoltare „Reabilitarea reţelelor electrice de transport ale «Moldelectrica»”,Împrumut,BERD,,legis.md,,https://www.legis.md/cautare/getResults?doc_id=119662&lang=ro
DP1394/2019,18.12.2019,Decret,Decret pentru inițierea negocierilor și aprobarea semnării Amendamentului nr. 1 la Acordul de finanțare dintre Republica Moldova și Asociația Internațională pentru Dezvoltare în vederea realizării Proiectului de ameliorare a competitivității II (PAC II),Împrumut,AID,,legis.md,,https://www.legis.md/cautare/getResults?doc_id=119603&lang=ro
DP1393/2019,18.12.2019,Decret,Decret pentru inițierea negocierilor și aprobarea semnării Amendamentului nr. 1 la Acordul de credit dintre Republica Moldova și Banca Internațională pentru Reconstrucție și Dezvoltare în vederea realizării Proiectului de ameliorare a competitivității II (PAC II),Împrumut,BIRD,,legis.md,,https://www.legis.md/cautare/getResults?doc_id=119602&lang=ro
HG659/2019,17.12.2019,Hotărâre,"Hotărâre pentru aprobarea proiectului de lege cu privire la ratificarea Acordului de suport al proiectului și rambursare „Instrument de procurare a gazelor în situație de urgență” dintre Republica Moldova şi Banca Europeană pentru Reconstrucție și Dezvoltare, semnat la 11 decembrie 2019",Împrumut,BERD,11.12.2019,legis.md,,https://www.legis.md/cautare/getResults?doc_id=119491&lang=ro
HG640/2019,11.12.2019,Hotărâre,Hotărâre cu privire la aprobarea semnării Acordului de suport al proiectului și rambursare „Instrument de procurare a gazelor în situație de urgență” dintre Republica Moldova şi Banca Europeană pentru Reconstrucție și Dezvoltare,Împrumut,BERD,,legis.md,,https://www.legis.md/cautare/getResults?doc_id=119398&lang=ro
DP1353/2019,10.12.2019,Decret,Decret cu privire la promulgarea Legii pentru ratificarea Acordului de finanțare dintre Guvernul Republicii Moldova și Comisia Europeană „Suport pentru implementarea Acordului de Asociere Republica Moldova – Uniunea Europeană”,Grant,UE,,legis.md,,https://www.legis.md/cautare/getResults?doc_id=119309&lang=ro
LP152/2019,05.12.2019,Lege,Lege pentru ratificarea Acordului de finanțare dintre Guvernul Republicii Moldova și Comisia Europeană „Suport pentru implementarea Acordului de Asociere Republica Moldova – Uniunea Europeană”,Grant,UE,,legis.md,,https://www.legis.md/cautare/getResults?doc_id=119310&lang=ro
HG608/2019,04.12.2019,Hotărâre,Hotărâre cu privire la inițierea negocierilor asupra proiectului Acordului de suport al proiectului și rambursare „Instrument de procurare a gazelor în situație de urgență” dintre Republica Moldova şi Banca Europeană pentru Reconstrucție și Dezvoltare şi acordarea împuternicirilor pentru negocierea acestuia,Împrumut,BERD,,legis.md,,https://www.legis.md/cautare/getResults?doc_id=119261&lang=ro
HG607/2019,04.12.2019,Hotărâre,"Hotărâre cu privire la inițierea negocierilor și aprobarea semnării Înțelegerii, întocmită prin schimb de note, dintre Guvernul Republicii Moldova și Guvernul Republicii Federale Germania privind cooperarea tehnică",Grant,Germania,,legis.md,,https://www.legis.md/cautare/getResults?doc_id=119260&lang=ro
HG606/2019,04.12.2019,Hotărâre,"Hotărâre cu privire la inițierea negocierilor şi aprobarea semnării celui de-al cincilea Amendament la Acordul de asistență privind obiectivul de dezvoltare dintre Guvernul Republicii Moldova şi Guvernul Statelor Unite ale Americii pentru o guvernare democratică mai eficientă şi mai responsabilă, semnat la 28 septembrie 2016",Grant,SUA,28.09.2016,legis.md,,https://www.legis.md/cautare/getResults?doc_id=119259&lang=ro
HG605/2019,04.12.2019,Hotărâre,"Hotărâre cu privire la inițierea negocierilor și aprobarea semnării celui de-al cincilea Amendament la Acordul de asistență privind obiectivul de dezvoltare dintre Guvernul Republicii Moldova și Guvernul Statelor Unite ale Americii pentru creșterea comerțului și investițiilor în sectoarele - cheie, semnat la 28 septembrie 2016",Grant,SUA,28.09.2016,legis.md,,https://www.legis.md/cautare/getResults?doc_id=119258&lang=ro
HG603/2019,04.12.2019,Hotărâre,"Hotărâre privind inițierea negocierilor și aprobarea semnării Memorandumului de înțelegere dintre Ministerul Sănătății, Muncii și Protecției Sociale al Republicii Moldova și Agenția Elvețiană pentru Dezvoltare și Cooperare cu privire la faza I a proiectului „Progresul cu privire la acoperirea universală cu servicii de sănătate în Moldova”",Asistență tehnică,Elveția,,legis.md,,https://www.legis.md/cautare/getResults?doc_id=119255&lang=ro
HG591/2019,27.11.2019,Hotărâre,"Hotărâre pentru aprobarea proiectului de lege privind ratificarea Amendamentului nr. 4 la Acordul de împrumut dintre Republica Moldova şi Banca Europeană pentru Reconstrucţie şi Dezvoltare „Reabilitarea reţelelor electrice de transport ale «Moldelectrica»”, semnat la Chişinău la 22 mai 2012",Împrumut,BERD,22.05.2012,legis.md,,https://www.legis.md/cautare/getResults?doc_id=119075&lang=ro
HG538/2019,12.11.2019,Hotărâre,"Hotărâre pentru aprobarea proiectului de lege cu privire la ratificarea Acordului de grant dintre Republica Moldova, Întreprinderea de Stat „Moldelectrica” şi Banca Europeană pentru Reconstrucție și Dezvoltare privind implementarea Proiectului „Interconectarea rețelelor de energie electrică dintre Republica Moldova şi România, faza I”, semnat la 26 septembrie 2019",Grant,BERD,26.09.2019,legis.md,,https://www.legis.md/cautare/getResults?doc_id=118712&lang=ro
HG537/2019,12.11.2019,Hotărâre,"Hotărâre pentru aprobarea proiectului de lege cu privire la ratificarea Acordului de finanțare dintre Republica Moldova şi Asociaţia Internaţională pentru Dezvoltare privind Proiectul de dezvoltare al sistemului electroenergetic (în valoare de 47,9 milioane de euro), semnat la 26 septembrie 2019",Împrumut,AID,26.09.2019,legis.md,,https://www.legis.md/cautare/getResults?doc_id=118711&lang=ro
HG536/2019,12.11.2019,Hotărâre,"Hotărâre pentru aprobarea proiectului de lege cu privire la ratificarea Acordului de finanțare dintre Republica Moldova şi Asociaţia Internaţională pentru Dezvoltare privind Proiectul de dezvoltare al sistemului electroenergetic (în valoare de 13,1 milioane euro), semnat la 26 septembrie 2019",Împrumut,AID,26.09.2019,legis.md,,https://www.legis.md/cautare/getResults?doc_id=118709&lang=ro
HG507/2019,01.11.2019,Hotărâre,Hotărâre cu privire la inițierea negocierilor și aprobarea semnării Amendamentului nr. 1 la Acordul-cadru de împrumut dintre Republica Moldova și Banca de Dezvoltare a Consiliului Europei pentru realizarea Proiectului de construcție a penitenciarului din Chișinău,Împrumut,CEB,,legis.md,,https://www.legis.md/cautare/getResults?doc_id=118540&lang=ro
DP1311/2019,28.10.2019,Decret,Decret privind inițierea negocierilor și aprobarea semnării Amendamentului nr. 4 la Acordul de împrumut dintre Republica Moldova și Banca Europeană pentru Reconstrucție și Dezvoltare „Reabilitarea rețelelor electrice de transport ale «Moldelectrica»”,Împrumut,BERD,,legis.md,,https://www.legis.md/cautare/getResults?doc_id=118587&lang=ro
HG475/2019,18.10.2019,Hotărâre,Hotărâre cu privire la inițierea negocierilor și aprobarea semnării Contractului de finanțare dintre Republica Moldova şi Banca Europeană de Investiții privind implementarea proiectului „Deșeuri solide în Republica Moldova”,Împrumut,BEI,,legis.md,,https://www.legis.md/cautare/getResults?doc_id=118379&lang=ro
DP1307/2019,18.10.2019,Decret,"Decret privind promulgarea Legii pentru ratificarea Amendamentului la Acordul de finanțare dintre Republica Moldova și Asociația Internațională pentru Dezvoltare și a Amendamentului la Acordul de împrumut dintre Republica Moldova și Banca Internaționalăpentru Reconstrucție și Dezvoltare, convenite prin schimb de scrisori, în vederea realizării Proiectului de modernizare a administrării fiscale (TAMP)",Împrumut,AID,,legis.md,,https://www.legis.md/cautare/getResults?doc_id=118491&lang=ro
LP140/2019,04.10.2019,Lege,"Lege pentru ratificarea Amendamentului la Acordul de finanțare dintre Republica Moldova și Asociația Internațională pentru Dezvoltare și a Amendamentului la Acordul de împrumut dintre Republica Moldova și Banca Internațională pentru Reconstrucție și Dezvoltare, convenite prin schimb de scrisori, în vederea realizării Proiectului de modernizare a administrării fiscale (TAMP)",Împrumut,BIRD / AID,,legis.md,,https://www.legis.md/cautare/getResults?doc_id=118494&lang=ro
HG451/2019,25.09.2019,Hotărâre,"Hotărâre cu privire la aprobarea proiectului de lege pentru ratificarea Acordului de finanțare dintre Guvernul Republicii Moldova și Comisia Europeană „Suport pentru implementarea Acordului de Asociere RM-UE”, semnat la 24 iulie 2019",Grant,UE,24.07.2019,legis.md,,https://www.legis.md/cautare/getResults?doc_id=117481&lang=ro
HG421/2019,30.08.2019,Hotărâre,"Hotărâre cu privire la aprobarea proiectului de lege pentru ratificarea Amendamentului, prin schimb de scrisori, la Acordul de finanțare dintre Republica Moldova și Asociația Internațională pentru Dezvoltare, semnat la Chișinău la 28 iunie 2016, și a Amendamentului, prin schimb de scrisori, la Acordul de împrumut dintre Republica Moldova și Banca Internațională pentru Reconstrucție și Dezvoltare, semnat la Chișinău la 28 iunie 2016, în vederea realizării Proiectului de modernizare a administrării fiscale (TAMP)",Împrumut,BIRD / AID,28.06.2016,legis.md,,https://www.legis.md/cautare/getResults?doc_id=116720&lang=ro
DP1259/2019,29.08.2019,Decret,"Decret pentru inițierea negocierilor și aprobarea semnării Acordului de Grant dintre Republica Moldova, Întreprinderea de Stat „Moldelectrica” și Banca Europeană pentru Reconstrucție și Dezvoltare privind implementarea Proiectului „Interconectarea rețelelor de energie electrică dintre Republica Moldova și România, Faza I”",Grant,BERD,,legis.md,,https://www.legis.md/cautare/getResults?doc_id=116930&lang=ro
DP1244/2019,12.08.2019,Decret,Decret pentru aprobarea semnării Acordului de finanțare dintre Republica Moldova și Asociația Internațională pentru Dezvoltare privind Proiectul de dezvoltare al sistemului electroenergetic,Împrumut,AID,,legis.md,,https://www.legis.md/cautare/getResults?doc_id=115848&lang=ro
DP1238/2019,12.08.2019,Decret,Decret pentru aprobarea semnării Acordului de finanțare dintre Republica Moldova și Asociația Internațională pentru Dezvoltare privind Proiectul de dezvoltare al sistemului electroenergetic,Împrumut,AID,,legis.md,,https://www.legis.md/cautare/getResults?doc_id=115793&lang=ro
HG376/2019,01.08.2019,Hotărâre,Hotărâre cu privire la inițierea negocierilor și aprobarea semnării Addendumului nr.1 la Acordul de finanțare dintre Guvernul Republicii Moldova și Uniunea Europeană privind Facilitatea pentru cooperare tehnică,Grant,UE,,legis.md,,https://www.legis.md/cautare/getResults?doc_id=115632&lang=ro
HG375/2019,01.08.2019,Hotărâre,Hotărâre cu privire la inițierea negocierilor și aprobarea semnării Addendumului nr. 1 la Acordul de finanțare dintre Guvernul Republicii Moldova și Uniunea Europeană privind Programul de suport pentru reforma administrației publice,Grant,UE,,legis.md,,https://www.legis.md/cautare/getResults?doc_id=115631&lang=ro
HG356/2019,26.07.2019,Hotărâre,Hotărâre pentru inițierea negocierilor și aprobarea semnării Addendumului nr. 1 la Acordul de finanțare dintre Guvernul Republicii Moldova și Uniunea Europeană privind Facilitatea pentru cooperare tehnică 2016,Grant,UE,,legis.md,,https://www.legis.md/cautare/getResults?doc_id=115514&lang=ro
HG355/2019,26.07.2019,Hotărâre,"Hotărâre cu privire la inițierea negocierilor şi aprobarea semnării celui de-al patrulea Amendament la Acordul de asistență privind obiectivul de dezvoltare dintre Guvernul Republicii Moldova şi Guvernul Statelor Unite ale Americii pentru o guvernare democratică mai eficientă și mai responsabilă, semnat la 28 septembrie 2016",Grant,SUA,28.09.2016,legis.md,,https://www.legis.md/cautare/getResults?doc_id=115513&lang=ro
HG354/2019,26.07.2019,Hotărâre,"Hotărâre cu privire la inițierea negocierilor şi aprobarea semnării celui de-al patrulea Amendament la Acordul de asistență privind obiectivul de dezvoltare dintre Guvernul Republicii Moldova şi Guvernul Statelor Unite ale Americii pentru creşterea comerţului şi a investiţiilor în sectoarele cheie, semnat la 28 septembrie 2016",Grant,SUA,28.09.2016,legis.md,,https://www.legis.md/cautare/getResults?doc_id=115512&lang=ro
HG353/2019,23.07.2019,Hotărâre,Hotărâre cu privire la inițierea negocierilor și aprobarea semnării Acordului de finanțare dintre Guvernul Republicii Moldova și Comisia Europeană „Suport pentru implementarea Acordului de Asociere RM-UE”,Grant,UE,,legis.md,,https://www.legis.md/cautare/getResults?doc_id=115440&lang=ro
HG352/2019,23.07.2019,Hotărâre,Hotărâre pentru inițierea negocierilor și aprobarea semnării Acordului de finanțare dintre Guvernul Republicii Moldova și Comisia Europeană privind susținerea economică incluzivă a regiunilor focale ale Republicii Moldova,Grant,UE,,legis.md,,https://www.legis.md/cautare/getResults?doc_id=115439&lang=ro
HG351/2019,23.07.2019,Hotărâre,Hotărâre pentru inițierea negocierilor și aprobarea semnării Acordului de finanțare dintre Guvernul Republicii Moldova și Comisia Europeană privind consolidarea supremației legii și a mecanismelor anticorupție în Republica Moldova,Grant,UE,,legis.md,,https://www.legis.md/cautare/getResults?doc_id=115423&lang=ro
DP1218/2019,23.07.2019,Decret,"Decret privind inițierea negocierilor și aprobarea semnării Amendamentului, prin schimb de scrisori, la Acordul de finanțare dintre Republica Moldova și Asociația Internațională pentru Dezvoltare și Amendamentului, prin schimb de scrisori, la Acordul de împrumut dintre Republica Moldova și Banca Internațională pentru Reconstrucție și Dezvoltare în vederea realizării Proiectului de modernizare a administrării fiscale (TAMP)",Împrumut,BIRD / AID,,legis.md,,https://www.legis.md/cautare/getResults?doc_id=115434&lang=ro
DP1215/2019,23.07.2019,Decret,Decret pentru inițierea negocierilor și aprobarea semnării Acordului privind asistența financiară rambursabilă între Republica Moldova și România,Grant,România,,legis.md,,https://www.legis.md/cautare/getResults?doc_id=115431&lang=ro
HG341/2019,18.07.2019,Hotărâre,Hotărâre cu privire la inițierea negocierilor şi aprobarea semnării celui de-al optulea Amendament la Acordul de asistenţă dintre Guvernul Republicii Moldova şi Guvernul Statelor Unite ale Americii pentru creştere economică,Grant,SUA,,legis.md,,https://www.legis.md/cautare/getResults?doc_id=115378&lang=ro
HG340/2019,18.07.2019,Hotărâre,Hotărâre cu privire la inițierea negocierilor şi aprobarea semnării celui de-al nouălea Amendament la Acordul de asistenţă dintre Guvernul Republicii Moldova şi Guvernul Statelor Unite ale Americii pentru proiectul de susţinere a autorităţilor publice locale,Grant,SUA,,legis.md,,https://www.legis.md/cautare/getResults?doc_id=115377&lang=ro
HG339/2019,18.07.2019,Hotărâre,Hotărâre cu privire la inițierea negocierilor şi aprobarea semnării celui de-al nouălea Amendament la Acordul de asistenţă dintre Guvernul Republicii Moldova şi Guvernul Statelor Unite ale Americii pentru programul de consolidare a instituţiilor statului de drept,Grant,SUA,,legis.md,,https://www.legis.md/cautare/getResults?doc_id=115376&lang=ro
HG277/2019,29.05.2019,Hotărâre,"Hotărâre cu privire la inițierea negocierilor și aprobarea semnării Amendamentului la Acordul dintre Ministerul Mediului al Republicii Moldova, Agenția Elvețiană pentru Dezvoltare și Cooperare și Agenția Austriacă pentru Cooperare privind implementarea Proiectului „Consolidarea cadrului instituțional în sectorul alimentării cu apă și sanitație din Republica Moldova” (faza 01), semnat la 13 mai 2016",Asistență tehnică,Elveția,13.05.2016,legis.md,,https://www.legis.md/cautare/getResults?doc_id=114452&lang=ro
HG127/2019,27.02.2019,Hotărâre,"Hotărâre privind iniţierea negocierilor şi aprobarea semnării Memorandumului de înţelegere dintre Ministerul Sănătăţii, Muncii şi Protecţiei Sociale al Republicii Moldova şi Agenţia Elveţiană pentru Dezvoltare şi Cooperare cu privire la faza finală a Proiectului „Generație Sănătoasă (Servicii de sănătate prietenoase tinerilor din Republica Moldova)”",Asistență tehnică,Elveția,,legis.md,,https://www.legis.md/cautare/getResults?doc_id=113117&lang=ro
DP1107/2019,22.02.2019,Decret,Decret pentru inițierea negocierilor asupra proiectului Acordului de finanțare între Republica Moldova și Asociația Internațională pentru Dezvoltare privind Proiectul de dezvoltare al sistemului electroenergetic (în valoare de 15 milioane USD),Împrumut,AID,,legis.md,,https://www.legis.md/cautare/getResults?doc_id=112808&lang=ro
DP1106/2019,22.02.2019,Decret,Decret pentru inițierea negocierilor asupra proiectului Acordului de finanțare între Republica Moldova și Asociația Internațională pentru Dezvoltare privind Proiectul de dezvoltare al sistemului electroenergetic (în valoare de 55 milioane USD),Împrumut,AID,,legis.md,,https://www.legis.md/cautare/getResults?doc_id=112807&lang=ro
HG77/2019,11.02.2019,Hotărâre,"Hotărâre cu privire la iniţierea negocierilor asupra proiectului Acordului de finanţare dintre Republica Moldova şi Bank of Communication Со., Ltd. Shandong Provincial Branch privind proiectul „Modernizarea şi construcţia drumului naţional M2, drumul de centură al mun. Chişinău, sectoarele nr. 2, nr. 3 şi nr. 6”",Asistență financiară,China,,legis.md,,https://www.legis.md/cautare/getResults?doc_id=112883&lang=ro
HG70/2019,11.02.2019,Hotărâre,"Hotărâre cu privire la inițierea negocierilor și aprobarea semnării celui de-al şaselea Protocol adiţional între Guvernul Republicii Moldova şi Guvernul Romîniei la Acordul dintre Guvernul Republicii Moldova şi Guvernul Romîniei privind implementarea programului de asistenţă tehnică şi financiară în baza unui ajutor financiar nerambursabil în valoare de 100 milioane de euro acordat de Romînia Republicii Moldova, semnat la Bucureşti la 27 aprilie 2010, astfel cum a fost modificat prin cele cinci Protocoale adiţionale",Asistență tehnică,România,27.04.2010,legis.md,,https://www.legis.md/cautare/getResults?doc_id=112709&lang=ro
HG60/2019,11.02.2019,Hotărâre,"Hotărâre cu privire la inițierea negocierilor şi aprobarea semnării Memorandumului de înțelegere dintre Cancelaria de Stat a Republicii Moldova şi Agenţia Elveţiană pentru Dezvoltare şi Cooperare cu privire la Programul „Valorificarea potenţialului migraţiei în Republica Moldova”, faza a II-a",Asistență tehnică,Elveția,,legis.md,,https://www.legis.md/cautare/getResults?doc_id=112699&lang=ro
HG59/2019,11.02.2019,Hotărâre,"Hotărâre cu privire la inițierea negocierilor şi aprobarea semnării Amendamentului nr.1 la Acordul de finanțare pentru Programul transnațional Dunărea 2014–2020 dintre Guvernul Republicii Moldova, Uniunea Europeană și Ministerul Economiei Naționale al Ungariei, semnat la Chișinău la 15 decembrie 2016",Grant,UE,15.12.2016,legis.md,,https://www.legis.md/cautare/getResults?doc_id=112698&lang=ro
HG46/2019,30.01.2019,Hotărâre,"Hotărâre pentru inițierea negocierilor asupra proiectelor Acordurilor de finanțare dintre Guvernul Republicii Moldova și China Citic Bank Corporation Limited privind proiectele „Reabilitarea drumului național M5, Frontiera cu Ucraina – Criva – Bălți – Chișinău – Tiraspol – frontiera cu Ucraina, sectorul Criva – Bălți” și „Reabilitarea drumului național R13, Bălți – Florești – R14”",Asistență financiară,China,,legis.md,,https://www.legis.md/cautare/getResults?doc_id=112411&lang=ro
HG28/2019,18.01.2019,Hotărâre,"Hotărâre privind implementarea Programului de cooperare pe anul 2018 între Guvernul Republicii Moldova și Guvernul României, întocmit prin schimb de scrisori la 18 decembrie 2018, în sensul articolului 1 paragraful 2 al Acordului dintre Guvernul Republicii Moldova și Guvernul României privind implementarea programului de asistență tehnică și financiară în baza unui ajutor financiar nerambursabil în valoare de 100 milioane de euro acordat de România Republicii Moldova, semnat la București la 27 aprilie 2010, astfel cum a fost modificat",Asistență tehnică,România,27.04.2010,legis.md,,https://www.legis.md/cautare/getResults?doc_id=112100&lang=ro
DP1044/2018,21.12.2018,Decret,"Decret privind inițierea negocierilor și aprobarea semnării Acordului de Grant dintre Republica Moldova, S.A. „CET-Nord” și Banca Europeană pentru Reconstrucție și Dezvoltare în vederea acordării grantului din contul Fondului Special al Acționarilor BERD în scopul realizării Proiectului „Sistemul termoenergetic al municipiului Bălți (S.A. „CET-Nord”)”",Grant,BERD,,legis.md,,https://www.legis.md/cautare/getResults?doc_id=113661&lang=ro
HG1256/2018,19.12.2018,Hotărâre,Hotărâre privind iniţierea negocierilor și aprobarea semnării Acordului de asistență financiară dintre Guvernul Republicii Moldova și Ministerul Afacerilor Externe al Republicii Bulgaria,Asistență financiară,Bulgaria,,legis.md,,https://www.legis.md/cautare/getResults?doc_id=113437&lang=ro
HG1254/2018,19.12.2018,Hotărâre,"Hotărâre privind modificarea punctului 4 din Hotărîrea Guvernului nr. 1141/2018 pentru iniţierea negocierilor şi aprobarea semnării Amendamentului nr.3 la Contractul de finanţare dintre Republica Moldova şi Banca Europeană de Investiţii „Transportul energiei electrice de către «Moldelectrica»”, semnat la 26 iunie 2012",Împrumut,BEI,26.06.2012,legis.md,,https://www.legis.md/cautare/getResults?doc_id=113436&lang=ro
DP1024/2018,18.12.2018,Decret,Decret privind promulgarea Legii pentru ratificarea Amendamentului la Acordul de finanțare dintre Republica Moldova și Asociația Internațională pentru Dezvoltare în vederea implementării Proiectului „Modernizarea sectorului sănătății în Republica Moldova”,Împrumut,AID,,legis.md,,https://www.legis.md/cautare/getResults?doc_id=111225&lang=ro
DP1005/2018,11.12.2018,Decret,"Decret cu privire la promulgarea Legii pentru ratificarea Addendumului nr.3 la Acordul de finanțare dintre Guvernul Republicii Moldova și Uniunea Europeană privind Programul-cadru de suport al acordurilor curente și viitoare dintre Republica Moldova și Uniunea Europeană, Planul național de acțiuni 2012",Grant,UE,,legis.md,,https://www.legis.md/cautare/getResults?doc_id=113360&lang=ro
LP292/2018,29.11.2018,Lege,Lege pentru ratificarea Amendamentului la Acordul de finanțare dintre Republica Moldova și Asociația Internațională pentru Dezvoltare în vederea implementării Proiectului „Modernizarea sectorului sănătății în Republica Moldova”,Împrumut,AID,,legis.md,,https://www.legis.md/cautare/getResults?doc_id=111233&lang=ro
LP287/2018,29.11.2018,Lege,"Lege pentru ratificarea Addendumului nr. 3 la Acordul de finanțare dintre Guvernul Republicii Moldova și Uniunea Europeană privind Programul-cadru de suport al acordurilor curente și viitoare dintre Republica Moldova și Uniunea Europeană, Planul național de acțiuni 2012",Grant,UE,,legis.md,,https://www.legis.md/cautare/getResults?doc_id=113362&lang=ro
HG1186/2018,28.11.2018,Hotărâre,"Hotărâre cu privire la aprobarea proiectului de lege pentru ratificarea Amendamentului la Acordul de finanţare dintre Republica Moldova şi Asociaţia Internaţională pentru Dezvoltare în vederea realizării Proiectului „Modernizarea sectorului sănătăţii în Republica Moldova”, semnat la 27 noiembrie 2018",Împrumut,AID,27.11.2018,legis.md,,https://www.legis.md/cautare/getResults?doc_id=109943&lang=ro
DP963/2018,28.11.2018,Decret,Decret privind promulgarea Legii pentru ratificarea Acordului de finanțare dintre Republica Moldova și Asociația Internațională pentru Dezvoltare în vederea realizării Proiectului de înregistrare și evaluare funciară,Împrumut,AID,,legis.md,,https://www.legis.md/cautare/getResults?doc_id=111644&lang=ro
DP953/2018,23.11.2018,Decret,Decret privind inițierea negocierilor și aprobarea semnării Amendamentului la Acordul de finanțare dintre Republica Moldova și Asociația Internațională pentru Dezvoltare în vederea realizării Proiectului „Modernizarea sectorului sănătății în Republica Moldova”,Împrumut,AID,,legis.md,,https://www.legis.md/cautare/getResults?doc_id=111632&lang=ro
HG1141/2018,21.11.2018,Hotărâre,"Hotărâre pentru iniţierea negocierilor şi aprobarea semnării Amendamentului nr.3 la Contractul de finanţare dintre Republica Moldova şi Banca Europeană de Investiţii „Transportul energiei electrice de către «Moldelectrica»”, semnat la 26 iunie 2012",Împrumut,BEI,26.06.2012,legis.md,,https://www.legis.md/cautare/getResults?doc_id=109351&lang=ro
LP240/2018,08.11.2018,Lege,Lege pentru ratificarea Acordului de finanţare dintre Republica Moldova şi Asociaţia Internaţională pentru Dezvoltare în vederea realizării Proiectului de înregistrare şi evaluare funciară,Împrumut,AID,,legis.md,,https://www.legis.md/cautare/getResults?doc_id=109782&lang=ro
HG1067/2018,08.11.2018,Hotărâre,"Hotărâre cu privire la iniţierea negocierilor şi aprobarea semnării Memorandumului de înțelegere dintre Ministerul Sănătăţii, Muncii şi Protecţiei Sociale al Republicii Moldova și Agenția Elvețiană pentru Dezvoltare și Cooperare cu privire la a doua fază a Proiectului „Suport pentru reforma serviciilor de sănătate mintală în Republica Moldova”",Asistență tehnică,Elveția,,legis.md,,https://www.legis.md/cautare/getResults?doc_id=109268&lang=ro
HG1056/2018,08.11.2018,Hotărâre,"Hotărâre cu privire la aprobarea proiectului de lege pentru ratificarea Addendumului nr. 3 la Acordul de finanțare dintre Guvernul Republicii Moldova şi Uniunea Europeană privind Programul-cadru de suport al acordurilor curente şi viitoare dintre Republica Moldova şi Uniunea Europeană, Planul național de acțiuni 2012, semnat la Bruxelles la 14 iunie 2013",Grant,UE,14.06.2013,legis.md,,https://www.legis.md/cautare/getResults?doc_id=109256&lang=ro
DP916/2018,30.10.2018,Decret,"Decret privind promulgarea Legii pentru ratificarea Înțelegerii, întocmite prin schimb de note, cu privire la modificarea Acordului de grant, întocmit prin schimb de note, dintre Guvernul Republicii Moldova și Guvernul Japoniei privind implementarea Proiectului „Agricultura conservativă – dezvoltarea unui sistem durabil de gestionare a solurilor în Republica Moldova”",Grant,Japonia,,legis.md,,https://www.legis.md/cautare/getResults?doc_id=107095&lang=ro
HG1016/2018,17.10.2018,Hotărâre,"Hotărâre cu privire la inițierea negocierilor asupra proiectelor acordurilor de finanțare dintre Guvernul Republicii Moldova și Banca Industrială şi Comercială din China (ICBC) privind proiectele „Reabilitarea drumului național M5, Frontiera cu Ucraina – Criva – Bălți – Chișinău – Tiraspol – frontiera cu Ucraina, sectorul Criva – Bălți” și „Reabilitarea drumului național R13, Bălți – Florești – R14”",Asistență financiară,China,,legis.md,,https://www.legis.md/cautare/getResults?doc_id=109207&lang=ro
HG1012/2018,17.10.2018,Hotărâre,Hotărâre privind inițierea negocierilor și aprobarea semnării Acordului de grant nr. TF0A6821 dintre Guvernul Republicii Moldova şi Banca Internațională pentru Reconstrucție și Dezvoltare/Asociaţia Internaţională pentru Dezvoltare în vederea realizării Proiectului „Piața energetică transparentă”,Grant,BIRD / AID,,legis.md,,https://www.legis.md/cautare/getResults?doc_id=109203&lang=ro
LP205/2018,11.10.2018,Lege,"Lege pentru ratificarea Înțelegerii, întocmite prin schimb de note, cu privire la modificarea Acordului de grant, întocmit prin schimb de note, dintre Guvernul Republicii Moldova și Guvernul Japoniei privind implementarea Proiectului „Agricultura conservativă – dezvoltarea unui sistem durabil de gestionare a solurilor în Republica Moldova”",Grant,Japonia,,legis.md,,https://www.legis.md/cautare/getResults?doc_id=109731&lang=ro
HG976/2018,10.10.2018,Hotărâre,"Hotărâre cu privire la aprobarea proiectului de lege pentru ratificarea Acordului de finanţare dintre Republica Moldova şi Asociaţia Internaţională pentru Dezvoltare în vederea realizării Proiectului de înregistrare şi evaluare funciară, semnat la 17 septembrie 2018",Împrumut,AID,17.09.2018,legis.md,,https://www.legis.md/cautare/getResults?doc_id=109163&lang=ro
HG925/2018,24.09.2018,Hotărâre,"Hotărâre cu privire la inițierea negocierilor și aprobarea semnării Amendamentului nr. 2 la Contractul de finanțare dintre Republica Moldova și Banca Europeană de Investiții în vederea implementării Proiectului „Livada Moldovei”, semnat la Chișinău la 31 iulie 2014",Împrumut,BEI,31.07.2014,legis.md,,https://www.legis.md/cautare/getResults?doc_id=109101&lang=ro
HG920/2018,24.09.2018,Hotărâre,"Hotărâre cu privire la inițierea negocierilor și aprobarea semnării Addendumului nr.3 la Acordul de finanțare dintre Guvernul Republicii Moldova şi Uniunea Europeană privind Programul-cadru de suport al acordurilor curente şi viitoare dintre Uniunea Europeană şi Republica Moldova (PNA 2012), semnat la Bruxelles la 14 iunie 2013",Grant,UE,14.06.2013,legis.md,,https://www.legis.md/cautare/getResults?doc_id=109094&lang=ro
HG899/2018,12.09.2018,Hotărâre,"Hotărâre privind aprobarea proiectului de lege pentru ratificarea Înțelegerii, întocmite prin schimb de note la 29 iunie 2018, cu privire la modificarea Acordului de grant, întocmit prin schimb de note, dintre Guvernul Republicii Moldova și Guvernul Japoniei privind implementarea Proiectului „Agricultura conservativă – dezvoltarea unui sistem durabil de gestionare a solurilor în Republica Moldova”, semnat la Chișinău la 7 martie 2017",Grant,Japonia,07.03.2017,legis.md,,https://www.legis.md/cautare/getResults?doc_id=109073&lang=ro
DP864/2018,23.08.2018,Decret,Decret cu privire la aprobarea semnării Acordului de finanțare dintre Republica Moldova și Asociația Internațională pentru Dezvoltare în vederea realizării Proiectului de înregistrare și evaluare funciară,Împrumut,AID,,legis.md,,https://www.legis.md/cautare/getResults?doc_id=107029&lang=ro
DP830/2018,14.08.2018,Decret,Decret privind promulgarea Legii pentru ratificarea Acordului-cadru de împrumut dintre Republica Moldova și Banca de Dezvoltare a Consiliului Europei pentru realizarea Proiectului privind procurarea ambulanțelor,Împrumut,CEB,,legis.md,,https://www.legis.md/cautare/getResults?doc_id=106987&lang=ro
HG787/2018,01.08.2018,Hotărâre,Hotărâre pentru inițierea negocierilor și aprobarea semnării Acordului de finanțare dintre Guvernul Republicii Moldova și Comisia Europeană cu privire la alimentarea cu apă și sanitație în raionul Cahul,Grant,UE,,legis.md,,https://www.legis.md/cautare/getResults?doc_id=108952&lang=ro
DP798/2018,31.07.2018,Decret,"Decret privind promulgarea Legii pentru ratificarea Acordului de împrumut dintre Republica Moldova și Banca Europeană pentru Reconstrucție și Dezvoltare privind implementarea proiectului „Interconectarea rețelelor de energie electrică dintre Republica Moldova și România, Faza I”",Împrumut,BERD,,legis.md,,https://www.legis.md/cautare/getResults?doc_id=106931&lang=ro
LP171/2018,26.07.2018,Lege,Lege pentru ratificarea Acordului-cadru de împrumut dintre Republica Moldova și Banca de Dezvoltare a Consiliului Europei pentru realizarea Proiectului privind procurarea ambulanțelor,Împrumut,CEB,,legis.md,,https://www.legis.md/cautare/getResults?doc_id=105527&lang=ro
DP793/2018,26.07.2018,Decret,Decret pentru inițierea negocierilor asupra proiectului Acordului de finanțare dintre Republica Moldova și Asociația Internațională pentru Dezvoltare în vederea realizării Proiectului de înregistrare și evaluare funciară,Împrumut,AID,,legis.md,,https://www.legis.md/cautare/getResults?doc_id=106919&lang=ro
HG760/2018,25.07.2018,Hotărâre,Hotărâre cu privire la inițierea negocierilor și aprobarea semnării Addendumului nr.1 la Acordul de finanțare dintre Guvernul Republicii Moldova și Uniunea Europeană privind Facilitatea pentru societatea civilă,Grant,UE,,legis.md,,https://www.legis.md/cautare/getResults?doc_id=108916&lang=ro
HG752/2018,25.07.2018,Hotărâre,Hotărâre cu privire la inițierea negocierilor și aprobarea semnării Acordului de finanțare dintre Guvernul Republicii Moldova și Comisia Europeană privind responsabilizarea cetățenilor în Republica Moldova,Grant,UE,,legis.md,,https://www.legis.md/cautare/getResults?doc_id=108907&lang=ro
HG744/2018,25.07.2018,Hotărâre,"Hotărâre pentru inițierea negocierilor asupra proiectului Acordului de finanţare dintre Guvernul Republicii Moldova şi Comisia Europeană cu privire la consolidarea potențialului de creștere a Republicii Moldova printr-un mediu economic transparent, eficient, competitiv și rezistent",Grant,UE,,legis.md,,https://www.legis.md/cautare/getResults?doc_id=108896&lang=ro
LP150/2018,20.07.2018,Lege,"Lege pentru ratificarea Acordului de împrumut dintre Republica Moldova și Banca Europeană pentru Reconstrucție și Dezvoltare privind implementarea proiectului „Interconectarea rețelelor de energie electrică dintre Republica Moldova și România, Faza I”",Împrumut,BERD,,legis.md,,https://www.legis.md/cautare/getResults?doc_id=105508&lang=ro
HG734/2018,18.07.2018,Hotărâre,"Hotărâre cu privire la aprobarea proiectului de lege pentru ratificarea Acordului-cadru de împrumut dintre Guvernul Republicii Moldova și Banca de Dezvoltare a Consiliului Europei pentru realizarea Proiectului privind procurarea ambulanțelor, semnat la Chișinău la 12 iulie 2018",Împrumut,CEB,12.07.2018,legis.md,,https://www.legis.md/cautare/getResults?doc_id=108882&lang=ro
HG731/2018,18.07.2018,Hotărâre,"Hotărâre cu privire la inițierea negocierilor și aprobarea semnării Amendamentului nr. 1 la Contractul de finanțare dintre Republica Moldova și Banca Europeană de Investiții pentru realizarea Proiectului de reabilitare a drumurilor din Republica Moldova, semnat la Luxembourg la 25 iunie 2013",Împrumut,BEI,25.06.2013,legis.md,,https://www.legis.md/cautare/getResults?doc_id=108878&lang=ro
DP777/2018,16.07.2018,Decret,Decret privind promulgarea Legii pentru ratificarea Contractului de finanțare dintre Republica Moldova şi Banca Europeană de Investiții privind interconectarea electrică Moldova–România,Împrumut,BEI,,legis.md,,https://www.legis.md/cautare/getResults?doc_id=106902&lang=ro
DP776/2018,16.07.2018,Decret,Decret privind promulgarea Legii pentru ratificarea Acordului de finanțare dintre Republica Moldova și Asociația Internațională pentru Dezvoltare privind „Programul de guvernanță economică pentru Republica Moldova (DPO-3)”,Împrumut,AID,,legis.md,,https://www.legis.md/cautare/getResults?doc_id=106901&lang=ro
LP128/2018,13.07.2018,Lege,Lege pentru ratificarea Contractului de finanțare dintre Republica Moldova și Banca Europeană de Investiții privind interconectarea electrică Moldova–România,Împrumut,BEI,,legis.md,,https://www.legis.md/cautare/getResults?doc_id=105491&lang=ro
LP127/2018,13.07.2018,Lege,Lege pentru ratificarea Acordului de finanțare dintre Republica Moldova şi Asociația Internațională pentru Dezvoltare privind „Programul de guvernanță economică pentru Republica Moldova (DPO-3)”,Împrumut,AID,,legis.md,,https://www.legis.md/cautare/getResults?doc_id=105490&lang=ro
HG659/2018,11.07.2018,Hotărâre,"Hotărâre cu privire la aprobarea proiectului de lege pentru ratificarea Contractului de finanțare dintre Republica Moldova și Banca Europeană de Investiții privind interconectarea electrică Moldova–România, semnat la Chișinău la 20 decembrie 2017",Împrumut,BEI,20.12.2017,legis.md,,https://www.legis.md/cautare/getResults?doc_id=108790&lang=ro
HG658/2018,11.07.2018,Hotărâre,"Hotărâre cu privire la aprobarea proiectului de lege pentru ratificarea Acordului de împrumut dintre Republica Moldova și Banca Europeană pentru Reconstrucție și Dezvoltare privind implementarea proiectului „Interconectarea rețelelor de energie electrică dintre Republica Moldova și România, Faza I”, semnat la Chișinău la 20 decembrie 2017",Împrumut,BERD,20.12.2017,legis.md,,https://www.legis.md/cautare/getResults?doc_id=108789&lang=ro
HG655/2018,11.07.2018,Hotărâre,"Hotărâre cu privire la aprobarea proiectului de lege pentru ratificarea Acordului de finanțare dintre Republica Moldova și Asociația Internațională pentru Dezvoltare privind „Programul de guvernanță economică pentru Republica Moldova (DPO-3)”, semnat la Chișinău la 11 iulie 2018",Împrumut,AID,11.07.2018,legis.md,,https://www.legis.md/cautare/getResults?doc_id=108786&lang=ro
HG651/2018,11.07.2018,Hotărâre,Hotărâre cu privire la aprobarea semnării Acordului-cadru de împrumut dintre Guvernul Republicii Moldova şi Banca de Dezvoltare a Consiliului Europei pentru realizarea Proiectului privind procurarea ambulanțelor,Împrumut,CEB,,legis.md,,https://www.legis.md/cautare/getResults?doc_id=108782&lang=ro
HG584/2018,20.06.2018,Hotărâre,"Hotărâre pentru iniţierea negocierilor şi aprobarea semnării Înțelegerii, întocmite prin schimb de note, cu privire la modificarea Acordului de grant, întocmit prin schimb de note, dintre Guvernul Republicii Moldova și Guvernul Japoniei privind implementarea Proiectului „Agricultura conservativă – dezvoltarea unui sistem durabil de gestionare a solurilor în Republica Moldova”, semnat la Chișinău la 7 martie 2017",Grant,Japonia,07.03.2017,legis.md,,https://www.legis.md/cautare/getResults?doc_id=108713&lang=ro
DPRM744/2018,15.06.2018,Decret,Decret pentru aprobarea semnării Acordului de finanțare dintre Republica Moldova și Asociația Internațională pentru Dezvoltare privind „Programul de guvernanță economică pentru Republica Moldova (DPO-3)”,Împrumut,AID,,legis.md,,https://www.legis.md/cautare/getResults?doc_id=106866&lang=ro
DPRM739/2018,12.06.2018,Decret,Decret cu privire la promulgarea Legii pentru ratificarea Amendamentului nr.1 la Acordul-cadru de împrumut dintre Republica Moldova și Banca de Dezvoltare a Consiliului Europei F/P 1569 (2006),Împrumut,CEB,,legis.md,,https://www.legis.md/cautare/getResults?doc_id=106857&lang=ro
DPRM737/2018,07.06.2018,Decret,Decret privind promulgarea Legii pentru ratificarea Acordului de finanțare (finanțare adițională pentru proiectul „Reforma învățămîntului în Moldova”) dintre Republica Moldova și Asociația Internațională pentru Dezvoltare,Împrumut,AID,,legis.md,,https://www.legis.md/cautare/getResults?doc_id=106854&lang=ro
LP88/2018,24.05.2018,Lege,Lege pentru ratificarea Acordului de finanţare (finanţare adiţională pentru proiectul „Reforma învăţămîntului în Moldova”) dintre Republica Moldova şi Asociaţia Internaţională pentru Dezvoltare,Împrumut,AID,,legis.md,,https://www.legis.md/cautare/getResults?doc_id=105462&lang=ro
LP87/2018,24.05.2018,Lege,Lege pentru ratificarea Amendamentului nr. 1 la Acordul -cadru de împrumut dintre Republica Moldova şi Banca de Dezvoltare a Consiliului Europei F/P 1569 (2006),Împrumut,CEB,,legis.md,,https://www.legis.md/cautare/getResults?doc_id=105461&lang=ro
DPRM724/2018,21.05.2018,Decret,Decret cu privire la inițierea negocierilor asupra proiectului Acordului de finanțare dintre Republica Moldova și Asociația Internațională pentru Dezvoltare privind „Programul de guvernanță economică pentru Republica Moldova (DPO-3)”,Împrumut,AID,,legis.md,,https://www.legis.md/cautare/getResults?doc_id=106841&lang=ro
HG455/2018,16.05.2018,Hotărâre,Hotărâre cu privire la iniţierea negocierilor asupra proiectului Acordului-cadru de împrumut dintre Guvernul Republicii Moldova şi Banca de Dezvoltare a Consiliului Europei pentru realizarea Proiectului privind procurarea ambulanțelor şi acordarea împuternicirilor pentru negocierea acestuia,Împrumut,CEB,,legis.md,,https://www.legis.md/cautare/getResults?doc_id=101740&lang=ro
HG446/2018,16.05.2018,Hotărâre,"Hotărâre cu privire la inițierea negocierilor şi aprobarea semnării celui de-al treilea Amendament la Acordul de asistență privind obiectivul de dezvoltare dintre Guvernul Republicii Moldova şi Guvernul Statelor Unite ale Americii pentru o guvernare democratică mai eficientă și mai responsabilă, semnat la Chișinău la 28 septembrie 2016",Grant,SUA,28.09.2016,legis.md,,https://www.legis.md/cautare/getResults?doc_id=101765&lang=ro
HG439/2018,16.05.2018,Hotărâre,Hotărâre cu privire la inițierea negocierilor asupra proiectului Acordului de finanțare dintre Guvernul Republicii Moldova și Asociația Internațională pentru Dezvoltare privind „Programul de guvernanță economică pentru Republica Moldova (DPO-3)”,Împrumut,AID,,legis.md,,https://www.legis.md/cautare/getResults?doc_id=101772&lang=ro
HG387/2018,25.04.2018,Hotărâre,"Hotărâre pentru inițierea negocierilor şi aprobarea semnării Addendumului nr. 1, întocmit prin schimb de scrisori, la Acordul de finanțare dintre Guvernul Republicii Moldova şi Uniunea Europeană privind Programul de suport bugetar pentru reforma poliției în Republica Moldova pentru anii 2017-2020, semnat la 14 decembrie 2016",Grant,UE,14.12.2016,legis.md,da,https://www.legis.md/cautare/getResults?doc_id=103036&lang=ro
HG358/2018,18.04.2018,Hotărâre,"Hotărâre cu privire la aprobarea proiectului de lege pentru ratificarea Amendamentului nr.1 la Acordul-cadru de împrumut dintre Republica Moldova și Banca de Dezvoltare a Consiliului Europei F/P 1569 (2006), semnat la Chișinău la 11 aprilie 2018",Împrumut,CEB,11.04.2018,legis.md,,https://www.legis.md/cautare/getResults?doc_id=103006&lang=ro
HG346/2018,18.04.2018,Hotărâre,"Hotărâre cu privire la inițierea negocierilor şi aprobarea semnării celui de-al doilea Amendament la Acordul de asistență privind obiectivul de dezvoltare dintre Guvernul Republicii Moldova şi Guvernul Statelor Unite ale Americii pentru o guvernare democratică mai eficientă și mai responsabilă, semnat la Chișinău la 28 septembrie 2016",Grant,SUA,28.09.2016,legis.md,,https://www.legis.md/cautare/getResults?doc_id=102994&lang=ro
HG345/2018,18.04.2018,Hotărâre,"Hotărâre cu privire la iniţierea negocierilor şi aprobarea semnării celui de-al treilea Amendament la Acordul de asistenţă privind obiectivul de dezvoltare dintre Guvernul Republicii Moldova şi Guvernul Statelor Unite ale Americii pentru creșterea comerțului și a investițiilor în sectoarele-cheie, semnat la Chișinău la 28 septembrie 2016",Grant,SUA,28.09.2016,legis.md,,https://www.legis.md/cautare/getResults?doc_id=102993&lang=ro
HG344/2018,18.04.2018,Hotărâre,"Hotărâre cu privire la iniţierea negocierilor şi aprobarea semnării celui de-al optulea Amendament la Acordul de asistenţă dintre Guvernul Republicii Moldova şi Guvernul Statelor Unite ale Americii pentru programul de consolidare a instituțiilor statului de drept, semnat la Chișinău la 22 iulie 2011",Grant,SUA,22.07.2011,legis.md,,https://www.legis.md/cautare/getResults?doc_id=102992&lang=ro
HG343/2018,18.04.2018,Hotărâre,"Hotărâre cu privire la iniţierea negocierilor şi aprobarea semnării celui de-al optulea Amendament la Acordul de asistenţă dintre Guvernul Republicii Moldova şi Guvernul Statelor Unite ale Americii pentru proiectul de susținere a autorităților publice locale, semnat la Chișinău la 17 septembrie 2010",Grant,SUA,17.09.2010,legis.md,,https://www.legis.md/cautare/getResults?doc_id=102991&lang=ro
HG342/2018,18.04.2018,Hotărâre,"Hotărâre cu privire la iniţierea negocierilor şi aprobarea semnării celui de-al șaptelea Amendament la Acordul de asistenţă dintre Guvernul Republicii Moldova şi Guvernul Statelor Unite ale Americii pentru creștere economică, semnat la Chișinău la 6 iulie 2010",Grant,SUA,06.07.2010,legis.md,,https://www.legis.md/cautare/getResults?doc_id=102990&lang=ro
HG337/2018,18.04.2018,Hotărâre,"Hotărâre cu privire la aprobarea proiectului de lege pentru ratificarea Acordului de finanţare (Finanţare adiţională pentru Proiectul Reforma Învăţămîntului în Moldova) dintre Republica Moldova şi Asociaţia Internaţională pentru Dezvoltare, semnat la Chișinău la 12 martie 2018",Împrumut,AID,12.03.2018,legis.md,,https://www.legis.md/cautare/getResults?doc_id=102985&lang=ro
HG306/2018,04.04.2018,Hotărâre,Hotărâre cu privire la inițierea negocierilor și aprobarea semnării Amendamentului nr.1 la Acordul-cadru de împrumut dintre Republica Moldova şi Banca de Dezvoltare a Consiliului Europei F/P 1569 (2006),Împrumut,CEB,,legis.md,,https://www.legis.md/cautare/getResults?doc_id=102288&lang=ro
DPRM660/2018,29.03.2018,Decret,Decret privind promulgarea Legii pentru ratificarea Amendamentului nr. 1 și Amendamentului nr. 2 la Contractul de finanțare dintre Republica Moldova şi Banca Europeană de Investiții privind realizarea Proiectului de reabilitare a drumurilor din Republica Moldova,Împrumut,BEI,,legis.md,,https://www.legis.md/cautare/getResults?doc_id=106771&lang=ro
DP644/2018,19.03.2018,Decret,Decret privind promulgarea Legii pentru ratificarea Acordului de finanțare dintre Republica Moldova și Asociația Internațională pentru Dezvoltare și a Acordului de împrumut dintre Republica Moldova și Banca Internațională pentru Reconstrucție și Dezvoltare în vederea realizării proiectului „Modernizarea serviciilor guvernamentale”,Împrumut,BIRD / AID,,legis.md,,https://www.legis.md/cautare/getResults?doc_id=106752&lang=ro
LP37/2018,16.03.2018,Lege,Lege pentru ratificarea Amendamentului nr. 1 și Amendamentului nr. 2 la Contractul de finanţare dintre Republica Moldova şi Banca Europeană de Investiţii privind realizarea Proiectului de reabilitare a drumurilor din Republica Moldova,Împrumut,BEI,,legis.md,,https://www.legis.md/cautare/getResults?doc_id=105423&lang=ro
LP25/2018,01.03.2018,Lege,Lege pentru ratificarea Acordului de finanțare dintre Republica Moldova și Asociația Internațională pentru Dezvoltare și a Acordului de împrumut dintre Republica Moldova și Banca Internațională pentru Reconstrucție și Dezvoltare în vederea realizării proiectului „Modernizarea serviciilor guvernamentale”,Împrumut,BIRD / AID,,legis.md,,https://www.legis.md/cautare/getResults?doc_id=105410&lang=ro
HG157/2018,14.02.2018,Hotărâre,"Hotărâre cu privire la aprobarea proiectului de lege pentru ratificarea Amendamentului nr. 1 și Amendamentului nr. 2 la Contractul de finanţare dintre Republica Moldova şi Banca Europeană de Investiţii pentru realizarea Proiectului de reabilitare a drumurilor din Republica Moldova, semnate la Chișinău la 23 noiembrie 2010",Împrumut,BEI,,legis.md,,https://www.legis.md/cautare/getResults?doc_id=102087&lang=ro
HG155/2018,14.02.2018,Hotărâre,"Hotărâre cu privire la inițierea negocierilor și aprobarea semnării Amendamentului nr. 1 la Contractul de finanțare dintre Republica Moldova și Banca Europeană de Investiții pentru realizarea Proiectului de reabilitare a drumurilor din Republica Moldova, semnat la Chișinău la 23 noiembrie 2010",Împrumut,BEI,23.11.2010,legis.md,,https://www.legis.md/cautare/getResults?doc_id=102085&lang=ro
DPRM594/2018,01.02.2018,Decret,Decret pentru aprobarea semnării Acordului de finanțare (Finanțare Adițională pentru Proiectul Reforma Învățămîntului în Moldova) dintre Republica Moldova și Asociația Internațională pentru Dezvoltare,Împrumut,AID,,legis.md,,https://www.legis.md/cautare/getResults?doc_id=106694&lang=ro
HG52/2018,17.01.2018,Hotărâre,"Hotărâre cu privire la aprobarea proiectului de lege pentru ratificarea Acordului de finanțare dintre Republica Moldova și Asociația Internațională pentru Dezvoltare și a Acordului de împrumut dintre Republica Moldova și Banca Internațională pentru Reconstrucție și Dezvoltare în vederea realizării proiectului „Modernizarea serviciilor guvernamentale”, semnate la Chișinău la 28 noiembrie 2017",Împrumut,BIRD / AID,,legis.md,,https://www.legis.md/cautare/getResults?doc_id=102005&lang=ro
DPRM536/2018,28.12.2017,Decret,Decret privind promulgarea Legii pentru ratificarea Acordului de grant dintre Republica Moldova și Uniunea Europeană privind asistența macrofinanciară pentru Republica Moldova,Grant,UE,,legis.md,da,https://www.legis.md/cautare/getResults?doc_id=107268&lang=ro
DPRM535/2018,28.12.2017,Decret,Decret privind promulgarea Legii pentru ratificarea Acordului de împrumut dintre Republica Moldova și Uniunea Europeană privind asistența macrofinanciară pentru Republica Moldova și a Memorandumului de înțelegere ca parte integrantă a acestui acord,Împrumut,UE,,legis.md,da,https://www.legis.md/cautare/getResults?doc_id=107266&lang=ro
DPRM510/2017,22.12.2017,Decret,Decret privind inițierea negocierilor asupra proiectului Acordului de finanțare (Finanțare Adițională pentru Proiectul Reforma Învățămîntului în Moldova) dintre Republica Moldova și Asociația Internațională pentru Dezvoltare,Împrumut,AID,,legis.md,,https://www.legis.md/cautare/getResults?doc_id=107237&lang=ro
HG1105/2017,20.12.2017,Hotărâre,"Hotărâre cu privire la aprobarea proiectului de lege pentru ratificarea Amendamentului nr. 2 la Contractul de finanţare dintre Republica Moldova şi Banca Europeană de Investiţii pentru realizarea Proiectului de reabilitare a drumurilor din Republica Moldova, semnat la Chișinău la 12 decembrie 2017",Împrumut,BEI,12.12.2017,legis.md,,https://www.legis.md/cautare/getResults?doc_id=102451&lang=ro
LP278/2018,15.12.2017,Lege,Lege pentru ratificarea Acordului de grant dintre Republica Moldova şi Uniunea Europeană privind asistența macrofinanciară pentru Republica Moldova,Grant,UE,,legis.md,da,https://www.legis.md/cautare/getResults?doc_id=105651&lang=ro
LP272/2017,15.12.2017,Lege,Lege pentru ratificarea Acordului de împrumut dintre Republica Moldova şi Uniunea Europeană privind asistența macrofinanciară pentru Republica Moldova şi a Memorandumului de înţelegere ca parte integrantă a acestui acord,Împrumut,UE,,legis.md,da,https://www.legis.md/cautare/getResults?doc_id=105644&lang=ro
DPRM486/2017,15.12.2017,Decret,"Decret privind aprobarea semnării Acordului de împrumut dintre Republica Moldova şi Banca Europeană pentru Reconstrucție și Dezvoltare privind implementarea proiectului „Interconectarea rețelelor de energie electrică dintre Republica Moldova și România, Faza I”",Împrumut,BERD,,legis.md,,https://www.legis.md/cautare/getResults?doc_id=107208&lang=ro
HG1084/2017,13.12.2017,Hotărâre,Hotărâre pentru aprobarea semnării Contractului de finanțare între Republica Moldova şi Banca Europeană de Investiții privind interconectarea electrică Moldova – România,Împrumut,BEI,,legis.md,,https://www.legis.md/cautare/getResults?doc_id=102425&lang=ro
HG1074/2017,13.12.2017,Hotărâre,"Hotărâre cu privire la inițierea negocierilor și aprobarea semnării Înțelegerii, prin schimb de note, dintre Guvernul Republicii Moldova și Guvernul Republicii Federale Germania privind colaborarea financiară pentru anul 2016 (proiectul „Iniţiativa sanitaţie”)",Grant,Germania,,legis.md,,https://www.legis.md/cautare/getResults?doc_id=102410&lang=ro
HG1054/2017,06.12.2017,Hotărâre,Hotărâre pentru inițierea negocierilor asupra proiectului Contractului de finanțare între Republica Moldova şi Banca Europeană de Investiții privind interconectarea electrică Moldova – România şi acordarea împuternicirilor pentru negocierea acestuia,Împrumut,BEI,,legis.md,,https://www.legis.md/cautare/getResults?doc_id=101712&lang=ro
DPRM472/2017,04.12.2017,Decret,Decret pentru inițierea negocierilor și aprobarea semnării Addendumului nr.5 la Acordul de finanțare dintre Republica Moldova și Comisia Europeană privind Programul de suport bugetar în domeniul reformei sectorului energetic,Grant,UE,,legis.md,da,https://www.legis.md/cautare/getResults?doc_id=101677&lang=ro
HG1027/2017,30.11.2017,Hotărâre,"Hotărâre cu privire la inițierea negocierilor şi aprobarea semnării Amendamentului nr. 2 la Contractul de finanţare dintre Republica Moldova şi Banca Europeană de Investiţii pentru realizarea Proiectului de reabilitare a drumurilor din Republica Moldova, semnat la Chișinău la 23 noiembrie 2010",Împrumut,BEI,23.11.2010,legis.md,,https://www.legis.md/cautare/getResults?doc_id=101890&lang=ro
HG1026/2017,30.11.2017,Hotărâre,"Hotărâre cu privire la aprobarea proiectului de lege pentru ratificarea Acordului de împrumut dintre Republica Moldova şi Uniunea Europeană privind asistența macrofinanciară pentru Republica Moldova şi a Memorandumului de înţelegere ca parte integrantă a acestui Acord, semnate la Bruxelles la 23 noiembrie 2017",Împrumut,UE,,legis.md,da,https://www.legis.md/cautare/getResults?doc_id=101888&lang=ro
HG1025/2017,30.11.2017,Hotărâre,"Hotărâre cu privire la aprobarea proiectului de lege pentru ratificarea Acordului de grant dintre Republica Moldova şi Uniunea Europeană privind asistența macrofinanciară pentru Republica Moldova, semnat la Bruxelles la 23 noiembrie 2017",Grant,UE,23.11.2017,legis.md,da,https://www.legis.md/cautare/getResults?doc_id=101886&lang=ro
DPRM461/2017,27.11.2017,Decret,Decret pentru inițierea negocierilor și aprobarea semnării Addendumului nr.2 la Acordul de finanțare dintre Republica Moldova și Comisia Europeană privind Proiectul Energie și Biomasă,Grant,UE,,legis.md,,https://www.legis.md/cautare/getResults?doc_id=101366&lang=ro
DPRM450/2017,20.11.2017,Decret,"Decret privind inițierea negocierilor asupra proiectului Acordului de împrumut dintre Republica Moldova şi Banca Europeană pentru Reconstrucție și Dezvoltare privind implementarea proiectului „Interconectarea rețelelor de energie electrică dintre Republica Moldova și România, Faza I”",Împrumut,BERD,,legis.md,,https://www.legis.md/cautare/getResults?doc_id=101480&lang=ro
HG981/2017,15.11.2017,Hotărâre,Hotărâre cu privire la aprobarea semnării Acordului de împrumut dintre Republica Moldova şi Uniunea Europeană privind asistența macrofinanciară pentru Republica Moldova şi a Memorandumului de înţelegere ca parte integrantă a acestui Acord,Împrumut,UE,,legis.md,da,https://www.legis.md/cautare/getResults?doc_id=102827&lang=ro
DPRM445/2017,15.11.2017,Decret,Decret cu privire la inițierea negocierilor și aprobarea semnării proiectului Acordului de Grant dintre Republica Moldova și Uniunea Europeană privind asistența macrofinanciară pentru Republica Moldova,Grant,UE,,legis.md,da,https://www.legis.md/cautare/getResults?doc_id=101171&lang=ro
DP410/2017,24.10.2017,Decret,Decret privind aprobarea semnării Acordului de finanțare dintre Republica Moldova și Asociația Internațională pentru Dezvoltare și a Acordului de împrumut dintre Republica Moldova și Banca Internațională pentru Reconstrucție și Dezvoltare în vederea realizării proiectului „Modernizarea serviciilor guvernamentale”,Împrumut,BIRD / AID,,legis.md,,https://www.legis.md/cautare/getResults?doc_id=101566&lang=ro
HG831/2017,18.10.2017,Hotărâre,"Hotărâre pentru iniţierea negocierilor şi aprobarea semnării Acordului, întocmit prin schimb de note, între Guvernul Republicii Moldova, Comisia Europeană şi Guvernul Ucrainei privind prelungirea mandatului Misiunii Comisiei Europene de Asistenţă la Frontieră în Republica Moldova şi în Ucraina pînă la 30 noiembrie 2020",Grant,UE,,legis.md,,https://www.legis.md/cautare/getResults?doc_id=102671&lang=ro
HG802/2017,11.10.2017,Hotărâre,"Hotărâre pentru inițierea negocierilor și aprobarea semnării Addendumului nr.1 la Acordul de finanțare dintre Guvernul Republicii Moldova și Uniunea Europeană cu privire la reabilitarea rețelelor de transport electric ale Î.S. „Moldelectrica”, semnat la Chișinău la 17 decembrie 2012",Grant,UE,17.12.2012,legis.md,,https://www.legis.md/cautare/getResults?doc_id=102647&lang=ro
HG763/2017,27.09.2017,Hotărâre,Hotărâre cu privire la iniţierea negocierilor asupra proiectului Acordului de împrumut dintre Republica Moldova şi Uniunea Europeană privind asistența macrofinanciară pentru Republica Moldova şi al Memorandumului de înţelegere ca parte integrantă a acestui Acord,Împrumut,UE,,legis.md,da,https://www.legis.md/cautare/getResults?doc_id=102631&lang=ro
HG758/2017,27.09.2017,Hotărâre,Hotărâre cu privire la inițierea negocierilor și aprobarea semnării Acordului dintre Cancelaria de Stat a Republicii Moldova și Agenția Elvețiană pentru Dezvoltare și Cooperare privind implementarea proiectului „Consolidarea cadrului instituțional al Republicii Moldova în domeniul migrației și dezvoltării” în faza a II-a,Asistență tehnică,Elveția,,legis.md,,https://www.legis.md/cautare/getResults?doc_id=101930&lang=ro
HG733/2017,13.09.2017,Hotărâre,"Hotărâre cu privire la iniţierea negocierilor şi aprobarea semnării primului Amendament la Acordul de asistenţă privind obiectivul de dezvoltare dintre Guvernul Republicii Moldova şi Guvernul Statelor Unite ale Americii pentru o guvernare democratică mai eficientă şi mai responsabilă, semnat la Chişinău la 28 septembrie 2016",Grant,SUA,28.09.2016,legis.md,,https://www.legis.md/cautare/getResults?doc_id=101879&lang=ro
HG732/2017,13.09.2017,Hotărâre,"Hotărâre cu privire la iniţierea negocierilor şi aprobarea semnării celui de al doilea Amendament la Acordul de asistenţă privind obiectivul de dezvoltare dintre Guvernul Republicii Moldova şi Guvernul Statelor Unite ale Americii pentru creşterea comerţului şi a investiţiilor în sectoarele-cheie, semnat la Chişinău la 28 septembrie 2016",Grant,SUA,28.09.2016,legis.md,,https://www.legis.md/cautare/getResults?doc_id=101878&lang=ro
DPRM371/2017,08.09.2017,Decret,"Decret privind aprobarea semnării Acordului de împrumut între Republica Moldova și Banca Internaţională pentru Reconstrucţie și Dezvoltare​, Acordului de finanțare între Republica Moldova și Asociația Internațională de Dezvoltare și Acordului de grant între Republica Moldova și Banca Internațională pentru Reconstrucție și Dezvoltare în vederea realizării Proiectului „Adaptarea la schimbările climatice”",Împrumut,BIRD / AID,,legis.md,,https://www.legis.md/cautare/getResults?doc_id=107171&lang=ro
HG646/2017,15.08.2017,Hotărâre,"Hotărâre privind iniţierea negocierilor şi aprobarea semnării Amendamentului, încheiat prin schimb de scrisori, la Acordul de finanţare dintre Guvernul Republicii Moldova şi Uniunea Europeană privind Programul de suport al instituirii Zonei de Liber Schimb Aprofundat și Cuprinzător în Republica Moldova, semnat la 6 noiembrie 2014",Grant,UE,06.11.2014,legis.md,,https://www.legis.md/cautare/getResults?doc_id=101594&lang=ro
HG634/2017,14.08.2017,Hotărâre,"Hotărâre pentru iniţierea negocierilor şi aprobarea semnării Amendamentului, încheiat prin schimb de scrisori, la Acordul de finanțare dintre Guvernul Republicii Moldova și Uniunea Europeană privind Programul-cadru de suport al acordurilor dintre Republica Moldova și Uniunea Europeană (Planul naţional de acțiuni 2013), încheiat la 23 aprilie 2014",Grant,UE,,legis.md,,https://www.legis.md/cautare/getResults?doc_id=101582&lang=ro
DPRM295/2017,26.07.2017,Decret,Decret privind promulgarea Legii pentru ratificarea Acordului de avans dintre Republica Moldova și Banca Internațională pentru Reconstrucție și Dezvoltare pentru pregătirea proiectului propus „Modernizarea serviciilor guvernamentale”,Împrumut,BIRD,,legis.md,,https://www.legis.md/cautare/getResults?doc_id=100381&lang=ro
DPRM291/2017,24.07.2017,Decret,"Decret privind promulgarea Legii pentru ratificarea Acordului de finanțare dintre Republica Moldova, Fondul Internațional pentru Dezvoltarea Agricolă și Fondul fiduciar al Programului de adaptare a micilor producători în vederea realizării Proiectului de Reziliență Rurală (IFAD VII)",Asistență financiară,FIDA,,legis.md,,https://www.legis.md/cautare/getResults?doc_id=100251&lang=ro
DPRM286/2017,20.07.2017,Decret,"Decret privind promulgarea Legii pentru ratificarea Acordului de finanțare dintre Guvernul Republicii Moldova, Uniunea Europeană și Ministerul Dezvoltării Regionale și Administrației Publice al României privind Programul Operațional Comun Bazinul Mării Negre 2014–2020 pentru Programul de Cooperare Transfrontalieră al Instrumentului European de Vecinătate (ENI) pe anii 2014–2020",Grant,UE,,legis.md,,https://www.legis.md/cautare/getResults?doc_id=100144&lang=ro
DPRM284/2017,19.07.2017,Decret,Decret privind promulgarea Legii pentru ratificarea Amendamentului nr. 2 la Acordul de finanțare dintre Republica Moldova și Asociația Internațională pentru Dezvoltare privind realizarea Proiectului reformei învățămîntului în Moldova,Împrumut,AID,,legis.md,,https://www.legis.md/cautare/getResults?doc_id=100089&lang=ro
DP283/2017,18.07.2017,Decret,"Decret privind promulgarea Legii pentru ratificarea Acordului de finanțare dintre Guvernul Republicii Moldova, Uniunea Europeană și Ministerul Dezvoltării Regionale și Administrației Publice al României privind Programul Operațional Comun România – Republica Moldova 2014–2020 pentru Programul de Cooperare Transfrontalieră al Instrumentului European de Vecinătate (ENI) pe anii 2014-2020",Grant,UE,,legis.md,,https://www.legis.md/cautare/getResults?doc_id=100146&lang=ro
LP138/2017,13.07.2017,Lege,"Lege pentru ratificarea Acordului de finanțare dintre Republica Moldova, Fondul Internațional pentru Dezvoltarea Agricolă și Fondul fiduciar al Programului de adaptare a micilor producători în vederea realizării Proiectului de Reziliență Rurală (IFAD VII)",Asistență financiară,FIDA,,legis.md,,https://www.legis.md/cautare/getResults?doc_id=100252&lang=ro
LP137/2017,13.07.2017,Lege,Lege pentru ratificarea Acordului de avans dintre Republica Moldova şi Banca Internaţională pentru Reconstrucţie şi Dezvoltare pentru pregătirea proiectului propus „Modernizarea serviciilor guvernamentale”,Împrumut,BIRD,,legis.md,,https://www.legis.md/cautare/getResults?doc_id=100382&lang=ro
HG538/2017,10.07.2017,Hotărâre,"Hotărâre cu privire la iniţierea negocierilor şi aprobarea semnării Amendamentului, încheiat prin schimb de scrisori, la Acordul de finanţare dintre Guvernul Republicii Moldova şi Uniunea Europeană privind Programul „Măsuri de consolidare a încrederii” (PNA 2013), semnat la 26 martie 2014",Grant,UE,26.03.2014,legis.md,,https://www.legis.md/cautare/getResults?doc_id=100886&lang=ro
HG537/2017,10.07.2017,Hotărâre,"Hotărâre privind inițierea negocierilor și aprobarea semnării Amendamentului I, întocmit prin schimb de scrisori, la Memorandumul de înțelegere dintre Cancelaria de Stat a Republicii Moldova și Agenția Elvețiană pentru Dezvoltare și Cooperare cu privire la Programul „Valorificarea potențialului migrației în Republica Moldova”, semnat la Chişinău la 17 mai 2016",Asistență tehnică,Elveția,17.05.2016,legis.md,,https://www.legis.md/cautare/getResults?doc_id=100885&lang=ro
LP131/2017,07.07.2017,Lege,"Lege pentru ratificarea Acordului de finanțare dintre Guvernul Republicii Moldova, Uniunea Europeană şi Ministerul Dezvoltării Regionale și Administraţiei Publice al României privind Programul Operaţional Comun România – Republica Moldova 2014–2020 pentru Programul de Cooperare Transfrontalieră al Instrumentului European de Vecinătate (ENI) pe anii 2014–2020",Grant,UE,,legis.md,,https://www.legis.md/cautare/getResults?doc_id=100147&lang=ro
LP130/2017,07.07.2017,Lege,"Lege pentru ratificarea Acordului de finanțare dintre Guvernul Republicii Moldova, Uniunea Europeană şi Ministerul Dezvoltării Regionale și Administraţiei Publice al României privind Programul Operaţional Comun Bazinul Mării Negre 2014–2020 pentru Programul de Cooperare Transfrontalieră al Instrumentului European de Vecinătate (ENI) pe anii 2014–2020",Grant,UE,,legis.md,,https://www.legis.md/cautare/getResults?doc_id=100145&lang=ro
LP129/2017,07.07.2017,Lege,Lege pentru ratificarea Amendamentului nr. 2 la Acordul de finanţare dintre Republica Moldova şi Asociaţia Internaţională pentru Dezvoltare privind realizarea Proiectului reformei învățămîntului în Moldova,Împrumut,AID,,legis.md,,https://www.legis.md/cautare/getResults?doc_id=100090&lang=ro
HG513/2017,05.07.2017,Hotărâre,Hotărâre pentru iniţierea negocierilor şi aprobarea semnării Acordului de finanţare dintre Guvernul Republicii Moldova şi Uniunea Europeană privind dezvoltarea zonelor rurale în Republica Moldova,Grant,UE,,legis.md,,https://www.legis.md/cautare/getResults?doc_id=100004&lang=ro
HG512/2017,05.07.2017,Hotărâre,Hotărâre pentru iniţierea negocierilor şi aprobarea semnării Acordului de finanţare dintre Guvernul Republicii Moldova şi Uniunea Europeană privind Facilitatea de cooperare tehnică 2016,Asistență tehnică,UE,,legis.md,,https://www.legis.md/cautare/getResults?doc_id=100003&lang=ro
HG474/2017,28.06.2017,Hotărâre,"Hotărâre cu privire la aprobarea proiectului de lege pentru ratificarea Contractului de finanțare dintre Republica Moldova și Banca Europeană de Investiții în vederea realizării proiectului „Construcția conductei de transport gaze pe direcția Ungheni-Chișinău”, semnat la Chișinău la 19 decembrie 2016",Împrumut,BEI,19.12.2016,legis.md,,https://www.legis.md/cautare/getResults?doc_id=118572&lang=ro
HG473/2017,28.06.2017,Hotărâre,"Hotărâre cu privire la aprobarea proiectului de lege pentru ratificarea Acordului de împrumut dintre Republica Moldova și Banca Europeană pentru Reconstrucție și Dezvoltare în vederea realizării Proiectului „Construcția Conductei de Transport Gaze pe direcția Ungheni–Chișinău”, semnat la Chișinău la 19 decembrie 2016",Împrumut,BERD,19.12.2016,legis.md,,https://www.legis.md/cautare/getResults?doc_id=118571&lang=ro
HG462/2017,26.06.2017,Hotărâre,"Hotărâre cu privire la aprobarea proiectului de lege pentru ratificarea Acordului de finanțare dintre Republica Moldova, Fondul Internațional pentru Dezvoltarea Agricolă și Fondul fiduciar al Programului de adaptare a micilor producători în vederea realizării Proiectului de Reziliență Rurală (IFAD VII), semnat la Roma la 11 aprilie 2017",Asistență financiară,FIDA,11.04.2017,legis.md,,https://www.legis.md/cautare/getResults?doc_id=99534&lang=ro
DPRM219/2017,14.06.2017,Decret,Decret privind inițierea negocierilor asupra proiectelor Acordului de finanțare dintre Republica Moldova și Asociația Internațională pentru Dezvoltare și a Acordului de împrumut dintre Republica Moldova și Banca Internațională pentru Reconstrucție și Dezvoltare în vederea realizării Proiectului „Modernizarea serviciilor guvernamentale”,Împrumut,BIRD / AID,,legis.md,,https://www.legis.md/cautare/getResults?doc_id=99448&lang=ro
HG412/2017,09.06.2017,Hotărâre,"Hotărâre cu privire la aprobarea proiectului de lege pentru ratificarea Acordului de avans dintre Republica Moldova și Banca Internațională pentru Reconstrucție și Dezvoltare pentru pregătirea proiectului propus „Modernizarea serviciilor guvernamentale”, semnat la Chișinău la 4 mai 2017",Împrumut,BIRD,04.05.2017,legis.md,,https://www.legis.md/cautare/getResults?doc_id=100647&lang=ro
DPRM209/2017,06.06.2017,Decret,"Decret privind promulgarea Legii pentru ratificarea Acordului de grant, întocmit prin schimb de note, dintre Guvernul Republicii Moldova și Guvernul Japoniei privind implementarea Proiectului „Agricultura conservativă – dezvoltarea unui system durabil de gestionare a solurilor în Republica Moldova”",Grant,Japonia,,legis.md,,https://www.legis.md/cautare/getResults?doc_id=99417&lang=ro
HG405/2017,05.06.2017,Hotărâre,"Hotărâre cu privire la aprobarea proiectului de lege pentru ratificarea Amendamentului nr. 2 la Acordul de finanţare dintre Republica Moldova şi Asociaţia Internaţională pentru Dezvoltare privind realizarea Proiectului reformei învățămîntului în Moldova, semnat la Chişinău la 10 mai 2017",Împrumut,AID,10.05.2017,legis.md,,https://www.legis.md/cautare/getResults?doc_id=99394&lang=ro
LP96/2017,02.06.2017,Lege,"Lege pentru ratificarea Acordului de grant, întocmit prin schimb de note, dintre Guvernul Republicii Moldova și Guvernul Japoniei privind implementarea Proiectului „Agricultura conservativă – dezvoltarea unui sistem durabil de gestionare a solurilor în Republica Moldova”",Grant,Japonia,,legis.md,,https://www.legis.md/cautare/getResults?doc_id=99418&lang=ro
HG351/2017,30.05.2017,Hotărâre,"Hotărâre cu privire la aprobarea proiectului de lege pentru ratificarea Acordului de grant, întocmit prin schimb de note, dintre Guvernul Republicii Moldova și Guvernul Japoniei privind implementarea Proiectului „Agricultura conservativă – dezvoltarea unui sistem durabil de gestionare a solurilor în Republica Moldova”, semnat la Chişinău la 7 martie 2017",Grant,Japonia,07.03.2017,legis.md,,https://www.legis.md/cautare/getResults?doc_id=99365&lang=ro
DPRM181/2017,15.05.2017,Decret,"Decret pentru inițierea negocierilor și aprobarea semnării Amendamentului la Acordul de Grant dintre Republica Moldova și Banca Europeană pentru Reconstrucție și Dezvoltare, în cadrul Proiectului de Restructurare a Căilor Ferate din Moldova, acordat din Fondul de Investiții pentru Vecinătate (NIF)",Grant,BERD,,legis.md,,https://www.legis.md/cautare/getResults?doc_id=99159&lang=ro
DPRM162/2017,05.05.2017,Decret,Decret pentru inițierea negocierilor și aprobarea semnării Amendamentului la Acordul de împrumut dintre Republica Moldova și Banca Europeană pentru Reconstrucție și Dezvoltare în vederea realizării Proiectului de achiziție a locomotivelor și de restructurare a infrastructurii feroviare,Împrumut,BERD,,legis.md,,https://www.legis.md/cautare/getResults?doc_id=99147&lang=ro
DPRM161/2017,05.05.2017,Decret,"Decret privind inițierea negocierilor asupra proiectelor Acordului de împrumut între Republica Moldova și Banca Internațională pentru Reconstrucție și Dezvoltare, Acordului de finanțare între Republica Moldova și Asociația Internațională de Dezvoltare și Acordului de grant între Republica Moldova și Banca Internațională pentru Reconstrucție și Dezvoltare în vederea realizării Proiectului „Adaptarea la schimbările climatice”",Împrumut,BIRD / AID,,legis.md,,https://www.legis.md/cautare/getResults?doc_id=99146&lang=ro
HG262/2017,02.05.2017,Hotărâre,"Hotărâre cu privire la inițierea negocierilor şi aprobarea semnării Addendumului nr.1, întocmit prin schimb de scrisori, la Acordul de finanţare dintre Guvernul Republicii Moldova şi Uniunea Europeană privind Programul de suport al implementării reformei învăţămîntului vocaţional/tehnic din Republica Moldova, semnat la 15 mai 2014",Grant,UE,15.05.2014,legis.md,,https://www.legis.md/cautare/getResults?doc_id=98986&lang=ro
DP135/2017,19.04.2017,Decret,Decret privind inițierea negocierilor și aprobarea semnării Amendamentului nr.2 la Acordul de finanțare dintre Republica Moldova și Asociația Internațională pentru Dezvoltare privind realizarea Proiectului reforma învățămîntului în Moldova,Împrumut,AID,,legis.md,,https://www.legis.md/cautare/getResults?doc_id=98836&lang=ro
HG226/2017,12.04.2017,Hotărâre,Hotărâre pentru iniţierea negocierilor asupra proiectului Acordului de finanţare dintre Republica Moldova şi Uniunea Europeană privind asistența macrofinanciară,Grant,UE,,legis.md,da,https://www.legis.md/cautare/getResults?doc_id=102620&lang=ro
DP118/2017,30.03.2017,Decret,Decret privind inițierea negocierilor și aprobarea semnării Acordului de avans dintre Republica Moldova și Banca Internațională pentru Reconstrucție și Dezvoltare pentru pregătirea proiectului propus „Modernizarea serviciilor guvernamentale”,Împrumut,BIRD,,legis.md,,https://www.legis.md/cautare/getResults?doc_id=98631&lang=ro
DPRM97/2017,27.03.2017,Decret,Decret pentru inițierea negocierilor și aprobarea semnării Amendamentului nr. 3 la Acordul de împrumut dintre Republica Moldova și Banca Europeană pentru Reconstrucție și Dezvoltare „Reabilitarea rețelelor electrice de transport ale «Moldelectrica»”,Împrumut,BERD,,legis.md,,https://www.legis.md/cautare/getResults?doc_id=98556&lang=ro
DPRM93/2017,27.03.2017,Decret,"Decret privind promulgarea Legii pentru ratificarea Acordului de finanțare pentru Programul transnațional Dunărea 2014–2020 dintre Guvernul Republicii Moldova, Uniunea Europeană și Ministerul Economiei Naționale al Ungariei",Grant,UE,,legis.md,,https://www.legis.md/cautare/getResults?doc_id=99577&lang=ro
DPRM91/2017,27.03.2017,Decret,Decret privind aprobarea semnării Acordului de Finanțare dintre Republica Moldova și Fondul Internațional pentru Dezvoltarea Agricolă în vederea realizării Proiectului de Reziliență Rurală (IFAD VII),Asistență financiară,FIDA,,legis.md,,https://www.legis.md/cautare/getResults?doc_id=98555&lang=ro
HG152/2017,15.03.2017,Hotărâre,"Hotărâre cu privire la iniţierea negocierilor şi aprobarea semnării Primului amendament la Acordul de asistenţă privind obiectivul de dezvoltare între Guvernul Republicii Moldova şi Guvernul Statelor Unite ale Americii pentru creşterea comerţului şi a investiţiilor în sectoarele-cheie,semnat la Chişinău la 28 septembrie 2016",Grant,SUA,28.09.2016,legis.md,,https://www.legis.md/cautare/getResults?doc_id=98441&lang=ro
HG151/2017,15.03.2017,Hotărâre,"Hotărâre pentru iniţierea negocierilor şi aprobarea semnării Addendumului nr. 1, întocmit prin schimb de scrisori, la Acordul de finanţare dintre Guvernul Republicii Moldova şi Uniunea Europeană privind suportul în implementarea Planului de acţiuni privind liberalizarea regimului de vize, semnat la 12 iunie 2014",Grant,UE,12.06.2014,legis.md,,https://www.legis.md/cautare/getResults?doc_id=98438&lang=ro
LP12/2017,02.03.2017,Lege,"Lege pentru ratificarea Acordului de finanţare pentru Programul transnațional Dunărea 2014–2020 dintre Guvernul Republicii Moldova, Uniunea Europeană şi Ministerul Economiei Naționale al Ungariei",Grant,UE,,legis.md,,https://www.legis.md/cautare/getResults?doc_id=99579&lang=ro
HG114/2017,01.03.2017,Hotărâre,"Hotărâre cu privire la aprobarea proiectului de lege pentru ratificarea Acordului de finanțare dintre Guvernul Republicii Moldova, Uniunea Europeană şi Ministerul Dezvoltării Regionale şi Administraţiei Publice al României privind Programul Operaţional Comun România – Republica Moldova 2014-2020 pentru Programul de Cooperare Transfrontalieră al Instrumentului European de Vecinătate (ENI) pentru anii 2014-2020, semnat la Chișinău la 12 decembrie 2016",Grant,UE,12.12.2016,legis.md,,https://www.legis.md/cautare/getResults?doc_id=97895&lang=ro
HG113/2017,01.03.2017,Hotărâre,"Hotărâre cu privire la aprobarea proiectului de lege pentru ratificarea Acordului de finanţare dintre Guvernul Republicii Moldova, Uniunea Europeană şi Ministerul Dezvoltării Regionale şi Administraţiei Publice al României privind Programul Operaţional Comun Bazinul Mării Negre 2014-2020 pentru Programul de Cooperare Transfrontalieră al Instrumentului European de Vecinătate (ENI) pentru anii 2014-2020, semnat la Chișinău la 12 decembrie 2016",Grant,UE,12.12.2016,legis.md,,https://www.legis.md/cautare/getResults?doc_id=97894&lang=ro
HG109/2017,28.02.2017,Hotărâre,"Hotărâre cu privire la inițierea negocierilor și aprobarea semnării Acordului de grant, prin schimb de note, dintre Guvernul Republicii Moldova şi Guvernul Japoniei privind implementarea Proiectului „Agricultura conservativă – dezvoltarea unui sistem durabil de gestionare a solurilor în Republica Moldova”",Grant,Japonia,,legis.md,,https://www.legis.md/cautare/getResults?doc_id=97891&lang=ro
DP25/2017,05.01.2017,Decret,Decret privind promulgarea Legii pentru ratificarea Acordului de grant dintre Republica Moldova și Banca Europeană pentru Reconstrucție și Dezvoltare privind implementarea Proiectului ”Apă Nord Moldova”,Grant,BERD,,legis.md,,https://www.legis.md/cautare/getResults?doc_id=97007&lang=ro
DPRM21/2017,04.01.2017,Decret,Decret cu privire la promulgarea Legii pentru ratificarea Contractului de finanțare dintre Republica Moldova și Banca Europeană de Investiții privind infrastructura feroviară și parcul de material rulant ale Republicii Moldova,Împrumut,BEI,,legis.md,,https://www.legis.md/cautare/getResults?doc_id=97006&lang=ro
DPRM58/2017,02.01.2017,Decret,Decret privind inițierea negocierilor și aprobarea semnării Amendamentului la Acordul de Finanțare dintre Republica Moldova și Banca Europeană pentru Reconstrucție și Dezvoltare în vederea realizării Proiectului „Sistemul termoenergetic al municipiului Bălți („CET-Nord” SA)”,Împrumut,BERD,,legis.md,,https://www.legis.md/cautare/getResults?doc_id=97608&lang=ro
HG1449/2016,30.12.2016,Hotărâre,"Hotărâre pentru iniţierea negocierilor asupra proiectului Înțelegerii dintre Guvernul Republicii Moldova și Guvernul Republicii Polone privind amendarea Acordului dintre Guvernul Republicii Moldova și Guvernul Republicii Polone privind obținerea unui credit de asistență, semnat la Varşovia la 14 mai 2014",Împrumut,Polonia,14.05.2014,legis.md,,https://www.legis.md/cautare/getResults?doc_id=97151&lang=ro
HG1440/2016,30.12.2016,Hotărâre,"Hotărâre pentru iniţierea negocierilor şi aprobarea semnării Addendumului nr. 2 la Acordul de finanţare dintre Guvernul Republicii Moldova şi Uniunea Europeană privind Proiectul III de reabilitare a drumurilor în Republica Moldova, încheiat la Chişinău la 6 decembrie 2011",Grant,UE,,legis.md,,https://www.legis.md/cautare/getResults?doc_id=96896&lang=ro
DP12/2016,30.12.2016,Decret,"Decret pentru iniţierea negocierilor și aprobarea semnării Amendamentului nr. 3, întocmit prin schimb de scrisori, la Acordul de finanțare dintre Republica Moldova și Uniunea Europeană cu privire la Programul Operațional România - Ucraina - Republica Moldova 2007-2013",Grant,UE,,legis.md,,https://www.legis.md/cautare/getResults?doc_id=96979&lang=ro
HG1421/2016,28.12.2016,Hotărâre,"Hotărâre pentru iniţierea negocierilor și aprobarea semnării Addendumului nr.3 la Acordul de finanţare între Guvernul Republicii Moldova şi Comisia Europeană cu privire la Programul Regional de Acţiuni TACIS 2006, semnat la 30 octombrie 2006",Grant,UE,30.10.2006,legis.md,,https://www.legis.md/cautare/getResults?doc_id=96898&lang=ro
LP299/2016,22.12.2016,Lege,Lege pentru ratificarea Acordului de grant dintre Republica Moldova şi Banca Europeană pentru Reconstrucție și Dezvoltare privind implementarea Proiectului „Apă Nord Moldova”,Grant,BERD,,legis.md,,https://www.legis.md/cautare/getResults?doc_id=97029&lang=ro
LP298/2016,22.12.2016,Lege,Lege pentru ratificarea Contractului de finanțare dintre Republica Moldova și Banca Europeană de Investiții privind infrastructura feroviară și parcul de material rulant ale Republicii Moldova,Împrumut,BEI,,legis.md,,https://www.legis.md/cautare/getResults?doc_id=97031&lang=ro
LP293/2016,22.12.2016,Lege,Lege pentru ratificarea Acordului de finanţare dintre Republica Moldova şi Asociaţia Internaţională pentru Dezvoltare şi a Acordului de împrumut dintre Republica Moldova şi Banca Internaţională pentru Reconstrucţie şi Dezvoltare în vederea realizării Programului operaţiunii pentru politicile de dezvoltare în domeniul competitivităţii (DPO-2),Împrumut,BIRD / AID,,legis.md,,https://www.legis.md/cautare/getResults?doc_id=96781&lang=ro
HG1394/2016,22.12.2016,Hotărâre,Hotărâre cu privire la aprobarea semnării Contractului de finanţare dintre Republica Moldova şi Banca Europeană de Investiții în vederea realizării proiectului „Construcția conductei de transport gaze pe direcția Ungheni–Chișinău”,Împrumut,BEI,,legis.md,,https://www.legis.md/cautare/getResults?doc_id=96910&lang=ro
DPRM2543/2016,22.12.2016,Decret,Decret privind promulgarea Legii pentru ratificarea Acordului de finanțare dintre Republica Moldova și Asociația Internațională pentru Dezvoltare și a Acordului de împrumut dintre Republica Moldova și Banca Internațională pentru Reconstrucție și Dezvoltare în vederea realizării Programului operațiunii pentru politicile de dezvoltare în domeniul competitivității (DPO-2),Împrumut,BIRD / AID,,legis.md,,https://www.legis.md/cautare/getResults?doc_id=96775&lang=ro
HG1388/2016,21.12.2016,Hotărâre,Hotărâre privind aprobarea semnării Memorandumului de înţelegere dintre Ministerul Sănătăţii al Republicii Moldova şi Agenţia Elveţiană pentru Dezvoltare şi Cooperare cu privire la implementarea Proiectului Reducerea poverii bolilor netransmisibile”,Asistență tehnică,Elveția,,legis.md,,https://www.legis.md/cautare/getResults?doc_id=96840&lang=ro
HG1387/2016,21.12.2016,Hotărâre,"Hotărâre cu privire la aprobarea proiectului de lege pentru ratificarea Acordului de finanţare pentru Programul transnațional Dunărea 2014-2020 dintre Guvernul Republicii Moldova, Uniunea Europeană şi Ministerul Economiei Naționale al Ungariei, semnat la Chişinău la 15 decembrie 2016",Grant,UE,15.12.2016,legis.md,,https://www.legis.md/cautare/getResults?doc_id=96839&lang=ro
HG1366/2016,19.12.2016,Hotărâre,Hotărâre cu privire la inițierea negocierilor și aprobarea semnării Acordului de finanțare dintre Guvernul Republicii Moldova și Uniunea Europeană privind Facilitatea pentru societatea civilă,Grant,UE,,legis.md,,https://www.legis.md/cautare/getResults?doc_id=96832&lang=ro
HG1363/2016,19.12.2016,Hotărâre,Hotărâre cu privire la inițierea negocierilor și aprobarea semnării Acordului de finanțare dintre Guvernul Republicii Moldova și Uniunea Europeană privind Facilitatea pentru cooperare tehnică,Grant,UE,,legis.md,,https://www.legis.md/cautare/getResults?doc_id=96829&lang=ro
DPRM2516/2016,16.12.2016,Decret,Decret privind aprobarea semnării Acordului de împrumut dintre Republica Moldova și Banca Europeană pentru Reconstrucție și Dezvoltare în vederea realizării Proiectului „Construcția Conductei de Transport Gaze pe direcția Ungheni – Chișinău”,Împrumut,BERD,,legis.md,,https://www.legis.md/cautare/getResults?doc_id=96793&lang=ro
HG1348/2016,14.12.2016,Hotărâre,"Hotărâre cu privire la iniţierea negocierilor şi aprobarea semnării Completării, încheiate prin schimb de scrisori, la Programul de cooperare pentru anul 2016 între Guvernul Republicii Moldova şi Guvernul României, încheiat prin schimb de scrisori, în sensul articolului 1 paragraful 3 al Acordului dintre Guvernul Republicii Moldova şi Guvernul României privind implementarea programului de asistenţă tehnică şi financiară în baza unui ajutor financiar nerambursabil în valoare de 100 milioane de euro acordat de România Republicii Moldova, semnat la Bucureşti la 27 aprilie 2010, astfel cum a fost modificat prin cele cinci Protocoale adiţionale, precum şi în sensul articolelor 1, 2 şi 3 din cel de-al doilea Protocol adiţional la Acord, prin schimb de scrisori",Asistență tehnică,România,27.04.2010,legis.md,,https://www.legis.md/cautare/getResults?doc_id=96669&lang=ro
HG1345/2016,14.12.2016,Hotărâre,"Hotărâre cu privire la iniţierea negocierilor şi aprobarea semnării Acordului de finanţare pentru Programul transnațional Dunărea 2014-2020 dintre Guvernul Republicii Moldova, Uniunea Europeană şi Ministerul Economiei Naționale al Ungariei",Grant,UE,,legis.md,,https://www.legis.md/cautare/getResults?doc_id=96667&lang=ro
HG1313/2016,07.12.2016,Hotărâre,"Hotărâre cu privire la iniţierea negocierilor şi aprobarea semnării Acordului de finanţare dintre Guvernul Republicii Moldova, Uniunea Europeană şi Ministerul Dezvoltării Regionale şi Administraţiei Publice al României privind Programul Operaţional Comun România - Republica Moldova 2014-2020 pentru Programul de Cooperare Transfrontalieră al Instrumentului European de Vecinătate (ENI) pentru anii 2014-2020",Grant,UE,,legis.md,,https://www.legis.md/cautare/getResults?doc_id=96562&lang=ro
HG1312/2016,07.12.2016,Hotărâre,"Hotărâre cu privire la iniţierea negocierilor şi aprobarea semnării Acordului de finanţare dintre Guvernul Republicii Moldova, Uniunea Europeană şi Ministerul Dezvoltării Regionale şi Administraţiei Publice al României privind Programul Operaţional Comun Bazinul Mării Negre 2014-2020 pentru Programul de Cooperare Transfrontalieră al Instrumentului European de Vecinătate (ENI) pentru anii 2014-2020",Grant,UE,,legis.md,,https://www.legis.md/cautare/getResults?doc_id=96561&lang=ro
HG1306/2016,06.12.2016,Hotărâre,Hotărâre cu privire la aprobarea proiectului de lege pentru ratificarea Acordului de finanţare dintre Republica Moldova şi Asociaţia Internaţională pentru Dezvoltare şi a Acordului de împrumut dintre Republica Moldova şi Banca Internaţională pentru Reconstrucţie şi Dezvoltare în vederea realizării Programului operaţiunii pentru politicile de dezvoltare în domeniul competitivităţii (DPO-2),Împrumut,BIRD / AID,,legis.md,,https://www.legis.md/cautare/getResults?doc_id=96799&lang=ro
HG1305/2016,06.12.2016,Hotărâre,"Hotărâre cu privire la iniţierea negocierilor şi aprobarea semnării Addendumului nr. 1 la Acordul de finanţare dintre Guvernul Republicii Moldova şi Uniunea Europeană privind Programul „Măsuri de consolidare a încrederii” (PNA 2013), semnat la 26 martie 2014",Grant,UE,26.03.2014,legis.md,,https://www.legis.md/cautare/getResults?doc_id=96560&lang=ro
DPRM2485/2016,05.12.2016,Decret,Decret privind inițierea negocierilor și aprobarea semnării Amendamentului nr. 4 la Acordul de finanțare dintre Republica Moldova și Comisia Europeană privind Programul de suport bugetar în domeniul reformei sectorului energetic,Grant,UE,,legis.md,da,https://www.legis.md/cautare/getResults?doc_id=96579&lang=ro
DPRM2477/2016,29.11.2016,Decret,Decret privind inițierea negocierilor asupra proiectelor Acordurilor de împrumut dintre Republica Moldova și Banca Europeană pentru Reconstrucție și Dezvoltare și Republica Moldova și Banca Europeană de Investiții în vederea realizării Proiectului „Construcția Conductei de Transport Gaze pe direcția Ungheni-Chișinău”,Împrumut,BERD / BEI,,legis.md,,https://www.legis.md/cautare/getResults?doc_id=96555&lang=ro
DPRM2466/2016,25.11.2016,Decret,Decret pentru aprobarea semnării Acordului de finanțare dintre Republica Moldova și Asociația Internațională pentru Dezvoltare și Acordului de împrumut dintre Republica Moldova și Banca Internațională pentru Reconstrucție și Dezvoltare în vederea realizării Programului operațiunii pentru politicile de dezvoltare în domeniul competitivității (DPO-2),Împrumut,BIRD / AID,,legis.md,,https://www.legis.md/cautare/getResults?doc_id=96430&lang=ro
HG1272/2016,23.11.2016,Hotărâre,"Hotărâre cu privire la aprobarea proiectului de lege pentru ratificarea Contractului de finanţare dintre Republica Moldova şi Banca Europeană de Investiţii în cadrul Proiectului de construcţie şi reabilitare a infrastructurii feroviare şi achiziţie a materialului rulant, semnat la Chişinău la 26 septembrie 2016",Împrumut,BEI,26.09.2016,legis.md,,https://www.legis.md/cautare/getResults?doc_id=96372&lang=ro
HG1257/2016,16.11.2016,Hotărâre,Hotărâre cu privire la iniţierea negocierilor şi aprobarea semnării Acordului de finanţare dintre Guvernul Republicii Moldova şi Uniunea Europeană privind Programul de suport bugetar pentru reforma poliţiei în Republica Moldova pentru anii 2017-2020,Grant,UE,,legis.md,da,https://www.legis.md/cautare/getResults?doc_id=96274&lang=ro
HG1252/2016,16.11.2016,Hotărâre,Hotărâre cu privire la iniţierea negocierilor asupra proiectului Memorandumului de înţelegere dintre Ministerul Sănătăţii al Republicii Moldova şi Agenţia Elveţiană pentru Dezvoltare şi Cooperare cu privire la implementarea Proiectului „Reducerea poverii bolilor netransmisibile”,Asistență tehnică,Elveția,,legis.md,,https://www.legis.md/cautare/getResults?doc_id=96268&lang=ro
DPRM2457/2016,15.11.2016,Decret,Decret cu privire la promulgarea Legii pentru ratificarea Acordului de modificare nr. 1 la Acordul de împrumut dintre Republica Moldova și Banca Europeană pentru Reconstrucție și Dezvoltare privind realizarea lucrărilor de construcție și reabilitare a drumurilor în Republica Moldova,Împrumut,BERD,,legis.md,,https://www.legis.md/cautare/getResults?doc_id=96363&lang=ro
HG1244/2016,14.11.2016,Hotărâre,"Hotărâre cu privire la aprobarea proiectului de lege pentru ratificarea Acordului de Grant dintre Republica Moldova şi Banca Europeană pentru Reconstrucţie şi Dezvoltare privind implementarea Proiectului „Apă Nord Moldova”, semnat la Chişinău la 1 august 2016",Grant,BERD,01.08.2016,legis.md,,https://www.legis.md/cautare/getResults?doc_id=96265&lang=ro
HG1214/2016,04.11.2016,Hotărâre,Hotărâre cu privire la iniţierea negocierilor asupra proiectului Acordului de finanţare dintre Guvernul Republicii Moldova şi Banca Mondială pentru Programul operațiunii pentru politicile de dezvoltare în domeniul competitivității (DPO-2),Asistență financiară,Banca Mondială,,legis.md,,https://www.legis.md/cautare/getResults?doc_id=96039&lang=ro
LP247/2016,03.11.2016,Lege,Lege pentru ratificarea Acordului de modificare nr. 1 la Acordul de împrumut dintre Republica Moldova şi Banca Europeană pentru Reconstrucţie şi Dezvoltare privind realizarea lucrărilor de construcţie şi reabilitare a drumurilor în Republica Moldova,Împrumut,BERD,,legis.md,,https://www.legis.md/cautare/getResults?doc_id=96365&lang=ro
DPRM2413/2016,31.10.2016,Decret,Decret privind inițierea negocierilor asupra proiectului Acordului de Finanțare dintre Republica Moldova și Fondul Internațional pentru Dezvoltarea Agricolă în vederea realizării Proiectului de Reziliență Rurală (IFAD VII),Asistență financiară,FIDA,,legis.md,,https://www.legis.md/cautare/getResults?doc_id=95899&lang=ro
HG1178/2016,26.10.2016,Hotărâre,"Hotărâre cu privire la iniţierea negocierilor şi aprobarea semnării Completării, încheiate prin schimb de scrisori, la Programul de cooperare pentru anul 2016 între Guvernul Republicii Moldova şi Guvernul României, încheiat prin schimb de scrisori, în sensul articolului 1 paragraful 2 al Acordului dintre Guvernul Republicii Moldova şi Guvernul României privind implementarea programului de asistenţă tehnică şi financiară în baza unui ajutor financiar nerambursabil în valoare de 100 milioane de euro acordat de România Republicii Moldova, semnat la Bucureşti la 27 aprilie 2010, astfel cum a fost modificat prin cele cinci Protocoale adiţionale",Asistență tehnică,România,27.04.2010,legis.md,,https://www.legis.md/cautare/getResults?doc_id=95855&lang=ro
DPRM2385/2016,19.10.2016,Decret,Decret privind promulgarea Legii pentru ratificarea Acordului de finanțare dintre Republica Moldova și Asociația Internațională pentru Dezvoltare și a Acordului de împrumut dintre Republica Moldova și Banca Internațională pentru Reconstrucție și Dezvoltare în vederea realizării Proiectului de modernizare a administrării fiscale (TAMP),Împrumut,BIRD / AID,,legis.md,,https://www.legis.md/cautare/getResults?doc_id=96613&lang=ro
DPRM2384/2016,19.10.2016,Decret,Decret privind promulgarea Legii pentru ratificarea Acordului de finanțare (a doua finanțare adițională) dintre Republica Moldova şi Asociaţia Internaţională pentru Dezvoltare în vederea realizării proiectului „Agricultura competitivă” (credit nr. 5858-MD),Împrumut,AID,,legis.md,,https://www.legis.md/cautare/getResults?doc_id=96364&lang=ro
HG1120/2016,07.10.2016,Hotărâre,"Hotărâre cu privire la iniţierea negocierilor și aprobarea semnării Programului de cooperare pentru anul 2016 între Guvernul Republicii Moldova şi Guvernul României, întocmit prin schimb de scrisori, în sensul Articolului 1 paragraful 2 al Acordului dintre Guvernul Republicii Moldova şi Guvernul României privind implementarea programului de asistenţă tehnică şi financiară în baza unui ajutor financiar nerambursabil în valoare de 100 milioane de euro acordat de România Republicii Moldova, semnat la Bucureşti la 27 aprilie 2010, astfel cum a fost modificat prin cele cinci Protocoale adiţionale",Asistență tehnică,România,27.04.2010,legis.md,,https://www.legis.md/cautare/getResults?doc_id=95425&lang=ro
HG1090/2016,27.09.2016,Hotărâre,"Hotărâre cu privire la aprobarea proiectului de lege pentru ratificarea Acordului de modificare nr. 1 la Acordul de împrumut dintre Republica Moldova şi Banca Europeană pentru Reconstrucţie şi Dezvoltare privind realizarea lucrărilor de construcţie şi reabilitare a drumurilor în Republica Moldova din 28 iunie 2013, semnat la Chişinău la 8 iunie 2016",Împrumut,BERD,08.06.2016,legis.md,,https://www.legis.md/cautare/getResults?doc_id=95326&lang=ro
HG1079/2016,26.09.2016,Hotărâre,Hotărâre cu privire la aprobarea semnării Contractului de finanțare dintre Republica Moldova şi Banca Europeană de Investiții în cadrul Proiectului de construcție și reabilitare a infrastructurii feroviare și achiziție a materialului rulant,Împrumut,BEI,,legis.md,,https://www.legis.md/cautare/getResults?doc_id=95254&lang=ro
HG1078/2016,26.09.2016,Hotărâre,Hotărâre cu privire la inițierea negocierilor și aprobarea semnării Acordului de finanțare dintre Guvernul Republicii Moldova și Uniunea Europeană privind Programul de suport pentru reforma administrației publice,Grant,UE,,legis.md,,https://www.legis.md/cautare/getResults?doc_id=95253&lang=ro
LP225/2016,23.09.2016,Lege,Lege pentru ratificarea Acordului de finanțare dintre Republica Moldova și Asociația Internațională pentru Dezvoltare şi a Acordului de împrumut dintre Republica Moldova și Banca Internațională pentru Reconstrucție și Dezvoltare în vederea realizării Proiectului de modernizare a administrării fiscale (TAMP),Împrumut,BIRD / AID,,legis.md,,https://www.legis.md/cautare/getResults?doc_id=96620&lang=ro
LP224/2016,23.09.2016,Lege,Lege pentru ratificarea Acordului de finanţare (a doua finanţare adițională) dintre Republica Moldova şi Asociaţia Internaţională pentru Dezvoltare în vederea realizării proiectului „Agricultura competitivă” (credit nr. 5858-MD),Împrumut,AID,,legis.md,,https://www.legis.md/cautare/getResults?doc_id=96366&lang=ro
HG1062/2016,16.09.2016,Hotărâre,Hotărâre cu privire la iniţierea negocierilor şi aprobarea semnării Acordului de asistenţă privind obiectivul de dezvoltare dintre Guvernul Republicii Moldova şi Guvernul Statelor Unite ale Americii pentru o guvernare democratică mai eficientă şi mai responsabilă,Grant,SUA,,legis.md,,https://www.legis.md/cautare/getResults?doc_id=95158&lang=ro
HG1030/2016,07.09.2016,Hotărâre,Hotărâre cu privire la iniţierea negocierilor şi aprobarea semnării Acordului de grant nr. TF0A2984 dintre Guvernul Republicii Moldova şi Banca Internaţională pentru Reconstrucţie şi Dezvoltare şi Asociaţia Internaţională pentru Dezvoltare în vederea realizării Proiectului „Dezvoltarea capacităţilor statistice pe baza datelor ce ţin de abilităţi”,Grant,BIRD / AID,,legis.md,,https://www.legis.md/cautare/getResults?doc_id=94864&lang=ro
HG1012/2016,01.09.2016,Hotărâre,Hotărâre privind iniţierea negocierilor şi aprobarea semnării Acordului de grant nr. TF082116 dintre Guvernul Republicii Moldova şi Banca Internaţională pentru Reconstrucţii şi Dezvoltare/Asociaţia Internaţională pentru Dezvoltare în vederea realizării Proiectului „Pregătirea proiectului „Adaptarea la schimbările climatice şi silvicultura în Moldova”,Grant,BIRD / AID,,legis.md,,https://www.legis.md/cautare/getResults?doc_id=94848&lang=ro
DPRM2300/2016,26.08.2016,Decret,"Decret privind promulgarea Legii pentru ratificarea Addendumului nr. 2 la Acordul de finanțare dintre Guvernul Republicii Moldova și Uniunea Europeană privind Programul-cadru de suport al acordurilor curente și viitoare dintre Republica Moldova și Uniunea Europeană, Planul național de acțiuni 2012",Grant,UE,,legis.md,,https://www.legis.md/cautare/getResults?doc_id=95022&lang=ro
HG1002/2016,24.08.2016,Hotărâre,"Hotărâre cu privire la aprobarea proiectului de lege pentru ratificarea Acordului de finanţare dintre Republica Moldova şi Asociaţia Internaţională pentru Dezvoltare şi a Acordului de împrumut dintre Republica Moldova şi Banca Internaţională pentru Reconstrucţie şi Dezvoltare în vederea realizării Proiectului de modernizare a administraţiei fiscale (TAMP), semnate la Chişinău la 28 iunie 2016",Împrumut,BIRD / AID,,legis.md,,https://www.legis.md/cautare/getResults?doc_id=94674&lang=ro
HG947/2016,02.08.2016,Hotărâre,"Hotărâre cu privire la aprobarea proiectului de lege pentru ratificarea Acordului de finanţare (a doua finanţare adiţională) dintre Republica Moldova şi Asociaţia Internaţională pentru Dezvoltare în vederea realizării Proiectului „Agricultura Competitivă”, semnat la Chişinău la 8 iulie 2016",Împrumut,AID,08.07.2016,legis.md,,https://www.legis.md/cautare/getResults?doc_id=94272&lang=ro
DPRM2249/2016,02.08.2016,Decret,Decret privind promulgarea Legii pentru ratificarea Acordului de finanțare dintre Republica Moldova și Asociația Internațională pentru Dezvoltare în vederea realizării Proiectului „Îmbunătățirea drumurilor locale”,Împrumut,AID,,legis.md,,https://www.legis.md/cautare/getResults?doc_id=94365&lang=ro
HG938/2016,29.07.2016,Hotărâre,Hotărâre cu privire la iniţierea negocierilor şi aprobarea semnării Acordului de asistenţă privind obiectivul de dezvoltare între Guvernul Republicii Moldova şi Guvernul Statelor Unite ale Americii pentru creşterea comerţului şi a investiţiilor în sectoarele-cheie,Grant,SUA,,legis.md,,https://www.legis.md/cautare/getResults?doc_id=94261&lang=ro
LP199/2016,28.07.2016,Lege,"Lege pentru ratificarea Addendumului nr. 2 la Acordul de finanţare dintre Guvernul Republicii Moldova şi Uniunea Europeană privind Programul-cadru de suport al acordurilor curente şi viitoare dintre Republica Moldova şi Uniunea Europeană, Planul național de acțiuni 2012",Grant,UE,,legis.md,,https://www.legis.md/cautare/getResults?doc_id=95023&lang=ro
DPRM2241/2016,28.07.2016,Decret,"Decret pentru promulgarea Legii privind ratificarea Acordului de grant dintre Republica Moldova, S.A. „CET-Nord” și Banca Europeană pentru Reconstrucție și Dezvoltare privind grantul investițional acordat din Fondul Regional al Parteneriatului Europei de Est pentru Eficiență Energetică și Mediu (E5P) pentru realizarea proiectului „Sistemul termoenergetic al municipiului Bălți (S.A. „CET-Nord”)”",Grant,BERD,,legis.md,,https://www.legis.md/cautare/getResults?doc_id=94579&lang=ro
HG866/2016,14.07.2016,Hotărâre,"Hotărâre pentru aprobarea proiectului de lege cu privire la ratificarea Addendumului nr.2 la Acordul de finanţare dintre Guvernul Republicii Moldova şi Uniunea Europeană privind Programul-cadru de suport al acordurilor curente şi viitoare dintre Uniunea Europeană şi Republica Moldova (PNA 2012), întocmit la 2 iunie 2016",Grant,UE,,legis.md,,https://www.legis.md/cautare/getResults?doc_id=94004&lang=ro
LP163/2016,07.07.2016,Lege,"Lege privind ratificarea Acordului de grant dintre Republica Moldova, S.A. „CET-Nord” şi Banca Europeană pentru Reconstrucţie şi Dezvoltare privind grantul investiţional acordat din Fondul Regional al Parteneriatului Europei de Est pentru Eficienţă Energetică şi Mediu (E5P) pentru realizarea proiectului „Sistemul termoenergetic al municipiului Bălţi (S.A. „CET-Nord”)”",Grant,BERD,,legis.md,,https://www.legis.md/cautare/getResults?doc_id=94580&lang=ro
LP155/2016,01.07.2016,Lege,Lege pentru ratificarea Acordului de finanţare dintre Republica Moldova şi Asociaţia Internaţională pentru Dezvoltare în vederea realizării Proiectului „Îmbunătăţirea drumurilor locale”,Împrumut,AID,,legis.md,,https://www.legis.md/cautare/getResults?doc_id=94415&lang=ro
DPRM2165/2016,29.06.2016,Decret,Decret privind inițierea negocierilor și aprobarea semnării Acordului de Grant dintre Republica Moldova și Banca Europeană pentru Reconstrucție și Dezvoltare în vederea realizării Proiectului „Apă Nord Moldova”,Grant,BERD,,legis.md,,https://www.legis.md/cautare/getResults?doc_id=93666&lang=ro
DPRM2139/2016,16.06.2016,Decret,Decret privind aprobarea semnării Acordului de finanțare dintre Republica Moldova şi Asociația Internațională pentru Dezvoltare și Acordului de împrumut dintre Republica Moldova și Banca Internațională pentru Reconstrucție și Dezvoltare în vederea realizării Proiectului de modernizare a administrației fiscale (TAMP),Împrumut,BIRD / AID,,legis.md,,https://www.legis.md/cautare/getResults?doc_id=93406&lang=ro
HG737/2016,10.06.2016,Hotărâre,"Hotărâre cu privire la aprobarea proiectului de lege pentru ratificarea Acordului de finanţare dintre Republica Moldova şi Asociaţia Internaţională pentru Dezvoltare în vederea realizării Proiectului „Îmbunătăţirea drumurilor locale”, semnat la Chişinău la 28 aprilie 2016",Împrumut,AID,28.04.2016,legis.md,,https://www.legis.md/cautare/getResults?doc_id=93312&lang=ro
HG660/2016,27.05.2016,Hotărâre,"Hotărâre pentru aprobarea proiectului de lege privind ratificarea Acordului de grant dintre Republica Moldova, SA „CET-Nord” şi Banca Europeană pentru Reconstrucţie şi Dezvoltare privind grantul investiţional acordat din Fondul Regional al Parteneriatului Europei de Est pentru Eficienţă Energetică şi Mediu (E5P) pentru proiectul „Sistemul termoenergetic al mun. Bălţi (SA „CET-Nord”)”, semnat la Chișinău la 1 aprilie 2016",Grant,BERD,01.04.2016,legis.md,,https://www.legis.md/cautare/getResults?doc_id=93050&lang=ro
HG605/2016,16.05.2016,Hotărâre,"Hotărâre pentru iniţierea negocierilor şi aprobarea semnării Addendumului nr.2 la Acordul de finanţare dintre Guvernul Republicii Moldova şi Uniunea Europeană privind Programul-cadru de suport al acordurilor curente şi viitoare dintre Uniunea Europeană şi Republica Moldova (PNA 2012), semnat la Bruxelles la 14 iunie 2013",Grant,UE,14.06.2013,legis.md,,https://www.legis.md/cautare/getResults?doc_id=92719&lang=ro
DPRM2067/2016,13.05.2016,Decret,Decret privind desemnarea și împuternicirea delegației oficiale pentru negocierea proiectului Acordului de finanțare (a doua finanțare adițională) dintre Republica Moldova și Asociația Internațională pentru Dezvoltare în vederea realizării Proiectului „Agricultura Competitivă”,Împrumut,AID,,legis.md,,https://www.legis.md/cautare/getResults?doc_id=92691&lang=ro
DPRM2066/2016,13.05.2016,Decret,Decret privind inițierea negocierilor și aprobarea semnării Acordului de finanțare (a doua finanțare adițională) dintre Republica Moldova și Asociația Internațională pentru Dezvoltare în vederea realizării Proiectului „Agricultura Competitivă”,Împrumut,AID,,legis.md,,https://www.legis.md/cautare/getResults?doc_id=92689&lang=ro
DPRM2050/2016,28.04.2016,Decret,Decret pentru iniţierea negocierilor asupra proiectului Acordului de finanțare dintre Republica Moldova şi Asociația Internațională pentru Dezvoltare și asupra proiectului Acordului de împrumut dintre Republica Moldova și Banca Internațională pentru Reconstrucție și Dezvoltare în vederea realizării Proiectului de modernizare a administrației fiscale (TAMP),Împrumut,BIRD / AID,,legis.md,,https://www.legis.md/cautare/getResults?doc_id=92432&lang=ro
DPRM2042/2016,25.04.2016,Decret,"Decret privind aprobarea semnării Acordului de finanțare între Republica Moldova și Asociația Internațională pentru Dezvoltare, în vederea realizării Proiectului „Îmbunătățirea drumurilor locale”",Împrumut,AID,,legis.md,,https://www.legis.md/cautare/getResults?doc_id=92290&lang=ro
HG493/2016,22.04.2016,Hotărâre,Hotărâre privind iniţierea negocierilor şi aprobarea semnării Memorandumului de înţelegere dintre Cancelaria de Stat a Republicii Moldova și Agenția Elvețiană pentru Dezvoltare și Cooperare cu privire la Programul „Valorificarea potențialului migrației în Republica Moldova”,Asistență tehnică,Elveția,,legis.md,,https://www.legis.md/cautare/getResults?doc_id=92305&lang=ro
HG490/2016,22.04.2016,Hotărâre,"Hotărâre cu privire la iniţierea negocierilor și aprobarea semnării Acordului dintre Ministerul Mediului al Republicii Moldova, Agenția Elvețiană pentru Dezvoltare și Cooperare și Agenția Austriacă pentru Dezvoltare privind implementarea Proiectului „Consolidarea cadrului instituțional în sectorul alimentării cu apă și sanitație din Republica Moldova”",Asistență tehnică,Elveția / Austria,,legis.md,,https://www.legis.md/cautare/getResults?doc_id=92310&lang=ro
HG465/2016,15.04.2016,Hotărâre,"Hotărâre cu privire la iniţierea negocierilor și aprobarea semnării Memorandumului de înțelegere dintre Ministerul Mediului al Republicii Moldova, Ministerul Dezvoltării Regionale și Construcțiilor al Republicii Moldova și Agenţia Elveţiană pentru Dezvoltare şi Cooperare cu privire la implementarea fazei a treia a Proiectului „Apă și sanitație (ApaSan) în Republica Moldova”",Asistență tehnică,Elveția,,legis.md,,https://www.legis.md/cautare/getResults?doc_id=92154&lang=ro
DPRM2024/2016,13.04.2016,Decret,Decret pentru iniţierea negocierilor și aprobarea semnării Acordului de Modificare nr.1 la Acordul de Împrumut între Republica Moldova şi Banca Europeană pentru Reconstrucţie şi Dezvoltare privind realizarea lucrărilor de construcţie şi reabilitarea drumurilor în Republica Moldova,Împrumut,BERD,,legis.md,,https://www.legis.md/cautare/getResults?doc_id=92120&lang=ro
DPRM2019/2016,11.04.2016,Decret,"Decret privind promulgarea Legii pentru ratificarea Acordului de grant dintre Republica Moldova, Calea Ferată din Moldova și Banca Europeană pentru Reconstrucție și Dezvoltare în cadrul Proiectului de Restructurare a Căilor Ferate din Moldova, acordat din Fondul de Investiții pentru Vecinătate",Grant,BERD,,legis.md,,https://www.legis.md/cautare/getResults?doc_id=92558&lang=ro
HG417/2016,08.04.2016,Hotărâre,Hotărâre cu privire la iniţierea negocierilor şi aprobarea semnării Acordului de grant dintre Guvernul Republicii Moldova şi Banca Internaţională pentru Reconstrucţie şi Dezvoltare şi Asociaţia Internaţională pentru Dezvoltare în vederea realizării Proiectului „Modernizarea serviciilor guvernamentaleîn Republica Moldova”,Grant,BIRD / AID,,legis.md,,https://www.legis.md/cautare/getResults?doc_id=91990&lang=ro
LP43/2016,25.03.2016,Lege,"Lege pentru ratificarea Acordului de grant dintre Republica Moldova, Calea Ferată din Moldova şi Banca Europeană pentru Reconstrucţie şi Dezvoltare în cadrul Proiectului de Restructurare a Căilor Ferate din Moldova, acordat din Fondul de Investiții pentru Vecinătate",Grant,BERD,,legis.md,,https://www.legis.md/cautare/getResults?doc_id=92564&lang=ro
HG327/2016,22.03.2016,Hotărâre,Hotărâre pentru iniţierea negocierilor şi aprobarea semnării Acordului dintre Guvernul Republicii Moldova şi Guvernul Republicii Populare Chineze privind asistenţa tehnică nerambursabilă,Asistență tehnică,China,,legis.md,,https://www.legis.md/cautare/getResults?doc_id=91689&lang=ro
HG319/2016,22.03.2016,Hotărâre,"Hotărâre cu privire la iniţierea negocierilor şi aprobarea semnării Înţelegerii, întocmite prin schimb de note, dintre Guvernul Republicii Moldova şi Guvernul Republicii Federale Germania cu privire la cooperarea tehnică ce vizează proiectul „Modernizarea serviciilor comunale”",Grant,Germania,,legis.md,,https://www.legis.md/cautare/getResults?doc_id=91616&lang=ro
DPRM1983/2016,21.03.2016,Decret,Decret privind promulgarea Legii pentru ratificarea Acordului de grant nr.TF019354 dintre Republica Moldova și Asociația Internațională pentru Dezvoltare în vederea realizării Proiectului „Fortificarea capacităților Sistemului Informațional de Management în Educație (SIME)”,Grant,AID,,legis.md,,https://www.legis.md/cautare/getResults?doc_id=91661&lang=ro
DPRM1979/2016,18.03.2016,Decret,"Decret privind promulgarea Legii pentru ratificarea Acordului de grant dintre Republica Moldova, Calea Ferată din Moldova și Banca Europeană pentru Reconstrucție și Dezvoltare în cadrul Proiectului de Restructurare a Căilor Ferate din Moldova, acordat din Fondul Special BERD",Grant,BERD,,legis.md,,https://www.legis.md/cautare/getResults?doc_id=91803&lang=ro
LP17/2016,03.03.2016,Lege,"Lege pentru ratificarea Acordului de grant dintre Republica Moldova, Calea Ferată din Moldova şi Banca Europeană pentru Reconstrucţie şi Dezvoltare în cadrul Proiectului de Restructurare a Căilor Ferate din Moldova, acordat din Fondul Special BERD",Grant,BERD,,legis.md,,https://www.legis.md/cautare/getResults?doc_id=91804&lang=ro
LP16/2016,03.03.2016,Lege,Lege pentru ratificarea Acordului de grant nr. TF019354 dintre Republica Moldova şi Asociaţia Internaţională pentru Dezvoltare în vederea realizării Proiectului „Fortificarea capacităţilor Sistemului Informaţional de Management în Educaţie (SIME)”,Grant,AID,,legis.md,,https://www.legis.md/cautare/getResults?doc_id=91662&lang=ro
DPRM1952/2016,26.02.2016,Decret,"Decret privind inițierea negocierilor și aprobarea semnării Acordului de Grant dintre Republica Moldova, „CET-Nord” SA și Banca Europeană pentru Reconstrucție și Dezvoltare, acordat din Fondul Parteneriatului Europei de Est pentru Eficiență Energetică și Mediu pentru realizarea Proiectului „Sistemul termoenergetic al mun. Bălți („CET-Nord” SA)”",Grant,BERD,,legis.md,,https://www.legis.md/cautare/getResults?doc_id=91183&lang=ro
HG176/2016,23.02.2016,Hotărâre,"Hotărâre cu privire la aprobarea proiectului de lege pentru ratificarea Acordului de Grant dintre Republica Moldova şi Banca Europeană pentru Reconstrucție şi Dezvoltare (BERD), în cadrul Proiectului de Restructurare a Căilor Ferate din Moldova, acordat din Fondul de Investiții pentru Vecinătate, întocmit la Chișinău la 10 noiembrie 2015",Grant,BERD,,legis.md,,https://www.legis.md/cautare/getResults?doc_id=91187&lang=ro
HG116/2016,15.02.2016,Hotărâre,"Hotărâre cu privire la aprobarea proiectului de lege pentru ratificarea Acordului de grant nr. TF019354 dintre Republica Moldova și Asociația Internațională pentru Dezvoltare în vederea realizării Proiectului „Fortificarea capacităților Sistemului Informaţional de Management în Educaţie (SIME)”, semnat la Chișinău la 3 noiembrie 2015",Grant,AID,03.11.2015,legis.md,,https://www.legis.md/cautare/getResults?doc_id=90906&lang=ro
HG115/2016,15.02.2016,Hotărâre,"Hotărâre cu privire la aprobarea proiectului de lege pentru ratificarea Acordului de grant dintre Republica Moldova şi Banca Europeană pentru Reconstrucție şi Dezvoltare (BERD) în cadrul Proiectului de Restructurare a Căilor Ferate din Moldova, acordat din Fondul Special BERD, întocmit la Chișinău la 10 noiembrie 2015",Grant,BERD,,legis.md,,https://www.legis.md/cautare/getResults?doc_id=90905&lang=ro
DPRM1819/2015,17.11.2015,Decret,Decret privind promulgarea Legii pentru ratificarea Acordului de grant dintre Republica Moldova și Banca Europeană pentru Reconstrucție și Dezvoltare în cadrul Proiectului IV de reabilitare a drumurilor din Moldova,Grant,BERD,,legis.md,,https://www.legis.md/cautare/getResults?doc_id=89442&lang=ro
DPRM1815/2015,12.11.2015,Decret,Decret privind promulgarea Legii pentru ratificarea Acordului de finanțare dintre Guvernul Republicii Moldova și Comisia Europeană privind implementarea Programului ENPARD Moldova – suport pentru agricultură și dezvoltare rurală,Grant,UE,,legis.md,,https://www.legis.md/cautare/getResults?doc_id=89496&lang=ro
DPRM1813/2015,10.11.2015,Decret,Decret cu privire la promulgarea Legii pentru ratificarea Acordului privind asistența financiară rambursabilă dintre Republica Moldova și România,Grant,România,,legis.md,,https://www.legis.md/cautare/getResults?doc_id=89506&lang=ro
DPRM1812/2015,10.11.2015,Decret,"Decret privind promulgarea Legii pentru ratificarea celui de-al cincilea Protocol adițional între Guvernul Republicii Moldova și Guvernul României la Acordul dintre Guvernul Republicii Moldova și Guvernul României privind implementarea programului de asistență tehnică și financiară în baza unui ajutor financiar nerambursabil în valoare de 100 milioane de euro acordat de România Republicii Moldova, semnat la București, la 27 aprilie 2010, astfel cum a fost modificat prin cele patru protocoale adiționale",Asistență tehnică,România,,legis.md,,https://www.legis.md/cautare/getResults?doc_id=89504&lang=ro
DPRM1811/2015,10.11.2015,Decret,Decret cu privire la promulgarea Legii pentru ratificarea celui de-al patrulea Protocol adițional între Guvernul Republicii Moldova și Guvernul României la Acordul dintre Guvernul Republicii Moldova și Guvernul României privind implementarea programului de asistență tehnică și financiară în baza unui ajutor financiar nerambursabil în valoare de 100 milioane de euro acordat de România,Asistență tehnică,România,,legis.md,,https://www.legis.md/cautare/getResults?doc_id=89502&lang=ro
DPRM1810/2015,10.11.2015,Decret,"Decret privind promulgarea Legii pentru ratificarea Acordului de grant, prin schimb de note, dintre Guvernul Republicii Moldova și Guvernul Japoniei în vederea realizării Programului de granturi nonproiect în domeniul educației",Grant,Japonia,,legis.md,,https://www.legis.md/cautare/getResults?doc_id=89500&lang=ro
LP190/2015,05.11.2015,Lege,Lege pentru ratificarea Acordului de grant dintre Republica Moldova şi Banca Europeană pentru Reconstrucție și Dezvoltare în cadrul Proiectului IV de reabilitare a drumurilor din Moldova,Grant,BERD,,legis.md,,https://www.legis.md/cautare/getResults?doc_id=89443&lang=ro
LP184/2015,29.10.2015,Lege,Lege pentru ratificarea Acordului privind asistenţa financiară rambursabilă dintre Republica Moldova şi România,Grant,România,,legis.md,,https://www.legis.md/cautare/getResults?doc_id=89507&lang=ro
LP183/2015,29.10.2015,Lege,"Lege pentru ratificarea celui de-al cincilea Protocol adiţional între Guvernul Republicii Moldova şi Guvernul României la Acordul dintre Guvernul Republicii Moldova şi Guvernul României privind implementarea programului de asistenţă tehnică şi financiară în baza unui ajutor financiar nerambursabil în valoare de 100 milioane de euro acordat de România Republicii Moldova, semnat la Bucureşti la 27 aprilie 2010, astfel cum a fost modificat prin cele patru protocoale adiţionale",Asistență tehnică,România,27.04.2010,legis.md,,https://www.legis.md/cautare/getResults?doc_id=126554&lang=ro
LP182/2015,29.10.2015,Lege,"Lege pentru ratificarea celui de-al patrulea Protocol adițional între Guvernul Republicii Moldova și Guvernul României la Acordul dintre Guvernul Republicii Moldova și Guvernul României privind implementarea programului de asistență tehnică și financiară în baza unui ajutor financiar nerambursabil în valoare de 100 milioane de euro acordat de România Republicii Moldova, semnat la București, la 27 aprilie 2010, astfel cum a fost modificat prin cele trei protocoale adiționale",Asistență tehnică,România,,legis.md,,https://www.legis.md/cautare/getResults?doc_id=126551&lang=ro
DPRM1798/2015,29.10.2015,Decret,Decret pentru inițierea negocierilor și aprobarea semnării Acordului de Grant nr. TF0 19354 dintre Republica Moldova și Asociația Internațională pentru Dezvoltare în vederea realizării Proiectului „Fortificarea capacităților Sistemului Informațional de Management în Educație (SIME)”,Grant,AID,,legis.md,,https://www.legis.md/cautare/getResults?doc_id=89270&lang=ro
HG761/2015,28.10.2015,Hotărâre,"Hotărâre cu privire la aprobarea proiectului de lege pentru ratificarea Acordului de grant dintre Republica Moldova şi Banca Europeană pentru Reconstrucție şi Dezvoltare (BERD), în cadrul Proiectului IV de reabilitare a drumurilor din Moldova, întocmit la Chișinău la 5 mai 2015",Grant,BERD,,legis.md,,https://www.legis.md/cautare/getResults?doc_id=88790&lang=ro
LP179/2015,22.10.2015,Lege,"Lege pentru ratificarea Acordului de grant, prin schimb de note, dintre Guvernul Republicii Moldova şi Guvernul Japoniei în vederea realizării Programului de granturi nonproiect în domeniul educației",Grant,Japonia,,legis.md,,https://www.legis.md/cautare/getResults?doc_id=89501&lang=ro
LP177/2015,22.10.2015,Lege,Lege pentru ratificarea Acordului de finanţare dintre Guvernul Republicii Moldova şi Comisia Europeană privind implementarea Programului ENPARD Moldova – suport pentru agricultură şi dezvoltare rurală,Grant,UE,,legis.md,,https://www.legis.md/cautare/getResults?doc_id=89497&lang=ro
HG728/2015,19.10.2015,Hotărâre,"Hotărâre cu privire la aprobarea proiectului de lege pentru ratificarea celui de-al cincilea Protocol adiţional între Guvernul Republicii Moldova şi Guvernul României la Acordul dintre Guvernul Republicii Moldova şi Guvernul României privind implementarea programului de asistenţă tehnică şi financiară în baza unui ajutor financiar nerambursabil în valoare de 100 milioane euro acordat de România Republicii Moldova, semnat la Bucureşti la 27 aprilie 2010, astfel cum a fost modificat prin cele patru Protocoale adiționale, încheiat la București la 23 septembrie 2015 și la Chişinău la 24 septembrie 2015",Asistență tehnică,România,27.04.2010,legis.md,,https://www.legis.md/cautare/getResults?doc_id=88655&lang=ro
HG681/2015,07.10.2015,Hotărâre,"Hotărâre cu privire la aprobarea proiectului de lege pentru ratificarea Acordului privind asistenţa financiară rambursabilă între Republica Moldova şi România, semnat la Chişinău la 7 octombrie 2015",Grant,România,07.10.2015,legis.md,,https://www.legis.md/cautare/getResults?doc_id=88513&lang=ro
DPRM1778/2015,05.10.2015,Decret,Decret pentru inițierea negocierilor și aprobarea semnării Acordului privind asistența financiară rambursabilă între Republica Moldova și România,Grant,România,,legis.md,,https://www.legis.md/cautare/getResults?doc_id=88438&lang=ro
HG678/2015,28.09.2015,Hotărâre,Hotărâre cu privire la iniţierea negocierilor asupra proiectului Acordului de împrumut dintre Guvernul Republicii Moldova şi Guvernul României în vederea atragerii împrumutului extern pentru suportul bugetar și acordarea împuternicirilor pentru negocierea acestuia,Împrumut,România,,legis.md,,https://www.legis.md/cautare/getResults?doc_id=88244&lang=ro
DPRM1762/2015,24.09.2015,Decret,Decret pentru iniţierea negocierilor asupra proiectului Acordului de finanțare între Republica Moldova şi Asociația Internațională pentru Dezvoltare și asupra proiectului Acordului de împrumut între Republica Moldova și Banca Internațională pentru Reconstrucție și Dezvoltare în vederea realizării Proiectului „Îmbunătățirea drumurilor locale”,Împrumut,BIRD / AID,,legis.md,,https://www.legis.md/cautare/getResults?doc_id=88122&lang=ro
HG657/2015,21.09.2015,Hotărâre,"Hotărâre cu privire la iniţierea negocierilor şi aprobarea semnării celui de-al cincilea Protocol adiţional între Guvernul Republicii Moldova şi Guvernul României la Acordul dintre Guvernul Republicii Moldova şi Guvernul României privind implementarea programului de asistenţă tehnică şi financiară în baza unui ajutor financiar nerambursabil în valoare de 100 milioane euro acordat de România Republicii Moldova, semnat la Bucureşti la 27 aprilie 2010, astfel cum a fost modificat prin cele patru Protocoale adiţionale",Asistență tehnică,România,27.04.2010,legis.md,,https://www.legis.md/cautare/getResults?doc_id=88197&lang=ro
DPRM1756/2015,17.09.2015,Decret,"Decret privind inițierea negocierilor și aprobarea semnării Acordului de Grant dintre Republica Moldova și Banca Europeană pentru Reconstrucție și Dezvoltare, în cadrul Proiectului de Restructurare a Căilor Ferate din Moldova, acordat din Fondul Special BERD",Grant,BERD,,legis.md,,https://www.legis.md/cautare/getResults?doc_id=86830&lang=ro
DPRM1755/2015,17.09.2015,Decret,"Decret privind inițierea negocierilor și aprobarea semnării Acordului de Grant dintre Republica Moldova și Banca Europeană pentru Reconstrucție și Dezvoltare, în cadrul Proiectului de Restructurare a Căilor Ferate din Moldova, acordat din Fondul de Investiții pentru Vecinătate",Grant,BERD,,legis.md,,https://www.legis.md/cautare/getResults?doc_id=86827&lang=ro
HG634/2015,11.09.2015,Hotărâre,"Hotărâre cu privire la aprobarea proiectului de lege pentru ratificarea celui de-al patrulea Protocol Adiţional dintre Guvernul Republicii Moldova şi Guvernul României la Acordul dintre Guvernul Republicii Moldova şi Guvernul României privind implementarea programului de asistenţă tehnică şi financiară în baza unui ajutor financiar nerambursabil în valoare de 100 milioane euro acordat de România Republicii Moldova, semnat la Bucureşti la 27 aprilie 2010, astfel cum a fost modificat prin cele trei protocoale adiționale, încheiat la Chişinău la 27 august 2015",Asistență tehnică,România,27.04.2010,legis.md,,https://www.legis.md/cautare/getResults?doc_id=86803&lang=ro
HG613/2015,11.09.2015,Hotărâre,"Hotărâre pentru iniţierea negocierilor şi aprobarea semnării Acordului, întocmit prin schimb de note, dintre Guvernul Republicii Moldova, Comisia Europeană şi Guvernul Ucrainei privind prelungirea mandatului Misiunii Comisiei Europene de Asistenţă la Frontieră în Republica Moldova şi în Ucraina",Grant,UE,,legis.md,,https://www.legis.md/cautare/getResults?doc_id=86186&lang=ro
HG603/2015,02.09.2015,Hotărâre,"Hotărâre cu privire la aprobarea proiectului de lege pentru ratificarea Acordului de grant, prin schimb de note, dintre Guvernul Republicii Moldova şi Guvernul Japoniei în vederea realizării Programului de granturi nonproiect în domeniul educației, semnat la Chișinău la 15 aprilie 2015",Grant,Japonia,15.04.2015,legis.md,,https://www.legis.md/cautare/getResults?doc_id=85144&lang=ro
DPRM1721/2015,12.08.2015,Decret,Decret privind promulgarea Legii pentru ratificarea celui de-al treilea Protocol adițional între Guvernul Republicii Moldova și Guvernul României la Acordul dintre Guvernul Republicii Moldova și Guvernul României privind implementarea programului de asistență tehnică și financiară în baza unui ajutor nerambursabil în valoare de 100 milioane de euro acordat de România Republicii Moldova,Asistență tehnică,România,,legis.md,,https://www.legis.md/cautare/getResults?doc_id=84199&lang=ro
HG483/2015,07.08.2015,Hotărâre,"Hotărâre cu privire la aprobarea proiectului de lege pentru ratificarea Acordului de finanţare dintre Guvernul Republicii Moldova şi Comisia Europeană privind implementarea Programului ENPARD Moldova – Suport pentru agricultură şi dezvoltare rurală, semnat la Chişinău la 26 martie 2015",Grant,UE,26.03.2015,legis.md,,https://www.legis.md/cautare/getResults?doc_id=83710&lang=ro
DPRM1715/2015,07.08.2015,Decret,Decret pentru promulgarea Legii privind ratificarea Acordului de finanțare dintre Republica Moldova și Banca Internațională pentru Reconstrucție și Dezvoltare în vederea realizării Proiectului de îmbunătățire a eficienței sectorului de alimentare centralizată cu energie termică,Împrumut,BIRD,,legis.md,,https://www.legis.md/cautare/getResults?doc_id=84191&lang=ro
DPRM1714/2015,07.08.2015,Decret,Decret pentru promulgarea Legii privind ratificarea Acordului de finanțare adițională dintre Republica Moldova și Asociația Internațională pentru Dezvoltare în vedere realizării Proiectului „Managementul dezastrelor și riscurilor climatice în Moldova” (Credit nr. 5637-MD),Împrumut,AID,,legis.md,,https://www.legis.md/cautare/getResults?doc_id=84189&lang=ro
LP152/2015,30.07.2015,Lege,Lege privind ratificarea Acordului de finanţare adiţională dintre Republica Moldova şi Asociaţia Internaţională pentru Dezvoltare în vederea realizării Proiectului „Managementul dezastrelor şi riscurilor climatice în Moldova” (Credit nr. 5637-MD),Împrumut,AID,,legis.md,,https://www.legis.md/cautare/getResults?doc_id=84453&lang=ro
LP149/2015,30.07.2015,Lege,Lege pentru ratificarea celui de-al treilea Protocol adiţional între Guvernul Republicii Moldova și Guvernul României la Acordul dintre Guvernul Republicii Moldova şi Guvernul României privind implementarea programului de asistenţă tehnică şi financiară în baza unui ajutor nerambursabil în valoare de 100 milioane de euro acordat de România Republicii Moldova,Asistență tehnică,România,,legis.md,,https://www.legis.md/cautare/getResults?doc_id=126543&lang=ro
LP148/2015,30.07.2015,Lege,Lege privind ratificarea Acordului de finanţare dintre Republica Moldova şi Banca Internaţională pentru Reconstrucţie şi Dezvoltare în vederea realizării Proiectului de îmbunătăţire a eficienţei sectorului de alimentare centralizată cu energie termică,Împrumut,BIRD,,legis.md,,https://www.legis.md/cautare/getResults?doc_id=84452&lang=ro
DPRM1689/2015,21.07.2015,Decret,Decret privind promulgarea Legii pentru ratificarea Contractului de finanțare dintre Republica Moldova și Banca Europeană de Investiții în vederea realizării Proiectului Apă Nord Moldova,Împrumut,BEI,,legis.md,,https://www.legis.md/cautare/getResults?doc_id=84140&lang=ro
DPRM1688/2015,21.07.2015,Decret,Decret privind promulgarea Legii pentru ratificarea Acordului de împrumut dintre Republica Moldova și Banca Europeană pentru Reconstrucție și Dezvoltare în vederea realizării Proiectului Apă Nord Moldova,Împrumut,BERD,,legis.md,,https://www.legis.md/cautare/getResults?doc_id=84139&lang=ro
LP129/2015,02.07.2015,Lege,Lege pentru ratificarea Contractului de finanțare dintre Republica Moldova şi Banca Europeană de Investiții în vederea realizării Proiectului Apă Nord Moldova,Împrumut,BEI,,legis.md,,https://www.legis.md/cautare/getResults?doc_id=84592&lang=ro
LP128/2015,02.07.2015,Lege,Lege pentru ratificarea Acordului de împrumut dintre Republica Moldova şi Banca Europeană pentru Reconstrucţie şi Dezvoltare în vederea realizării Proiectului Apă Nord Moldova,Împrumut,BERD,,legis.md,,https://www.legis.md/cautare/getResults?doc_id=84591&lang=ro
DPRM1659/2015,30.06.2015,Decret,Decret privind inițierea negocierilor și aprobarea semnării Acordului de Grant nr. TF0A0151 dintre Republica Moldova și Asociația Internațională pentru Dezvoltare în vederea realizării Proiectului „Îmbunătățirea drumurilor locale”,Grant,AID,,legis.md,,https://www.legis.md/cautare/getResults?doc_id=76696&lang=ro
HG396/2015,16.06.2015,Hotărâre,"Hotărâre cu privire la aprobarea Memorandumului de înţelegere dintre Guvernul Republicii Moldova şi Guvernul României privind realizarea proiectelor necesare interconectării reţelelor de gaze naturale şi energie electrică din Republica Moldova şi România, semnat la Chişinău la 21 mai 2015",Asistență tehnică,România,21.05.2015,legis.md,,https://www.legis.md/cautare/getResults?doc_id=110011&lang=ro
HG362/2015,12.06.2015,Hotărâre,"Hotărâre cu privire la aprobarea proiectului de lege pentru ratificarea celui de-al treilea Protocol adiţional între Guvernul Republicii Moldova şi Guvernul României la Acordul dintre Guvernul Republicii Moldova şi Guvernul României privind implementarea Programului de asistenţă tehnică şi financiară în baza unui ajutor nerambursabil în valoare de 100 milioane de euro acordat de România Republicii Moldova, semnat la Chişinău la 10 decembrie 2013",Asistență tehnică,România,10.12.2013,legis.md,,https://www.legis.md/cautare/getResults?doc_id=67245&lang=ro
HG357/2015,11.06.2015,Hotărâre,"Hotărâre cu privire la aprobarea proiectului legii privind ratificarea Acordului de finanţare adiţională dintre Republica Moldova şi Asociaţia Internaţională pentru Dezvoltare în vederea realizării Proiectului „Managementul dezastrelor şi riscurilor climatice în Moldova” (Credit nr.5637-MD), semnat la Chişinău la 21 mai 2015",Împrumut,AID,21.05.2015,legis.md,,https://www.legis.md/cautare/getResults?doc_id=67239&lang=ro
DPRM1631/2015,10.06.2015,Decret,Decret privind promulgarea Legii pentru ratificarea Acordului de finanţare adiţională dintre Republica Moldova şi Asociaţia Internaţională pentru Dezvoltare în vederea realizării proiectului „Agricultura competitivă” (Credit nr. 5639-MD),Împrumut,AID,,legis.md,,https://www.legis.md/cautare/getResults?doc_id=76647&lang=ro
HG333/2015,04.06.2015,Hotărâre,"Hotărâre pentru aprobarea proiectului de lege privind ratificarea Acordului de finanţare dintre Republica Moldova şi Banca Internaţională pentru Reconstrucţie şi Dezvoltare în vederea realizării Proiectului de îmbunătăţire a eficienţei sectorului de alimentare centralizată cu energie termică, semnat la Chişinău la 15 aprilie 2015",Împrumut,BIRD,15.04.2015,legis.md,,https://www.legis.md/cautare/getResults?doc_id=67461&lang=ro
HG326/2015,02.06.2015,Hotărâre,"Hotărâre pentru aprobarea Addendumului nr. 1, întocmit prin schimb de scrisori la 25 martie 2015, la Acordul de finanţare dintre Guvernul Republicii Moldova şi Uniunea Europeană privind Programul de suport al reformei justiţiei, semnat la Bruxelles la 14 iunie 2013",Grant,UE,14.06.2013,legis.md,,https://www.legis.md/cautare/getResults?doc_id=67444&lang=ro
LP122/2015,28.05.2015,Lege,Lege pentru ratificarea Acordului de finanţare adiţională dintre Republica Moldova şi Asociaţia Internaţională pentru Dezvoltare în vederea realizării proiectului „Agricultura competitivă” (Credit nr. 5639-MD),Împrumut,AID,,legis.md,,https://www.legis.md/cautare/getResults?doc_id=82617&lang=ro
HG310/2015,27.05.2015,Hotărâre,"Hotărâre cu privire la aprobarea proiectului de lege pentru ratificarea Acordului de finanţare adiţională dintre Republica Moldova şi Asociaţia Internaţională pentru Dezvoltare în vederea realizării Proiectului „Agricultura Competitivă” (Credit nr. 5639-MD), semnat la Chişinău la 21 mai 2015",Împrumut,AID,21.05.2015,legis.md,,https://www.legis.md/cautare/getResults?doc_id=67054&lang=ro
HG298/2015,26.05.2015,Hotărâre,"Hotărâre cu privire la aprobarea proiectului de lege pentru ratificarea Contractului de finanţare dintre Republica Moldova şi Banca Europeană de Investiţii în vederea realizării Proiectului de alimentare cu apă în regiunea de dezvoltare Nord a Republicii Moldova, semnat la Chişinău la 31 iulie 2014",Împrumut,BEI,31.07.2014,legis.md,,https://www.legis.md/cautare/getResults?doc_id=66770&lang=ro
HG297/2015,26.05.2015,Hotărâre,"Hotărâre cu privire la aprobarea proiectului de lege pentru ratificarea Acordului de împrumut dintre Republica Moldova şi Banca Europeană pentru Reconstrucţie şi Dezvoltare în vederea realizării Proiectului de alimentare cu apă în regiunea de dezvoltare Nord a Republicii Moldova, semnat la Chişinău la 30 iulie 2014",Împrumut,BERD,30.07.2014,legis.md,,https://www.legis.md/cautare/getResults?doc_id=66769&lang=ro
HG284/2015,25.05.2015,Hotărâre,Hotărâre privind iniţierea negocierilor şi aprobarea semnării Memorandumului de Înţelegere dintre Ministerul Sănătăţii al Republicii Moldova şi Agenţia Elveţiană pentru Dezvoltare şi Cooperare cu privire la Proiectul „Generaţie sănătoasă (Servicii de sănătate prietenoase tinerilor în Republica Moldova)”,Asistență tehnică,Elveția,,legis.md,,https://www.legis.md/cautare/getResults?doc_id=66756&lang=ro
HG282/2015,20.05.2015,Hotărâre,Hotărâre cu privire la iniţierea negocierilor şi aprobarea semnării Memorandumului de înţelegere între Guvernul Republicii Moldova şi Guvernul României privind realizarea proiectelor necesare interconectării reţelelor de gaze naturale şi energie electrică din Republica Moldova şi România,Asistență tehnică,România,,legis.md,,https://www.legis.md/cautare/getResults?doc_id=66326&lang=ro
DPRM1570/2015,11.05.2015,Decret,Decret privind aprobarea semnării Acordului de finanţare adiţională dintre Republica Moldova şi Asociaţia Internaţională pentru Dezvoltare în vederea realizării Proiectului „Managementul dezastrelor şi riscurilor climatice în Moldova” (Credit nr. 4794-MD),Împrumut,AID,,legis.md,,https://www.legis.md/cautare/getResults?doc_id=52680&lang=ro
DPRM1569/2015,11.05.2015,Decret,Decret privind aprobarea semnării Acordului de finanţare adiţională dintre Republica Moldova şi Asociaţia Internaţională pentru Dezvoltare în vederea realizării Proiectului „Agricultura Competitivă” (Credit nr. 50950-MD),Împrumut,AID,,legis.md,,https://www.legis.md/cautare/getResults?doc_id=52670&lang=ro
HG224/2015,30.04.2015,Hotărâre,"Hotărâre privind iniţierea negocierilor şi aprobarea semnării Amendamentului VII la Acordul de asistenţă dintre Guvernul Republicii Moldova şi Guvernul Statelor Unite ale Americii pentru Proiectul de susţinere a autorităţilor publice locale, semnat la Chişinău la 17 septembrie 2010",Grant,SUA,17.09.2010,legis.md,,https://www.legis.md/cautare/getResults?doc_id=66554&lang=ro
DPRM1519/2015,14.04.2015,Decret,Decret privind promulgarea Legii pentru ratificarea Acordului de grant nr. TF017415 dintre Republica Moldova şi Asociaţia Internaţională pentru Dezvoltare în vederea realizării Proiectului de modernizare a administrării fiscale (TAMP),Grant,AID,,legis.md,,https://www.legis.md/cautare/getResults?doc_id=51518&lang=ro
DPRM1517/2015,14.04.2015,Decret,Decret privind iniţierea negocierilor asupra proiectului Acordului de finanţare adiţională dintre Republica Moldova şi Asociaţia Internaţională pentru Dezvoltare în vederea realizării Proiectului „Managementul dezastrelor şi riscurilor climatice în Moldova” (Credit nr.4794-MD),Împrumut,AID,,legis.md,,https://www.legis.md/cautare/getResults?doc_id=51513&lang=ro
DPRM1510/2015,09.04.2015,Decret,Decret privind iniţierea negocierilor asupra proiectului Acordului de finanţare adiţională dintre Republica Moldova şi Asociaţia Internaţională pentru Dezvoltare în vederea realizării Proiectului „Agricultura Competitivă” (Credit nr.50950-MD),Împrumut,AID,,legis.md,,https://www.legis.md/cautare/getResults?doc_id=51522&lang=ro
DPRM1509/2015,09.04.2015,Decret,Decret privind promulgarea Legii pentru ratificarea Acordului de finanţare (grant danez) a Programului rural de rezilienţă economico-climatică incluzivă (IRECR) dintre Republica Moldova şi Fondul Internaţional pentru Dezvoltare Agricolă (grant nr. 2000000703),Asistență financiară,FIDA,,legis.md,,https://www.legis.md/cautare/getResults?doc_id=52100&lang=ro
DPRM1508/2015,09.04.2015,Decret,Decret privind promulgarea Legii pentru ratificarea Contractului de finanţare dintre Republica Moldova şi Banca Europeană de Investiţii în vederea implementării Proiectului „Livada Moldovei”,Împrumut,BEI,,legis.md,,https://www.legis.md/cautare/getResults?doc_id=52098&lang=ro
LP46/2015,02.04.2015,Lege,Lege pentru ratificarea Contractului de finanţare dintre Republica Moldova şi Banca Europeană de Investiţii în vederea implementării Proiectului „Livada Moldovei”,Împrumut,BEI,,legis.md,,https://www.legis.md/cautare/getResults?doc_id=61541&lang=ro
LP45/2015,02.04.2015,Lege,Lege pentru ratificarea Acordului de finanţare (grant danez) a Programului rural de rezilienţă economico-climatică incluzivă (IRECR) dintre Republica Moldova şi Fondul Internaţional pentru Dezvoltare Agricolă (grant nr. 2000000703),Asistență financiară,FIDA,,legis.md,,https://www.legis.md/cautare/getResults?doc_id=61537&lang=ro
LP44/2015,02.04.2015,Lege,Lege pentru ratificarea Acordului de grant nr. TF017415 dintre Republica Moldova şi Asociaţia Internaţională pentru Dezvoltare în vederea realizării Proiectului de modernizare a administrării fiscale (TAMP),Grant,AID,,legis.md,,https://www.legis.md/cautare/getResults?doc_id=61530&lang=ro
DPRM1500/2015,01.04.2015,Decret,Decret privind aprobarea semnării Acordului de finanţare dintre Republica Moldova şi Banca Internaţională pentru Reconstrucţie şi Dezvoltare în vederea realizării Proiectului de îmbunătăţire a eficienţei sectorului de alimentare centralizată cu energie termică,Împrumut,BIRD,,legis.md,,https://www.legis.md/cautare/getResults?doc_id=53158&lang=ro
DPRM1493/2015,30.03.2015,Decret,Decret privind promulgarea Legii pentru ratificarea Acordului de finanţare dintre Republica Moldova şi Asociaţia Internaţională pentru Dezvoltare în vederea realizării Proiectului „Modernizarea sectorului sănătăţii în Republica Moldova”,Împrumut,AID,,legis.md,,https://www.legis.md/cautare/getResults?doc_id=53145&lang=ro
HG100/2015,25.03.2015,Hotărâre,Hotărâre cu privire la iniţierea negocierilor şi aprobarea semnării Acordului de finanţare dintre Guvernul Republicii Moldova şi Comisia Europeană privind implementarea Programului ENPARD Moldova – Suport pentru agricultură şi dezvoltare rurală (ENI/2014/034-128),Grant,UE,,legis.md,,https://www.legis.md/cautare/getResults?doc_id=66604&lang=ro
LP35/2015,19.03.2015,Lege,Lege pentru ratificarea Acordului de finanţare dintre Republica Moldova şi Asociaţia Internaţională pentru Dezvoltare în vederea realizării Proiectului „Modernizarea sectorului sănătăţii în Republica Moldova”,Împrumut,AID,,legis.md,,https://www.legis.md/cautare/getResults?doc_id=61671&lang=ro
HG83/2015,16.03.2015,Hotărâre,"Hotărâre pentru iniţierea negocierilor şi aprobarea semnării Addendumului nr. 1, întocmit prin schimb de scrisori, la Acordul de finanţare dintre Guvernul Republicii Moldova şi Uniunea Europeană privind Programul de suport al reformei justiţiei, semnat la Bruxelles la 14 iunie 2013",Grant,UE,14.06.2013,legis.md,,https://www.legis.md/cautare/getResults?doc_id=66858&lang=ro
DPRM1477/2015,16.03.2015,Decret,Decret pentru promulgarea Legii privind ratificarea Acordului de împrumut dintre Republica Moldova şi Banca Europeană pentru Reconstrucţie şi Dezvoltare în vederea realizării Proiectului de achiziţie a locomotivelor şi de restructurare a infrastructurii feroviare,Împrumut,BERD,,legis.md,,https://www.legis.md/cautare/getResults?doc_id=51866&lang=ro
DPRM1474/2015,13.03.2015,Decret,Decret privind iniţierea negocierilor şi aprobarea semnării Acordului de grant dintre Republica Moldova şi Banca Europeană pentru Reconstrucţie şi Dezvoltare în cadrul Proiectului IV de reabilitare a drumurilor din Republica Moldova,Grant,BERD,,legis.md,,https://www.legis.md/cautare/getResults?doc_id=51863&lang=ro
HG76/2015,11.03.2015,Hotărâre,"Hotărâre cu privire la aprobarea proiectului de lege pentru ratificarea Acordului de grant nr.TF017415 dintre Republica Moldova şi Asociaţia Internaţională pentru Dezvoltare în vederea realizării Proiectului de modernizare a administrării fiscale (TAMP), semnat la Chişinău la 10 iulie 2014",Grant,AID,10.07.2014,legis.md,,https://www.legis.md/cautare/getResults?doc_id=67274&lang=ro
HG74/2015,11.03.2015,Hotărâre,"Hotărâre cu privire la aprobarea proiectului de lege pentru ratificarea Contractului de finanţare dintre Republica Moldova şi Banca Europeană de Investiţii în vederea implementării Proiectului „Livada Moldovei”, semnat la Chişinău la 31 iulie 2014",Împrumut,BEI,31.07.2014,legis.md,,https://www.legis.md/cautare/getResults?doc_id=67263&lang=ro
HG73/2015,11.03.2015,Hotărâre,"Hotărâre cu privire la aprobarea proiectului de lege pentru ratificarea Acordului de finanţare (grant danez) a Programului rural de rezilienţă economico-climatică incluzivă (IRECR) dintre Republica Moldova şi Fondul Internaţional pentru Dezvoltare Agricolă (grant nr. 2000000703), semnat la Chişinău la 22 septembrie 2014",Asistență financiară,FIDA,22.09.2014,legis.md,,https://www.legis.md/cautare/getResults?doc_id=67259&lang=ro
HG68/2015,09.03.2015,Hotărâre,"Hotărâre cu privire la iniţierea negocierilor şi aprobarea semnării celui de-al patrulea Protocol Adiţional între Guvernul Republicii Moldova şi Guvernul României la Acordul între Guvernul Republicii Moldova şi Guvernul României privind implementarea programului de asistenţă tehnică şi financiară în baza unui ajutor financiar nerambursabil în valoare de 100 milioane euro acordat de România Republicii Moldova, semnat la Bucureşti, la 27 aprilie 2010",Asistență tehnică,România,,legis.md,,https://www.legis.md/cautare/getResults?doc_id=67217&lang=ro
HG62/2015,06.03.2015,Hotărâre,"Hotărâre cu privire la aprobarea proiectului de lege pentru ratificarea Acordului de finanţare dintre Republica Moldova şi Asociaţia Internaţională pentru Dezvoltare privind finanţarea Proiectului „Modernizarea sectorului sănătăţii în Republica Moldova”, semnat la Chişinău la 11 iulie 2014",Împrumut,AID,11.07.2014,legis.md,,https://www.legis.md/cautare/getResults?doc_id=67200&lang=ro
LP22/2015,27.02.2015,Lege,Lege privind ratificarea Acordului de împrumut dintre Republica Moldova şi Banca Europeană pentru Reconstrucţie şi Dezvoltare în vederea realizării Proiectului de achiziţie a locomotivelor şi de restructurare a infrastructurii feroviare,Împrumut,BERD,,legis.md,,https://www.legis.md/cautare/getResults?doc_id=64043&lang=ro
DPRM1463/2015,27.02.2015,Decret,Decret privind promulgarea Legii pentru ratificarea Acordului de finanţare dintre Republica Moldova şi Banca Europeană pentru Reconstrucţie şi Dezvoltare în vederea realizării Proiectului „Sistemul termoenergetic al municipiului Bălţi (S.A. «CET-Nord»)”,Împrumut,BERD,,legis.md,,https://www.legis.md/cautare/getResults?doc_id=51840&lang=ro
DPRM1462/2015,27.02.2015,Decret,Decret privind promulgarea Legii pentru ratificarea Acordului de credit export dintre Guvernul Republicii Moldova şi UniCredit Bank Austria AG privind finanţarea Proiectului „Consolidarea serviciului salvatori şi pompieri în localităţile rurale ale Republicii Moldova,Împrumut,Bancă comercială străină,,legis.md,,https://www.legis.md/cautare/getResults?doc_id=51839&lang=ro
LP16/2015,20.02.2015,Lege,Lege pentru ratificarea Acordului de credit export dintre Guvernul Republicii Moldova şi UniCredit Bank Austria AG privind finanţarea Proiectului „Consolidarea serviciului salvatori şi pompieri în localităţile rurale ale Republicii Moldova”,Împrumut,Bancă comercială străină,,legis.md,,https://www.legis.md/cautare/getResults?doc_id=63849&lang=ro
LP15/2015,20.02.2015,Lege,Lege privind ratificarea Acordului de finanţare dintre Republica Moldova şi Banca Europeană pentru Reconstrucţie şi Dezvoltare în vederea realizării Proiectului „Sistemul termoenergetic al municipiului Bălţi (S.A. «CET-Nord»)”,Împrumut,BERD,,legis.md,,https://www.legis.md/cautare/getResults?doc_id=63848&lang=ro
HG990/2014,10.12.2014,Hotărâre,"Hotărâre pentru aprobarea proiectului de lege cu privire la ratificarea Acordului de credit export dintre Guvernul Republicii Moldova şi UniCredit Bank Austria AG privind finanţarea Proiectului „Consolidarea serviciului salvatori şi pompieri în localităţile rurale ale Republicii Moldova”, semnat la 21 noiembrie 2014",Împrumut,Bancă comercială străină,21.11.2014,legis.md,,https://www.legis.md/cautare/getResults?doc_id=19716&lang=ro
HG985/2014,09.12.2014,Hotărâre,"Hotărâre pentru aprobarea proiectului de lege privind ratificarea Acordului de finanţare dintre Republica Moldova şi Banca Europeană pentru Reconstrucţie şi Dezvoltare în vederea realizării proiectului „Sistemul termoenergetic al mun. Bălţi (SA „CET-Nord”)”, semnat la Bălţi la 30 octombrie 2014",Împrumut,BERD,30.10.2014,legis.md,,https://www.legis.md/cautare/getResults?doc_id=19563&lang=ro
HG982/2014,08.12.2014,Hotărâre,"Hotărâre cu privire la aprobarea proiectului de lege privind ratificarea Acordului de împrumut dintre Republica Moldova şi Banca Europeană pentru Reconstrucţie şi Dezvoltare în vederea realizării Proiectului de achiziţie a locomotivelor şi restructurarea infrastructurii feroviare, semnat la Chişinău la 14 noiembrie 2014",Împrumut,BERD,14.11.2014,legis.md,,https://www.legis.md/cautare/getResults?doc_id=19157&lang=ro
HG956/2014,17.11.2014,Hotărâre,"Hotărâre privind iniţierea negocierilor şi aprobarea semnării Amendamentului VI la Acordul de asistenţă dintre Guvernul Republicii Moldova şi Guvernul Statelor Unite ale Americii pentru Proiectul de susţinere a autorităţilor publice locale, semnat la Chişinău la 17 septembrie 2010",Grant,SUA,17.09.2010,legis.md,,https://www.legis.md/cautare/getResults?doc_id=19046&lang=ro
HG955/2014,17.11.2014,Hotărâre,"Hotărâre privind iniţierea negocierilor şi aprobarea semnării Amendamentului VI la Acordul de asistenţă dintre Guvernul Republicii Moldova şi Guvernul Statelor Unite ale Americii pentru Programul de consolidare a instituţiilor statului de drept, semnat la Chişinău la 22 iulie 2011",Grant,SUA,22.07.2011,legis.md,,https://www.legis.md/cautare/getResults?doc_id=19040&lang=ro
HG954/2014,17.11.2014,Hotărâre,"Hotărâre privind iniţierea negocierilor şi aprobarea semnării Amendamentului VI la Acordul de asistenţă dintre Guvernul Republicii Moldova şi Guvernul Statelor Unite ale Americii pentru creşterea economică, semnat la Chişinău la 6 iulie 2010",Grant,SUA,06.07.2010,legis.md,,https://www.legis.md/cautare/getResults?doc_id=19035&lang=ro
HG922/2014,12.11.2014,Hotărâre,"Hotărâre pentru aprobarea Acordului de finanţare dintre Guvernul Republicii Moldova şi Comisia Europeană privind Programul de suport al instituirii Zonei de Liber Schimb Aprofundat şi Cuprinzător în Republica Moldova, semnat la 6 noiembrie 2014",Grant,UE,06.11.2014,legis.md,,https://www.legis.md/cautare/getResults?doc_id=91930&lang=ro
HG921/2014,12.11.2014,Hotărâre,"Hotărâre pentru aprobarea Acordului de finanţare dintre Guvernul Republicii Moldova şi Uniunea Europeană privind Programul de suport pentru reformele politicii finanţelor publice din Republica Moldova, semnat la 27 octombrie 2014",Grant,UE,27.10.2014,legis.md,,https://www.legis.md/cautare/getResults?doc_id=18657&lang=ro
HG900/2014,27.10.2014,Hotărâre,Hotărâre cu privire la aprobarea semnării Acordului de finanţare dintre Republica Moldova şi Banca Europeană pentru Reconstrucţie şi Dezvoltare în vederea realizării proiectului „Sistemul termoenergetic al mun. Bălţi (S.A. „CET-Nord”)”,Împrumut,BERD,,legis.md,,https://www.legis.md/cautare/getResults?doc_id=18637&lang=ro
HG891/2014,23.10.2014,Hotărâre,"Hotărâre cu privire la aprobarea proiectului de lege pentru ratificarea Acordului de finanţare (grant danez) a Programului rural de rezilienţă economico-climatică incluzivă (IRECR) dintre Republica Moldova şi Fondul Internaţional pentru Dezvoltarea Agricolă (grant nr. 2000000703), semnat la Chişinău la 22 septembrie 2014",Asistență financiară,FIDA,22.09.2014,legis.md,,https://www.legis.md/cautare/getResults?doc_id=84924&lang=ro
HG885/2014,22.10.2014,Hotărâre,Hotărâre pentru iniţierea negocierilor şi aprobarea semnării Acordului de finanţare dintre Guvernul Republicii Moldova şi Comisia Europeană privind Programul de suport al instituirii Zonei de Liber Schimb Aprofundat şi Cuprinzător în Republica Moldova,Grant,UE,,legis.md,,https://www.legis.md/cautare/getResults?doc_id=18607&lang=ro
HG864/2014,08.10.2014,Hotărâre,"Hotărâre cu privire la împuternicirea domnului Anatol Arapu, ministru al finanţelor, pentru semnarea Acordului de credit export dintre Republica Moldova şi UniCredit Bank Austria AG privind finanţarea Proiectului „Consolidarea serviciului salvatori şi pompieri în localităţile rurale ale Republicii Moldova”",Împrumut,Bancă comercială străină,,legis.md,,https://www.legis.md/cautare/getResults?doc_id=18952&lang=ro
HG857/2014,08.10.2014,Hotărâre,Hotărâre pentru iniţierea negocierilor şi aprobarea semnării Acordului de finanţare dintre Guvernul Republicii Moldova şi Uniunea Europeană privind Programul de suport pentru reformele politicii finanţelor publice din Republica Moldova,Grant,UE,,legis.md,,https://www.legis.md/cautare/getResults?doc_id=18938&lang=ro
HG838/2014,08.10.2014,Hotărâre,Hotărâre cu privire la iniţierea negocierilor şi aprobarea semnării Memorandumului de Înţelegere între Ministerul Sănătăţii al Republicii Moldova şi Agenţia Elveţiană pentru Dezvoltare şi Cooperare cu privire la Proiectul „Suport pentru reforma serviciilor de sănătate mintală în Republica Moldova”,Asistență tehnică,Elveția,,legis.md,,https://www.legis.md/cautare/getResults?doc_id=19387&lang=ro
HG800/2014,30.09.2014,Hotărâre,Hotărâre cu privire la iniţierea negocierilor asupra proiectului Acordului de finanţare dintre Republica Moldova şi Banca Internaţională pentru Reconstrucţie şi Dezvoltare în vederea realizării Proiectului de îmbunătăţire a eficienţei sectorului de alimentare centralizată cu energie termică,Împrumut,BIRD,,legis.md,,https://www.legis.md/cautare/getResults?doc_id=19763&lang=ro
HG799/2014,30.09.2014,Hotărâre,Hotărâre pentru iniţierea negocierilor asupra proiectului Acordului de finanţare dintre Republica Moldova şi Banca Europeană pentru Reconstrucţie şi Dezvoltare şi Banca Europeană de Investiţii privind proiectul de construcţie şi reabilitare a infrastructurii feroviare şi achiziţie a materialului rulant,Împrumut,BERD / BEI,,legis.md,,https://www.legis.md/cautare/getResults?doc_id=19759&lang=ro
HG768/2014,22.09.2014,Hotărâre,Hotărâre cu privire la iniţierea negocierilor şi aprobarea semnării proiectului Acordului de credit export dintre Guvernul Republicii Moldova şi UniCredit Bank Austria AG privind finanţarea Proiectului „Consolidarea serviciului salvatori şi pompieri în localităţile rurale ale Republicii Moldova”,Împrumut,Bancă comercială străină,,legis.md,,https://www.legis.md/cautare/getResults?doc_id=18593&lang=ro
HG751/2014,11.09.2014,Hotărâre,"Hotărâre privind iniţierea negocierilor şi aprobarea semnării Amendamentului V la Acordul de asistenţă dintre Guvernul Republicii Moldova şi Guvernul Statelor Unite ale Americii pentru Proiectul de susţinere a autorităţilor publice locale, semnat la Chişinău la 17 septembrie 2010",Grant,SUA,17.09.2010,legis.md,,https://www.legis.md/cautare/getResults?doc_id=18491&lang=ro
HG750/2014,10.09.2014,Hotărâre,"Hotărâre cu privire la aprobarea proiectului de lege pentru ratificarea Contractului de finanţare dintre Republica Moldova şi Banca Europeană de Investiţii în vederea realizării Proiectului de alimentare cu apă în regiunea de dezvoltare Nord a Republicii Moldova, semnat la Chişinău la 31 iulie 2014",Împrumut,BEI,31.07.2014,legis.md,,https://www.legis.md/cautare/getResults?doc_id=84901&lang=ro
HG748/2014,10.09.2014,Hotărâre,"Hotărâre cu privire la aprobarea proiectului de lege pentru ratificarea Acordului de împrumut dintre Republica Moldova şi Banca Europeană pentru Reconstrucţie şi Dezvoltare în vederea realizării Proiectului de alimentare cu apă în regiunea de dezvoltare Nord a Republicii Moldova, semnat la Chişinău la 30 iulie 2014",Împrumut,BERD,30.07.2014,legis.md,,https://www.legis.md/cautare/getResults?doc_id=84900&lang=ro
HG744/2014,10.09.2014,Hotărâre,"Hotărâre pentru iniţierea negocierilor şi aprobarea semnării Amendamentului nr.2 la Acordul de finanţare dintre Guvernul Republicii Moldova şi Uniunea Europeană privind Programul de susţinere a politicilor de sector în domeniul apelor, semnat la 13 august 2009",Grant,UE,13.08.2009,legis.md,,https://www.legis.md/cautare/getResults?doc_id=18466&lang=ro
HG732/2014,08.09.2014,Hotărâre,"Hotărâre cu privire la aprobarea proiectului de lege pentru ratificarea Contractului de finanţare dintre Republica Moldova şi Banca Europeană de Investiţii în vederea implementării Proiectului „Livada Moldovei”, semnat la Chişinău la 31 iulie 2014",Împrumut,BEI,31.07.2014,legis.md,,https://www.legis.md/cautare/getResults?doc_id=84895&lang=ro
HG726/2014,05.09.2014,Hotărâre,"Hotărâre privind iniţierea negocierilor şi aprobarea semnării Amendamentului V la Acordul de asistenţă dintre Guvernul Republicii Moldova şi Guvernul Statelor Unite ale Americii pentru creşterea economică, semnat la Chişinău la 6 iulie 2010",Grant,SUA,06.07.2010,legis.md,,https://www.legis.md/cautare/getResults?doc_id=18591&lang=ro
HG725/2014,05.09.2014,Hotărâre,"Hotărâre privind iniţierea negocierilor şi aprobarea semnării Amendamentului V la Acordul de asistenţă dintre Guvernul Republicii Moldova şi Guvernul Statelor Unite ale Americii pentru Programul de consolidare a instituţiilor statului de drept, semnat la Chişinău la 22 iulie 2011",Grant,SUA,22.07.2011,legis.md,,https://www.legis.md/cautare/getResults?doc_id=18588&lang=ro
HG718/2014,03.09.2014,Hotărâre,Hotărâre cu privire la implementarea Legii nr.134 din 11 iulie 2014 pentru ratificarea Acordului dintre Guvernul Republicii Moldova şi Guvernul Republicii Polone privind obţinerea unui credit de asistenţă,Împrumut,Polonia,,legis.md,,https://www.legis.md/cautare/getResults?doc_id=93916&lang=ro
HG707/2014,28.08.2014,Hotărâre,"Hotărâre cu privire la aprobarea proiectului de lege pentru ratificarea Acordului de finanţare dintre Republica Moldova şi Asociaţia Internaţională pentru Dezvoltare privind finanţarea Proiectului „Modernizarea sectorului sănătăţii în Republica Moldova”, semnat la Chişinău la 11 iulie 2014",Împrumut,AID,11.07.2014,legis.md,,https://www.legis.md/cautare/getResults?doc_id=84849&lang=ro
HG690/2014,22.08.2014,Hotărâre,Hotărâre pentru purtarea negocierilor asupra proiectului​ Acordului de finanţare dintre Republica Moldova şi Banca Europeană pentru Reconstrucţie şi Dezvoltare în vederea realizării proiectului „Sistemul termoenergetic al mun. Bălţi (S.A. „CET-Nord”)”,Împrumut,BERD,,legis.md,,https://www.legis.md/cautare/getResults?doc_id=18523&lang=ro
DPRM1271/2014,31.07.2014,Decret,Decret privind promulgarea Legii pentru ratificarea Acordului de credit dintre Republica Moldova şi Banca Internaţională pentru Reconstrucţie şi Dezvoltare în vederea realizării Proiectului de ameliorare a competitivităţii II (PAC II),Împrumut,BIRD,,legis.md,,https://www.legis.md/cautare/getResults?doc_id=53126&lang=ro
DPRM1270/2014,31.07.2014,Decret,Decret privind promulgarea Legii pentru ratificarea Acordului de finanţare dintre Republica Moldova şi Asociaţia Internaţională pentru Dezvoltare în vederea realizării Proiectului de ameliorare a competitivităţii II (PAC II),Împrumut,AID,,legis.md,,https://www.legis.md/cautare/getResults?doc_id=53125&lang=ro
DPRM1260/2014,28.07.2014,Decret,Decret privind promulgarea Legii pentru ratificarea Acordului de finanţare dintre Republica Moldova şi Fondul Internaţional pentru Dezvoltare Agricolă în vederea realizării Programului Rural de Rezilienţă Economico-Climatică Incluzivă (IFAD VI),Asistență financiară,FIDA,,legis.md,,https://www.legis.md/cautare/getResults?doc_id=53110&lang=ro
DPRM1259/2014,28.07.2014,Decret,Decret privind iniţierea negocierilor şi aprobarea semnării Acordului de finanţare (GRANT DANEZ) a Programului ural de rezilienţă economico-climatică incluzivă (IRECR) dintre Republica Moldova şi Fondul Internaţional pentru Dezvoltarea Agricolă (Grant nr. 2000000703),Asistență financiară,FIDA,,legis.md,,https://www.legis.md/cautare/getResults?doc_id=40873&lang=ro
HG635/2014,25.07.2014,Hotărâre,"Hotărâre cu privire la aprobarea semnării Acordului de Împrumut dintre Republica Moldova şi Banca Europeană pentru Reconstrucţie şi Dezvoltare şi a Contractului de Finanţare dintre Republica Moldova şi Banca Europeană de Investiţii în vederea realizării Proiectului de alimentare cu apă în regiunea de dezvoltare Nord a Republicii Moldova şi împuternicirea domnului Anatol Arapu, ministru al finanţelor, pentru semnarea acestora",Împrumut,BERD / BEI,,legis.md,,https://www.legis.md/cautare/getResults?doc_id=18445&lang=ro
HG633/2014,25.07.2014,Hotărâre,Hotărâre cu privire la iniţierea negocierilor şi aprobarea semnării Contractului de finanţare dintre Republica Moldovaşi Banca Europeană de Investiţii în vederea implementării Proiectului „Livada Moldovei”,Împrumut,BEI,,legis.md,,https://www.legis.md/cautare/getResults?doc_id=18437&lang=ro
DPRM1258/2014,25.07.2014,Decret,Decret privind promulgarea Legii pentru ratificarea Acordului de finanţare dintre Guvernul Republicii Moldova şi Uniunea Europeană privind Programul-cadru de suport al acordurilor dintre Republica Moldova şi Uniunea Europeană (Planul naţional de acţiuni 2013),Grant,UE,,legis.md,,https://www.legis.md/cautare/getResults?doc_id=53107&lang=ro
DPRM1256/2014,25.07.2014,Decret,Decret privind promulgarea Legii pentru ratificarea Acordului dintre Guvernul Republicii Moldova şi Guvernul Republicii Polone privind obţinerea unui credit de asistenţă,Împrumut,Polonia,,legis.md,,https://www.legis.md/cautare/getResults?doc_id=53101&lang=ro
LP166/2014,21.07.2014,Lege,Lege pentru ratificarea Acordului de credit dintre Republica Moldova şi Banca Internaţională pentru Reconstrucţie şi Dezvoltare în vederea realizării Proiectului de ameliorare a competitivităţii II (PAC II),Împrumut,BIRD,,legis.md,,https://www.legis.md/cautare/getResults?doc_id=63851&lang=ro
LP165/2014,21.07.2014,Lege,Lege pentru ratificarea Acordului de finanţare dintre Republica Moldova şi Asociaţia Internaţională pentru Dezvoltare în vederea realizării Proiectului de ameliorare a competitivităţii II (PAC II),Împrumut,AID,,legis.md,,https://www.legis.md/cautare/getResults?doc_id=48648&lang=ro
DPRM1248/2014,17.07.2014,Decret,Decret privind promulgarea Legii pentru ratificarea Acordului dintre Republica Moldova şi Banca Internaţională pentru Reconstrucţie şi Dezvoltare privind acordarea grantului nr. TF015873 din Fondul de Carbonpentru Dezvoltare Comunitară Plus (CDCF Plus) în vederea realizării suportului pentru operaţiunile de proiect ale Oficiului Finanţării de Carbon,Împrumut,BIRD,,legis.md,,https://www.legis.md/cautare/getResults?doc_id=53087&lang=ro
DPRM1247/2014,17.07.2014,Decret,"Decret privind promulgarea Legii pentru ratificarea Addendumului nr.1 la Acordul de finanţare dintre Guvernul Republicii Moldova şi Uniunea Europeană privind Programul-cadru de suport al acordurilor curente şi viitoare dintre Republica Moldova şi Uniunea Europeană, Planul naţional de acţiuni 2012",Grant,UE,,legis.md,,https://www.legis.md/cautare/getResults?doc_id=53082&lang=ro
HG575/2014,16.07.2014,Hotărâre,"Hotărâre cu privire la aprobarea proiectului de lege pentru ratificarea Acordului de credit dintre Republica Moldova şi Banca Internaţională pentru Reconstrucţie şi Dezvoltare în vederea realizării Proiectului de ameliorare a competitivităţii II (PAC II), semnat la Chişinău la 15 iulie 2014",Împrumut,BIRD,15.07.2014,legis.md,,https://www.legis.md/cautare/getResults?doc_id=22037&lang=ro
HG574/2014,16.07.2014,Hotărâre,"Hotărâre cu privire la aprobarea proiectului de lege pentru ratificarea Acordului de finanţare dintre Republica Moldova şi Asociaţia Internaţională pentru Dezvoltare în vederea realizării Proiectului de ameliorare a competitivităţii II (PAC II),semnat la Chişinău la 15 iulie 2014",Împrumut,AID,15.07.2014,legis.md,,https://www.legis.md/cautare/getResults?doc_id=22034&lang=ro
HG568/2014,16.07.2014,Hotărâre,"Hotărâre privind iniţierea negocierilor şi aprobarea semnării Acordului de grant, prin schimb de note, între Guvernul Republicii Moldova şi Guvernul Japoniei în vederea realizării Programului de granturi nonproiect în domeniul educaţiei",Grant,Japonia,,legis.md,,https://www.legis.md/cautare/getResults?doc_id=19269&lang=ro
HG552/2014,14.07.2014,Hotărâre,"Hotărâre cu privire la aprobarea proiectului de lege pentru ratificarea Acordului de grant nr. TF017415 dintre Republica Moldova şi Asociaţia Internaţională pentru Dezvoltare în vederea realizării Proiectului de modernizare a administrării fiscale (TAMP), semnat la 10 iulie 2014 la Chişinău",Grant,AID,10.07.2014,legis.md,,https://www.legis.md/cautare/getResults?doc_id=84883&lang=ro
LP135/2014,11.07.2014,Lege,Lege pentru ratificarea Acordului de finanţare dintre Guvernul Republicii Moldova şi Uniunea Europeană privind Programul-cadru de suport al acordurilor dintre Republica Moldova şi Uniunea Europeană (Planul naţional de acţiuni 2013),Grant,UE,,legis.md,,https://www.legis.md/cautare/getResults?doc_id=22205&lang=ro
LP134/2014,11.07.2014,Lege,Lege pentru ratificarea Acordului dintre Guvernul Republicii Moldova şi Guvernul Republicii Polone privind obţinerea unui credit de asistenţă,Împrumut,Polonia,,legis.md,,https://www.legis.md/cautare/getResults?doc_id=21477&lang=ro
LP132/2014,11.07.2014,Lege,Lege pentru ratificarea Acordului de finanţare dintre Republica Moldova şi Fondul Internaţional pentru Dezvoltare Agricolă în vederea realizării Programului Rural de Rezilienţă Economico-ClimaticăIncluzivă (IFAD VI),Asistență financiară,FIDA,,legis.md,,https://www.legis.md/cautare/getResults?doc_id=21727&lang=ro
DPRM1238/2014,08.07.2014,Decret,Decret privind iniţierea negocierilor şi aprobarea semnării Acordului de grant nr.TF017415 dintre Republica Moldova şi Asociaţia Internaţională pentru Dezvoltare în vederea realizării Proiectului de modernizare a administrării fiscale (TAMP),Grant,AID,,legis.md,,https://www.legis.md/cautare/getResults?doc_id=41008&lang=ro
DPRM1235/2014,04.07.2014,Decret,Decret pentru aprobarea semnării Acordului de finanţare dintre Republica Moldova şi Asociaţia Internaţională pentru Dezvoltare în vederea realizării Proiectului „Modernizarea sectorului sănătăţii în Republica Moldova”,Împrumut,AID,,legis.md,,https://www.legis.md/cautare/getResults?doc_id=40987&lang=ro
LP120/2014,03.07.2014,Lege,Lege pentru ratificarea Acordului dintre Republica Moldova şi Banca Internaţională pentru Reconstrucţie şi Dezvoltare privind acordarea grantului nr. TF015873 din Fondul de Carbon pentru Dezvoltare Comunitară Plus (CDCF Plus) în vederea realizării suportului pentru operaţiunile de proiect ale Oficiului Finanţării de Carbon,Împrumut,BIRD,,legis.md,,https://www.legis.md/cautare/getResults?doc_id=21473&lang=ro
LP119/2014,03.07.2014,Lege,"Lege pentru ratificarea Addendumului nr. 1 la Acordul de finanţare dintre Guvernul Republicii Moldova şi Uniunea Europeană privind Programul-cadru de suport al acordurilor curente şi viitoare dintre Republica Moldova şi Uniunea Europeană, Planul naţional de acţiuni 2012",Grant,UE,,legis.md,,https://www.legis.md/cautare/getResults?doc_id=21725&lang=ro
HG527/2014,03.07.2014,Hotărâre,"Hotărâre pentru aprobarea Acordului de finanţare dintre Guvernul Republicii Moldova şi Uniunea Europeană privind Programul de suport al implementării reformei învăţămîntului vocaţional/tehnic din Republica Moldova, semnat la 15 mai 2014",Grant,UE,15.05.2014,legis.md,,https://www.legis.md/cautare/getResults?doc_id=19034&lang=ro
HG526/2014,03.07.2014,Hotărâre,"Hotărâre pentru aprobarea Acordului de finanţare dintre Guvernul Republicii Moldova şi Uniunea Europeană privind suportul în implementarea Planului de acţiuni privind liberalizarea regimului de vize, semnat la 12 iunie 2014",Grant,UE,12.06.2014,legis.md,,https://www.legis.md/cautare/getResults?doc_id=19033&lang=ro
HG521/2014,03.07.2014,Hotărâre,"Hotărâre cu privire la aprobarea Acordului de finanţare dintre Guvernul Republicii Moldova şi Uniunea Europeană privind Programul „Măsuri de consolidare a încrederii”, PNA 2013, semnat la 26 martie 2014",Grant,UE,26.03.2014,legis.md,,https://www.legis.md/cautare/getResults?doc_id=18498&lang=ro
HG508/2014,02.07.2014,Hotărâre,"Hotărâre cu privire la aprobarea proiectului de lege pentru ratificarea Acordului de finanţare dintre Guvernul Republicii Moldova şi Uniunea Europeană privind Programul-cadru de suport al acordurilor dintre Republica Moldova şi Uniunea Europeană, Planul naţional de acţiuni 2013, încheiat la 23 aprilie 2014",Grant,UE,,legis.md,,https://www.legis.md/cautare/getResults?doc_id=18442&lang=ro
HG469/2014,17.06.2014,Hotărâre,"Hotărâre cu privire la aprobarea proiectului de lege pentru ratificarea Acordului dintre Guvernul Republicii Moldova şi Guvernul Republicii Polone privind obţinerea unui credit de asistenţă, semnat la Varşovia la 14 mai 2014",Împrumut,Polonia,14.05.2014,legis.md,,https://www.legis.md/cautare/getResults?doc_id=18382&lang=ro
HG444/2014,12.06.2014,Hotărâre,Hotărâre cu privire la iniţierea negocierilor asupra proiectului Acordului de împrumut dintre Republica Moldova şi Banca Europeană pentru Reconstrucţie şi Dezvoltare şi a altor acorduri şi contracte decofinanţare în vederea realizării Proiectului de alimentare cu apă în regiunea de dezvoltare Nord a Republicii Moldova,Împrumut,BERD,,legis.md,,https://www.legis.md/cautare/getResults?doc_id=18354&lang=ro
DPRM1187/2014,11.06.2014,Decret,Decret pentru iniţierea negocierilor şi aprobarea semnării Amendamentului nr.1 la Acordul de finanţare dintre Republica Moldova şi Comisia Europeană privind Proiectul „Energie şi Biomasă”,Grant,UE,,legis.md,,https://www.legis.md/cautare/getResults?doc_id=1079&lang=ro
DPRM1186/2014,11.06.2014,Decret,Decret pentru iniţierea negocierilor şi aprobarea semnării Amendamentului nr.2 la Acordul de finanţare dintre Republica Moldova şi Comisia Europeană privind Programul de suport bugetar în domeniul reformei sectorului energetic,Grant,UE,,legis.md,da,https://www.legis.md/cautare/getResults?doc_id=40719&lang=ro
HG407/2014,02.06.2014,Hotărâre,"Hotărâre cu privire la aprobarea proiectului de lege pentru ratificarea Acordului dintre Republica Moldova şi Banca Internaţională pentru Reconstrucţie şi Dezvoltare privind acordarea grantului nr. TF015873 din Fondul de Carbon pentru Dezvoltare Comunitară Plus (CDCF Plus) în vederea realizării suportului pentru operaţiunile de proiect ale Oficiului Finanţării de Carbon, semnat la 4 aprilie 2014",Împrumut,BIRD,04.04.2014,legis.md,,https://www.legis.md/cautare/getResults?doc_id=18353&lang=ro
HG361/2014,26.05.2014,Hotărâre,"Hotărâre cu privire la aprobarea proiectului de lege pentru ratificarea Acordului de finanţare dintre Republica Moldova şi Fondul Internaţional pentru Dezvoltarea Agricolă în vederea realizării Programului Rural de Rezilienţă Economico - Climatică Incluzivă (IFAD VI), semnat la Roma la 20 februarie 2014",Asistență financiară,FIDA,20.02.2014,legis.md,,https://www.legis.md/cautare/getResults?doc_id=19855&lang=ro
HG345/2014,22.05.2014,Hotărâre,"Hotărâre pentru aprobarea proiectului de lege cu privire la ratificarea Addendumului nr.1 la Acordul de finanţare dintre Guvernul Republicii Moldova şi Uniunea Europeană privind Programul - cadru de suport al acordurilor curente şi viitoare dintre Republica Moldova şi Uniunea Europeană, Planul Naţional de Acţiuni 2012, încheiat la 11 martie 2014",Grant,UE,,legis.md,,https://www.legis.md/cautare/getResults?doc_id=19794&lang=ro
AMAEIE8/2015,15.05.2014,Act,Act ACORD DE FINANŢARE*,Asistență financiară,,,legis.md,,https://www.legis.md/cautare/getResults?doc_id=79440&lang=ro
HG331/2014,13.05.2014,Hotărâre,"Hotărâre cu privire la iniţierea negocierilor şi aprobarea semnării Addendumului nr. 1 privind proiectele de colaborare în sectorul energetic la Programul de cooperare între Guvernul Republicii Moldova şi Guvernul României, întocmit prin schimb de scrisori, în sensul articolului 1 paragraful 2 al Acordului dintre Guvernul Republicii Moldova şi Guvernul României privind implementarea programului de asistenţă tehnică şi financiară în baza unui ajutor financiar nerambursabil în valoare de 100 milioane de euro acordat de România Republicii Moldova, semnat la Bucureşti la 27 aprilie 2010",Asistență tehnică,România,27.04.2010,legis.md,,https://www.legis.md/cautare/getResults?doc_id=2351&lang=ro
HG324/2014,12.05.2014,Hotărâre,Hotărâre pentru aprobarea semnării Acordului dintre Guvernul Republicii Moldova şi Guvernul Republicii Polone privind obţinerea unui credit de asistenţă,Împrumut,Polonia,,legis.md,,https://www.legis.md/cautare/getResults?doc_id=19155&lang=ro
DPRM1148/2014,08.05.2014,Decret,Decret privind promulgarea Legii pentru ratificarea Acordului de grant nr. TF016060 dintre Republica Moldova şi Banca Internaţională pentru Reconstrucţie şi Dezvoltare şi Asociaţia Internaţională pentru Dezvoltar în vederea realizării Proiectului de ameliorare a competitivităţii II (PAC II),Grant,BIRD,,legis.md,,https://www.legis.md/cautare/getResults?doc_id=51890&lang=ro
DPRM1138/2014,06.05.2014,Decret,Decret privind iniţierea negocierilor şi aprobarea semnării Acordului de credit dintre Republica Moldova şi Banca Internaţională pentru Reconstrucţie şi Dezvoltare şi a Acordului de finanţare dintre Republica Moldova şi Asociaţia Internaţională pentru Dezvoltare în vederea realizării Proiectului de Ameliorare a Competitivităţii II (PAC II),Împrumut,BIRD / AID,,legis.md,,https://www.legis.md/cautare/getResults?doc_id=40241&lang=ro
DPRM1127/2014,29.04.2014,Decret,Decret privind promulgarea Legii pentru ratificarea Acordului de grant dintre Republica Moldova şi Banca Internaţională pentru Reconstrucţie şi Dezvoltare în vederea realizării Proiectului „Agricultura competitivă în Moldova”,Grant,BIRD,,legis.md,,https://www.legis.md/cautare/getResults?doc_id=775&lang=ro
DPRM1117/2014,23.04.2014,Decret,Decret privind promulgarea Legii pentru ratificarea Acordului de împrumut dintre Republica Moldova şi Banca Internaţională pentru Reconstrucţie şi Dezvoltare în vederea realizării primei Operaţiuni a politicilor de dezvoltare în Republica Moldova (OPD-1),Împrumut,BIRD,,legis.md,,https://www.legis.md/cautare/getResults?doc_id=51877&lang=ro
DPRM1116/2014,23.04.2014,Decret,Decret privind promulgarea Legii pentru ratificarea Acordului de finanţare dintre Republica Moldova şi Asociaţia Internaţională pentru Dezvoltare în vederea realizării primei Operaţiuni a politicilor de dezvoltare în Republica Moldova (OPD-1),Împrumut,AID,,legis.md,,https://www.legis.md/cautare/getResults?doc_id=1770&lang=ro
LP72/2014,16.04.2014,Lege,Lege pentru ratificarea Acordului de grant nr. TF016060 dintre Republica Moldova şi Banca Internaţională pentru Reconstrucţie şi Dezvoltare şi Asociaţia Internaţională pentru Dezvoltare în vederea realizării Proiectului de ameliorare a competitivităţii II (PAC II),Grant,BIRD / AID,,legis.md,,https://www.legis.md/cautare/getResults?doc_id=22225&lang=ro
LP70/2014,16.04.2014,Lege,Lege pentru ratificarea Acordului de împrumut dintre Republica Moldova şi Banca Internaţională pentru Reconstrucţie şi Dezvoltare în vederea realizării primei Operaţiuni a politicilor de dezvoltare în Republica Moldova (OPD-1),Împrumut,BIRD,,legis.md,,https://www.legis.md/cautare/getResults?doc_id=11800&lang=ro
LP69/2014,16.04.2014,Lege,Lege pentru ratificarea Acordului de finanţare dintre Republica Moldova şi Asociaţia Internaţională pentru Dezvoltare în vederea realizării primei Operaţiuni a politicilor de dezvoltare în Republica Moldova (OPD-1),Împrumut,AID,,legis.md,,https://www.legis.md/cautare/getResults?doc_id=12997&lang=ro
HG264/2014,07.04.2014,Hotărâre,"Hotărâre cu privire la aprobarea proiectului de lege pentru ratificarea Acordului de finanţare dintre Republica Moldova şi Asociaţia Internaţională de Dezvoltare în vederea realizării Primei Operaţiuni a politicilor de dezvoltare în Republica Moldova (OPD-1), semnat la Chişinău la 3 aprilie 2014",Asistență financiară,AID,03.04.2014,legis.md,,https://www.legis.md/cautare/getResults?doc_id=1550&lang=ro
HG263/2014,07.04.2014,Hotărâre,"Hotărâre cu privire la aprobarea proiectului de lege pentru ratificarea Acordului de împrumut dintre Republica Moldova şi Banca Internaţională pentru Reconstrucţie şi Dezvoltare în vederea realizării Primei Operaţiuni a politicilor de dezvoltare în Republica Moldova (OPD-1), semnat la Chişinău la 3 aprilie 2014",Împrumut,BIRD,03.04.2014,legis.md,,https://www.legis.md/cautare/getResults?doc_id=7698&lang=ro
LP58/2014,04.04.2014,Lege,Lege pentru ratificarea Acordului de grant dintre Republica Moldova şi Banca Internaţională pentru Reconstrucţie şi Dezvoltare în vederea realizării Proiectului „Agricultura competitivă în Moldova”,Grant,BIRD,,legis.md,,https://www.legis.md/cautare/getResults?doc_id=6915&lang=ro
DPRM1077/2014,03.04.2014,Decret,Decret pentru aprobarea semnării Acordului de finanţare dintre Republica Moldova şi Asociaţia Internaţională de Dezvoltare în vederea realizării Primei Operaţiuni a politicilor de dezvoltare în Republica Moldova (OPD-1),Asistență financiară,AID,,legis.md,,https://www.legis.md/cautare/getResults?doc_id=830&lang=ro
DPRM1076/2014,03.04.2014,Decret,Decret pentru aprobarea semnării Acordului de împrumut dintre Republica Moldova şi Banca Internaţională pentru Reconstrucţie şi Dezvoltare în vederea realizării Primei Operaţiuni a politicilor de dezvoltare în Republica Moldova (OPD-1),Împrumut,BIRD,,legis.md,,https://www.legis.md/cautare/getResults?doc_id=1766&lang=ro
HG242/2014,02.04.2014,Hotărâre,Hotărâre pentru iniţierea negocierilor asupra proiectului Acordului de finanţare dintre Republica Moldova şi Asociaţia Internaţională pentru Dezvoltare privind finanţarea Proiectului „Modernizarea sectorului sănătăţii în Republica Moldova”,Împrumut,AID,,legis.md,,https://www.legis.md/cautare/getResults?doc_id=1533&lang=ro
HG230/2014,31.03.2014,Hotărâre,Hotărâre cu privire la iniţierea negocierilor asupra proiectului Acordului de împrumut dintre Guvernul Republicii Moldova şi Guvernul Republicii Polone în vederea extinderii creditului de asistenţă,Împrumut,Polonia,,legis.md,,https://www.legis.md/cautare/getResults?doc_id=10135&lang=ro
HG219/2014,26.03.2014,Hotărâre,"Hotărâre cu privire la aprobarea proiectului de lege pentru ratificarea Acordului de grant nr.TF016060 dintre Republica Moldova şi Banca Internaţională pentru Reconstrucţie şi Dezvoltare şi Asociaţia Internaţională pentru Dezvoltare în vederea realizării Proiectului de ameliorare a competitivităţii II (PAC II), semnat la Chişinău la 4 martie 2014",Grant,BIRD / AID,04.03.2014,legis.md,,https://www.legis.md/cautare/getResults?doc_id=2190&lang=ro
DPRM1025/2014,07.03.2014,Decret,Decret pentru iniţierea negocierilor şi aprobarea semnării Acordului dintre Republica Moldova şi Banca Internaţională pentru Reconstrucţie şi Dezvoltare privind acordarea grantului nr. TF 015873 din Fondul de Carbon pentru Dezvoltare Comunitară Plus (CDCF Plus) în vederea realizării suportului pentru operaţiunile de proiect ale Oficiului Finanţării de Carbon.,Împrumut,BIRD,,legis.md,,https://www.legis.md/cautare/getResults?doc_id=250&lang=ro
HG129/2014,20.02.2014,Hotărâre,"Hotărâre pentru iniţierea negocierilor şi aprobarea semnării Programului de cooperare între Guvernul Republicii Moldova şi Guvernul României, întocmit prin schimb de scrisori, în sensul articolului 1 paragraful 2 al Acordului dintre Guvernul Republicii Moldova şi Guvernul României privind implementarea programului de asistenţă tehnică şi financiară în baza unui ajutor financiar nerambursabil în valoare de 100 milioane de euro acordat de România Republicii Moldova, semnat la Bucureşti la 27 aprilie 2010",Asistență tehnică,România,27.04.2010,legis.md,,https://www.legis.md/cautare/getResults?doc_id=19640&lang=ro
DPRM993/2014,14.02.2014,Decret,Decret pentru aprobarea semnării Acordului de finanţare dintre Republica Moldova şi Fondul Internaţional pentru Dezvoltarea Agricolă în vederea realizării Programului Rural de Rezilienţă Economico-Climatică Incluzivă (IFAD VI),Asistență financiară,FIDA,,legis.md,,https://www.legis.md/cautare/getResults?doc_id=825&lang=ro
DPRM992/2014,14.02.2014,Decret,Decret privind încheierea Acordului de grant nr. TF016060 dintre Republica Moldova şi Banca Internaţională pentru Reconstrucţie şi Dezvoltare şi Asociaţia Internaţională pentru Dezvoltare în vederea realizării Proiectului de ameliorare a competitivităţii II (PAC II),Grant,BIRD / AID,,legis.md,,https://www.legis.md/cautare/getResults?doc_id=622&lang=ro
HG85/2014,05.02.2014,Hotărâre,Hotărâre privind iniţierea negocierilor asupra proiectului Acordului de finanţare dintre Republica Moldova şi Asociaţia Internaţională de Dezvoltare şi Banca Internaţională pentru Reconstrucţie şi Dezvoltare în vederea realizării „Primei Operaţiuni a politicilor de dezvoltare în Republica Moldova (OPD-1)”,Împrumut,BIRD / AID,,legis.md,,https://www.legis.md/cautare/getResults?doc_id=6531&lang=ro
HG74/2014,03.02.2014,Hotărâre,"Hotărâre cu privire la aprobarea proiectului de lege pentru ratificarea Acordului de grant dintre Republica Moldova şi Banca Internaţională pentru Reconstrucţie şi Dezvoltare în vederea realizării Proiectului „Agricultura Competitivă în Moldova”, semnat la Chişinău, la 15 noiembrie 2013",Grant,BIRD,,legis.md,,https://www.legis.md/cautare/getResults?doc_id=9472&lang=ro
HG9/2014,15.01.2014,Hotărâre,"Hotărâre pentru iniţierea negocierilor şi aprobarea semnării Addendumului nr.2 la Acordul de finanţare dintre Guvernul Republicii Moldova şi Uniunea Europeană cu privire la Programul de suport al politicilor sectoriale în domeniul stimulării economice a zonelor rurale, semnat la 26 noiembrie 2010",Grant,UE,26.11.2010,legis.md,,https://www.legis.md/cautare/getResults?doc_id=18259&lang=ro
HG8/2014,15.01.2014,Hotărâre,Hotărâre pentru iniţierea negocierilor şi aprobarea semnării Acordului de finanţare dintre Guvernul Republicii Moldova şi Uniunea Europeană privind Programul-cadru de suport al acordurilor dintre Uniunea Europeană şi Republica Moldova (PNA 2013),Grant,UE,,legis.md,,https://www.legis.md/cautare/getResults?doc_id=18256&lang=ro
HG6/2014,15.01.2014,Hotărâre,Hotărâre pentru iniţierea negocierilor şi aprobarea semnării Acordului de finanţare dintre Guvernul Republicii Moldova şi Uniunea Europeană privind Programul de suport al implementării reformei învăţămîntului vocaţional/tehnic din Republica Moldova,Grant,UE,,legis.md,,https://www.legis.md/cautare/getResults?doc_id=4186&lang=ro
HG12/2014,15.01.2014,Hotărâre,Hotărâre pentru iniţierea negocierilor şi aprobarea semnării proiectului Acordului de finanţare dintre Guvernul Republicii Moldova şi Uniunea Europeană privind suportul în implementarea Planului de acţiuni privind liberalizarea regimului de vize.,Grant,UE,,legis.md,,https://www.legis.md/cautare/getResults?doc_id=2709&lang=ro
HG11/2014,15.01.2014,Hotărâre,Hotărâre pentru iniţierea negocierilor şi aprobarea semnării Addendumului nr. 1 la Acordul de finanţare dintre Guvernul Republicii Moldova şi Uniunea Europeană privind Programul-cadru de suport al acordurilor curente şi viitoare dintre Uniunea Europeană şi Republica Moldova (PNA 2012),Grant,UE,,legis.md,,https://www.legis.md/cautare/getResults?doc_id=18264&lang=ro
HG10/2014,15.01.2014,Hotărâre,"Hotărâre pentru iniţierea negocierilor şi aprobarea semnării Acordului de finanţare dintre Guvernul Republicii Moldova şi Uniunea Europeană privind Programul „Măsuri de consolidare a încrederii”, PNA 2013",Grant,UE,,legis.md,,https://www.legis.md/cautare/getResults?doc_id=15100&lang=ro
DPRM943/2013,31.12.2013,Decret,Decret privind promulgarea Legii pentru ratificarea Acordului de grant dintre Republica Moldova şi Asociaţia Internaţională pentru Dezvoltare privind Proiectul „Integrarea copiilor cu dizabilităţi în şcolile generale”,Grant,AID,,legis.md,,https://www.legis.md/cautare/getResults?doc_id=51317&lang=ro
DP945/2013,31.12.2013,Decret,Decret privind promulgarea Legii pentru ratificarea Acordului de grant dintre Republica Moldova şi Asociaţia Internaţională pentru Dezvoltare privind finanţarea proiectului „Consolidarea capacităţii Curţii de Conturi a Republicii Moldova”,Grant,AID,,legis.md,,https://www.legis.md/cautare/getResults?doc_id=15055&lang=ro
DP940/2013,27.12.2013,Decret,Decret pentru promulgarea Legii privind ratificarea Acordului-cadru de împrumut dintre Republica Moldova şi Banca de Dezvoltare a Consiliului Europei pentru realizarea Proiectului de construcţie a penitenciarului din Chişinău,Împrumut,CEB,,legis.md,,https://www.legis.md/cautare/getResults?doc_id=3946&lang=ro
LP309/2013,20.12.2013,Lege,Lege pentru ratificarea Acordului de grant dintre Republica Moldova şi Asociaţia Internaţională pentru Dezvoltare privind finanţarea proiectului „Consolidarea capacităţii Curţii de Conturi a Republicii Moldova” Parlamentul adoptă prezenta lege organică.,Grant,AID,,legis.md,,https://www.legis.md/cautare/getResults?doc_id=21887&lang=ro
LP308/2013,19.12.2013,Lege,Lege pentru ratificarea Acordului de grant dintre Republica Moldova şi Asociaţia Internaţională pentru Dezvoltare privind Proiectul „Integrarea copiilor cu dizabilităţi în şcolile generale,Grant,AID,,legis.md,,https://www.legis.md/cautare/getResults?doc_id=63547&lang=ro
LP295/2013,12.12.2013,Lege,Lege privind ratificarea Acordului-cadru de împrumut dintre Republica Moldova şi Banca de Dezvoltare a Consiliului Europei pentru realizarea Proiectului de construcţie a penitenciarului din Chişinău,Împrumut,CEB,,legis.md,,https://www.legis.md/cautare/getResults?doc_id=21765&lang=ro
HG929/2013,20.11.2013,Hotărâre,"Hotărâre privind iniţierea negocierilor şi aprobarea semnării Amendamentului IV la Acordul de asistenţă dintre Guvernul Republicii Moldova şi Guvernul Statelor Unite ale Americii pentru Programul de consolidare a instituţiilor statului de drept, semnat la Chişinău la 22 iulie 2011",Grant,SUA,22.07.2011,legis.md,,https://www.legis.md/cautare/getResults?doc_id=33487&lang=ro
HG928/2013,20.11.2013,Hotărâre,"Hotărâre privind iniţierea negocierilor şi aprobarea semnării Amendamentului IV la Acordul de asistenţă dintre Guvernul Republicii Moldova şi Guvernul Statelor Unite ale Americii pentru Proiectul de susţinere a autorităţilor publice locale, semnat la Chişinău la 17 septembrie 2010",Grant,SUA,17.09.2010,legis.md,,https://www.legis.md/cautare/getResults?doc_id=15264&lang=ro
HG927/2013,20.11.2013,Hotărâre,"Hotărâre privind iniţierea negocierilor şi aprobarea semnării Amendamentului IV la Acordul de asistenţă dintre Guvernul Republicii Moldova şi Guvernul Statelor Unite ale Americii pentru creşterea economică, semnat la Chişinău la 6 iulie 2010",Grant,SUA,06.07.2010,legis.md,,https://www.legis.md/cautare/getResults?doc_id=33485&lang=ro
DPRM872/2013,20.11.2013,Decret,"Decret privind promulgarea Legii pentru ratificarea Acordului de finanţare dintre Guvernul Republicii Moldova şi Uniunea Europeană privind Programul-cadru de suport al acordurilor curente şi viitoare dintre Republica Moldova şi Uniunea Europeană, Planul naţional de acţiuni 2012",Grant,UE,,legis.md,,https://www.legis.md/cautare/getResults?doc_id=5070&lang=ro
HG917/2013,15.11.2013,Hotărâre,"Hotărâre privind iniţierea negocierilor şi aprobarea semnării Acordului de grant, prin schimb de note, între Guvernul Republicii Moldova şi Guvernul Japoniei în vederea realizării Programului de granturi nonproiect în domeniul sănătăţii",Grant,Japonia,,legis.md,,https://www.legis.md/cautare/getResults?doc_id=7735&lang=ro
HG916/2013,15.11.2013,Hotărâre,"Hotărâre cu privire la aprobarea proiectului de lege pentru ratificarea Acordului-cadru de împrumut dintre Republica Moldova şi Banca de Dezvoltare a Consiliului Europei pentru realizarea Proiectului de construcţie a penitenciarului din Chişinău, semnat la 10 octombrie 2013",Împrumut,CEB,10.10.2013,legis.md,,https://www.legis.md/cautare/getResults?doc_id=33470&lang=ro
HG879/2013,06.11.2013,Hotărâre,"Hotărâre pentru iniţierea negocierilor şi aprobarea semnării Programului de cooperare între Guvernul Republicii Moldova şi Guvernul României, întocmit prin schimb de scrisori, în sensul articolului 1 paragraful 2 al Acordului dintre Guvernul Republicii Moldova şi Guvernul României privind implementarea programului de asistenţă tehnică şi financiară în baza unui ajutor financiar nerambursabil în valoare de 100 milioane de euro acordat de România Republicii Moldova, semnat la Bucureşti la 27 aprilie 2010",Asistență tehnică,România,27.04.2010,legis.md,,https://www.legis.md/cautare/getResults?doc_id=9264&lang=ro
DP848/2013,04.11.2013,Decret,Decret privind iniţierea negocierilor şi aprobarea semnării Acordului de grant dintre Republica Moldova şi Banca Internaţională pentru Reconstrucţie şi Dezvoltare în vederea realizării Proiectului „Agricultura Competitivă în Moldova”,Grant,BIRD,,legis.md,,https://www.legis.md/cautare/getResults?doc_id=41437&lang=ro
LP246/2013,24.10.2013,Lege,"Lege pentru ratificarea Acordului de finanţare dintre Guvernul Republicii Moldova şi Uniunea Europeană privind Programul-cadru de suport al acordurilor curente şi viitoare dintre Republica Moldova şi Uniunea Europeană, Planul naţional de acţiuni 2012",Grant,UE,,legis.md,,https://www.legis.md/cautare/getResults?doc_id=9245&lang=ro
HG824/2013,22.10.2013,Hotărâre,"Hotărâre cu privire la aprobarea Amendamentului III la Acordul de asistenţă dintre Guvernul Republicii Moldova şi Guvernul Statelor Unite ale Americii pentru Proiectul de susţinere a autorităţilor publice locale, semnat la Chişinău la 17 septembrie 2010",Grant,SUA,17.09.2010,legis.md,,https://www.legis.md/cautare/getResults?doc_id=5499&lang=ro
HG823/2013,22.10.2013,Hotărâre,"Hotărâre cu privire la aprobarea Amendamentului III la Acordul de asistenţă dintre Guvernul Republicii Moldova şi Guvernul Statelor Unite ale Americii pentru Programul de consolidare a instituţiilor statului de drept, semnat la Chişinău la 22 iulie 2011",Grant,SUA,22.07.2011,legis.md,,https://www.legis.md/cautare/getResults?doc_id=15359&lang=ro
HG821/2013,22.10.2013,Hotărâre,"Hotărâre cu privire la aprobarea Amendamentului III la Acordul de asistenţă dintre Guvernul Republicii Moldova şi Guvernul Statelor Unite ale Americii pentru creşterea economică, semnat la Chişinău la 6 iulie 2010",Grant,SUA,06.07.2010,legis.md,,https://www.legis.md/cautare/getResults?doc_id=9257&lang=ro
DP831/2013,21.10.2013,Decret,Decret privind iniţierea negocierilor asupra proiectului Acordului de finanţare dintre Republica Moldova şi Fondul Internaţional pentru Dezvoltarea Agricolă în vederea realizării Programului Rural de Rezilienţă Economico-Climatică Incluzivă (IFAD VI),Asistență financiară,FIDA,,legis.md,,https://www.legis.md/cautare/getResults?doc_id=42028&lang=ro
HG796/2013,08.10.2013,Hotărâre,"Hotărâre cu privire la aprobarea proiectului de lege pentru ratificarea Acordului de grant dintre Republica Moldova şi Asociaţia Internaţională pentru Dezvoltare privind finanţarea Proiectului „Consolidarea capacităţii Curţii de Conturi a Republicii Moldova”, semnat la 14 august 2013",Grant,AID,14.08.2013,legis.md,,https://www.legis.md/cautare/getResults?doc_id=15353&lang=ro
HG783/2013,07.10.2013,Hotărâre,"Hotărâre pentru aprobarea proiectului de lege cu privire la ratificarea Acordului de grant dintre Republica Moldova şi Asociaţia Internaţională pentru Dezvoltare privind Proiectul „Integrarea copiilor cu dizabilităţi în şcolile generale”, semnat la Chişinău la 6 august 2013",Grant,AID,06.08.2013,legis.md,,https://www.legis.md/cautare/getResults?doc_id=4566&lang=ro
HG729/2013,16.09.2013,Hotărâre,"Hotărâre pentru aprobarea proiectului de lege cu privire la ratificarea Acordului de finanţare dintre Guvernul Republicii Moldova şi Uniunea Europeană privind Programul-cadru de suport al acordurilor curente şi viitoare dintre Republica Moldova şi Uniunea Europeană, Planul Naţional de Acţiuni 2012, întocmit la Bruxelles la 14 iunie 2013",Grant,UE,,legis.md,,https://www.legis.md/cautare/getResults?doc_id=8108&lang=ro
HG691/2013,04.09.2013,Hotărâre,"Hotărâre privind iniţierea negocierilor şi aprobarea semnării Amendamentului III la Acordul de asistenţă între Guvernul Republicii Moldova şi Guvernul Statelor Unite ale Americii pentru Programul de consolidare a instituţiilor statului de drept, semnat la Chişinău la 22 iulie 2011",Grant,SUA,22.07.2011,legis.md,,https://www.legis.md/cautare/getResults?doc_id=20172&lang=ro
HG690/2013,04.09.2013,Hotărâre,"Hotărâre privind iniţierea negocierilor şi aprobarea semnării Amendamentului III la Acordul de asistenţă între Guvernul Republicii Moldova şi Guvernul Statelor Unite ale Americii pentru Proiectul de susţinere a autorităţilor publice locale, semnat la Chişinău la 17 septembrie 2010",Grant,SUA,17.09.2010,legis.md,,https://www.legis.md/cautare/getResults?doc_id=15342&lang=ro
HG689/2013,04.09.2013,Hotărâre,"Hotărâre privind iniţierea negocierilor şi aprobarea semnării Amendamentului III la Acordul de asistenţă între Guvernul Republicii Moldova şi Guvernul Statelor Unite ale Americii pentru creşterea economică, semnat la Chişinău la 6 iulie 2010",Grant,SUA,06.07.2010,legis.md,,https://www.legis.md/cautare/getResults?doc_id=15340&lang=ro
HG669/2013,02.09.2013,Hotărâre,"Hotărâre privind aprobarea Acordului de finanţare dintre Guvernul Republicii Moldova şi Uniunea Europeană privind Programul de suport al reformei justiţiei, semnat la Bruxelles la 14 iunie 2013",Grant,UE,14.06.2013,legis.md,,https://www.legis.md/cautare/getResults?doc_id=75045&lang=ro
HG625/2013,21.08.2013,Hotărâre,Hotărâre cu privire la iniţierea negocierilor asupra proiectului Acordului-cadru de împrumut dintre Republica Moldova şi Banca de Dezvoltare a Consiliului Europei pentru realizarea Proiectului construcţia penitenciarului din Chişinău,Împrumut,CEB,,legis.md,,https://www.legis.md/cautare/getResults?doc_id=5986&lang=ro
DPRM752/2013,26.07.2013,Decret,Decret pentru promulgarea Legii privind ratificarea Acordului paralel la Acordul de împrumut dintre Guvernul Republicii Moldova şi Agenţia Japoneză de Cooperare Internaţională pentru realizarea Proiectului „Îmbunătăţirea serviciilor medicale”,Împrumut,JICA,,legis.md,,https://www.legis.md/cautare/getResults?doc_id=51445&lang=ro
DPRM751/2013,26.07.2013,Decret,Decret privind promulgarea Legii pentru ratificarea Memorandumului de înţelegere dintre Guvernul Republicii Moldova şi Guvernul României privind organizarea şi desfăşurarea procedurii de achiziţie publică aplicabile în cazul lucrărilor de subtraversare a rîului Prut din cadrul Proiectului „Conducta de interconectare a Sistemului Naţional de Transport Gaze din România cu Sistemul de Transport Gaze din Republica Moldova pe direcţia Iaşi (România) – Ungheni (Republica Moldova)”,Asistență tehnică,România,,legis.md,,https://www.legis.md/cautare/getResults?doc_id=51444&lang=ro
DPRM750/2013,26.07.2013,Decret,Decret privind promulgarea Legii pentru ratificarea Acordului de credit export dintre Republica Moldova şi UniCredit Bank Austria AG privind finanţarea Proiectului „Îmbunătăţirea serviciilor medicale în Spitalul Clinic Republican din Moldova – faza II”,Împrumut,Bancă comercială străină,,legis.md,,https://www.legis.md/cautare/getResults?doc_id=51441&lang=ro
DPRM747/2013,26.07.2013,Decret,"Decret pentru promulgarea Legii privind ratificarea Acordului de grant, încheiat prin schimb de note, dintre Guvernul Republicii Moldova şi Guvernul Japoniei pentru realizarea Proiectului „Utilizarea eficientă a combustibilului solid din biomasă”",Grant,Japonia,,legis.md,,https://www.legis.md/cautare/getResults?doc_id=51433&lang=ro
DPRM746/2013,26.07.2013,Decret,Decret privind promulgarea Legii pentru ratificarea Acordului de împrumut dintre Republica Moldova şi Banca Europeană pentru Reconstrucţie şi Dezvoltare privind realizarea lucrărilor de construcţie şi reabilitare a drumurilor în Republica Moldova,Împrumut,BERD,,legis.md,,https://www.legis.md/cautare/getResults?doc_id=7752&lang=ro
DPRM745/2013,26.07.2013,Decret,Decret pentru promulgarea Legii privind ratificarea Contractului de finanţare dintre Republica Moldova şi Banca Europeană de Investiţii pentru realizarea lucrărilor de construcţie şi reabilitare a drumurilor în Republica Moldova,Împrumut,BEI,,legis.md,,https://www.legis.md/cautare/getResults?doc_id=51430&lang=ro
DPRM744/2013,26.07.2013,Decret,"Decret pentru promulgarea Legii privind ratificarea Acordului, încheiat prin schimb de note, dintre Guvernul Republicii Moldova şi Guvernul Japoniei pentru finanţarea Proiectului „Îmbunătăţirea serviciilor medicale”",Grant,Japonia,,legis.md,,https://www.legis.md/cautare/getResults?doc_id=7769&lang=ro
DPRM743/2013,26.07.2013,Decret,Decret pentru promulgarea Legii privind ratificarea Acordului de împrumut dintre Guvernul Republicii Moldova şi Agenţia Japoneză de Cooperare Internaţională pentru realizarea Proiectului „Îmbunătăţirea serviciilor medicale”,Împrumut,JICA,,legis.md,,https://www.legis.md/cautare/getResults?doc_id=51428&lang=ro
DPRM719/2013,15.07.2013,Decret,Decret privind promulgarea Legii pentru ratificarea Acordului de finanţare dintre Republica Moldova şi Asociaţia Internaţională de Dezvoltare pentru realizarea Proiectului „Suport de urgenţă pentru agricultura Moldovei”,Asistență financiară,AID,,legis.md,,https://www.legis.md/cautare/getResults?doc_id=51396&lang=ro
LP211/2013,12.07.2013,Lege,Lege privind ratificarea Acordului paralel la Acordul de împrumut dintre Guvernul Republicii Moldova şi Agenţia Japoneză de Cooperare Internaţională pentru realizarea Proiectului „Îmbunătăţirea serviciilor medicale”,Împrumut,JICA,,legis.md,,https://www.legis.md/cautare/getResults?doc_id=3511&lang=ro
LP210/2013,12.07.2013,Lege,Lege pentru ratificarea Memorandumului de înţelegere dintre Guvernul Republicii Moldova şi Guvernul României privind organizarea şi desfăşurarea procedurii de achiziţie publică plicabile în cazul lucrărilor de subtraversare a rîului Prut din cadru l Proiectului „Conducta de interconectare a Sistemului Naţional de Transport Gaze din România cu Sistemul de Transport Gaze din Republica Moldova pe direcţia Iaşi (România) – Ungheni (Republica Moldova)”,Asistență tehnică,România,,legis.md,,https://www.legis.md/cautare/getResults?doc_id=21695&lang=ro
LP209/2013,12.07.2013,Lege,Lege pentru ratificarea Acordului de credit export dintre Republica Moldova şi UniCredit Bank Austria AG privind finanţarea Proiectului „Îmbunătăţirea serviciilor medicale în Spitalul Clinic Republican din Moldova – faza II”,Împrumut,Bancă comercială străină,,legis.md,,https://www.legis.md/cautare/getResults?doc_id=21746&lang=ro
LP192/2013,12.07.2013,Lege,"Lege privind ratificarea Acordului de grant, încheiat prin schimb de note, dintre Guvernul Republicii Moldova şi Guvernul Japoniei pentru realizarea Proiectului „Utilizarea eficientă a combustibilului solid din biomasă”",Grant,Japonia,,legis.md,,https://www.legis.md/cautare/getResults?doc_id=14800&lang=ro
LP191/2013,12.07.2013,Lege,Lege pentru ratificarea Acordului de împrumut dintre Republica Moldova şi Banca Europeană pentru Reconstrucţie şi Dezvoltare privind realizarea lucrărilor de construcţie şi reabilitare a drumurilor în Republica Moldova,Împrumut,BERD,,legis.md,,https://www.legis.md/cautare/getResults?doc_id=21874&lang=ro
LP190/2013,12.07.2013,Lege,Lege privind ratificarea Contractului de finanţare dintre Republica Moldova şi Banca Europeană de Investiţii pentru realizarea lucrărilor de construcţie şi reabilitare a drumurilor în Republica Moldova,Împrumut,BEI,,legis.md,,https://www.legis.md/cautare/getResults?doc_id=2371&lang=ro
LP189/2013,12.07.2013,Lege,"Lege privind ratificarea Acordului, încheiat prin schimb de note, dintre Guvernul Republicii Moldova şi Guvernul Japoniei pentru finanţarea Proiectului „Îmbunătăţirea serviciilor medicale”",Grant,Japonia,,legis.md,,https://www.legis.md/cautare/getResults?doc_id=21872&lang=ro
LP188/2013,12.07.2013,Lege,Lege privind ratificarea Acordului de împrumut dintre Guvernul Republicii Moldova şi Agenţia Japoneză de Cooperare Internaţională pentru realizarea Proiectului „Îmbunătăţirea serviciilor medicale”,Împrumut,JICA,,legis.md,,https://www.legis.md/cautare/getResults?doc_id=3401&lang=ro
HG513/2013,10.07.2013,Hotărâre,Hotărâre cu privire la aprobarea proiectului de lege pentru ratificarea Acordului Paralel la Acordul de împrumut dintre Guvernul Republicii Moldova şi Agenţia Japoneză de Cooperare Internaţională pentru realizarea Proiectului de îmbunătăţire a serviciilor medicale,Împrumut,JICA,,legis.md,,https://www.legis.md/cautare/getResults?doc_id=19743&lang=ro
HG512/2013,10.07.2013,Hotărâre,"Hotărâre cu privire la aprobarea proiectului de lege pentru ratificarea Memorandumului de înţelegere între Guvernul Republicii Moldova şi Guvernul României privind organizarea şi desfăşurarea procedurii de achiziţie publică aplicabilă în cazul lucrărilor de subtraversare a rîului Prut din cadrul proiectului „Conducta de interconectare a Sistemului Naţional de Transport Gaze din România cu Sistemul de Transport Gaze din Republica Moldova pe direcţia Iaşi (România) – Ungheni (Republica Moldova)”, semnat la Chişinău la 11 iunie 2013",Asistență tehnică,România,11.06.2013,legis.md,,https://www.legis.md/cautare/getResults?doc_id=19739&lang=ro
HG511/2013,10.07.2013,Hotărâre,Hotărâre cu privire la aprobarea proiectului de lege pentru ratificarea Acordului de credit export dintre Republica Moldova şi UniCredit Bank Austria AG privind finanţarea Proiectului „Îmbunătăţirea serviciilor medicale în Spitalul Clinic Republican din Moldova – faza II”,Împrumut,Bancă comercială străină,,legis.md,,https://www.legis.md/cautare/getResults?doc_id=19733&lang=ro
HG499/2013,08.07.2013,Hotărâre,"Hotărâre cu privire la iniţierea negocierilor asupra proiectului Acordului de credit export între Republica Moldova şi UniCredit Bank Austria AG privind finanţarea Proiectului „Îmbunătăţirea serviciilor medicale în Spitalul Clinic Republican din Moldova – faza II” şi acordarea deplinelor puteri domnului Andrei USATÎI, ministru al sănătăţii",Împrumut,Bancă comercială străină,,legis.md,,https://www.legis.md/cautare/getResults?doc_id=5539&lang=ro
HG498/2013,08.07.2013,Hotărâre,"Hotărâre cu privire la aprobarea proiectului de lege pentru ratificarea Acordului de grant, încheiat prin schimb de note, între Guvernul Republicii Moldova şi Guvernul Japoniei în vederea realizării Proiectului „Utilizarea eficientă a combustibilului solid din biomasă”, semnat la Chişinău la 26 iunie 2013",Grant,Japonia,26.06.2013,legis.md,,https://www.legis.md/cautare/getResults?doc_id=14788&lang=ro
LP165/2013,05.07.2013,Lege,Lege pentru ratificarea Acordului de finanţare dintre Republica Moldova şi Asociaţia Internaţională de Dezvoltare privind realizarea Proiectului „Suport de urgenţă pentru agricultura Moldovei”,Asistență financiară,AID,,legis.md,,https://www.legis.md/cautare/getResults?doc_id=7257&lang=ro
HG482/2013,03.07.2013,Hotărâre,Hotărâre cu privire la aprobarea proiectului de lege pentru ratificarea Acordului de împrumut dintre Guvernul Republicii Moldova şi Agenţia Japoneză de Cooperare Internaţională pentru realizarea Proiectului de îmbunătăţire a serviciilor medicale,Împrumut,JICA,,legis.md,,https://www.legis.md/cautare/getResults?doc_id=19486&lang=ro
HG481/2013,03.07.2013,Hotărâre,"Hotărâre cu privire la aprobarea proiectului de lege pentru ratificarea Acordului, încheiat prin schimb de note, între Guvernul Republicii Moldova şi Guvernul Japoniei pentru finanţarea Proiectului „Îmbunătăţirea serviciilor medicale",Grant,Japonia,,legis.md,,https://www.legis.md/cautare/getResults?doc_id=19485&lang=ro
HG480/2013,03.07.2013,Hotărâre,Hotărâre cu privire la aprobarea proiectului de lege pentru ratificarea Contractului de finanţare dintre Republica Moldova şi Banca Europeană de Investiţii privind realizarea lucrărilor de construcţie şi reabilitare a drumurilor în Republica Moldova,Împrumut,BEI,,legis.md,,https://www.legis.md/cautare/getResults?doc_id=19483&lang=ro
HG479/2013,03.07.2013,Hotărâre,Hotărâre cu privire la aprobarea proiectului de lege pentru ratificarea Acordului de împrumut dintre Republica Moldova şi Banca Europeană pentru Reconstrucţie şi Dezvoltare privind realizarea lucrărilor de construcţie şi reabilitare a drumurilor în Republica Moldova,Împrumut,BERD,,legis.md,,https://www.legis.md/cautare/getResults?doc_id=19482&lang=ro
HG458/2013,01.07.2013,Hotărâre,"Hotărâre cu privire la aprobarea Memorandumului de Înţelegere între Ministerul Finanţelor al Republicii Moldova şi Ministerul Finanţelor al Regatului Ţărilor de Jos cu privire la cooperarea tehnică, semnat la Chişinău la 2 aprilie 2013",Asistență tehnică,Olanda,02.04.2013,legis.md,,https://www.legis.md/cautare/getResults?doc_id=19465&lang=ro
HG412/2013,20.06.2013,Hotărâre,"Hotărâre cu privire la aprobarea proiectului de lege pentru ratificarea Acordului de finanţare dintre Republica Moldova şi Asociaţia Internaţională de Dezvoltare privind realizarea Proiectului „Suport de urgenţă pentru agricultura Moldovei”, semnat la Chişinău la 29 mai 2013",Asistență financiară,AID,29.05.2013,legis.md,,https://www.legis.md/cautare/getResults?doc_id=5456&lang=ro
HG315/2013,30.05.2013,Hotărâre,"Hotărâre pentru aprobarea Acordului de finanţare dintre Guvernul Republicii Moldova şi Uniunea Europeană privind Programul-pilot de dezvoltare regională, Planul Naţional de Acţiuni 2012, semnat la Chişinău la 26 februarie 2013",Grant,UE,26.02.2013,legis.md,,https://www.legis.md/cautare/getResults?doc_id=19877&lang=ro
DPRM645/2013,21.05.2013,Decret,Decret privind promulgarea Legii pentru ratificarea Acordului de finanţare dintre Republica Moldova şi Asociaţia Internaţională pentru Dezvoltare privind realizarea Proiectului reformei învăţămîntului în Moldova,Împrumut,AID,,legis.md,,https://www.legis.md/cautare/getResults?doc_id=53037&lang=ro
HG296/2013,16.05.2013,Hotărâre,Hotărâre cu privire la iniţierea negocierilor asupra proiectelor acordurilor de finanţare dintre Guvernul Republicii Moldova şi BERD şi BEI pentru realizarea lucrărilor de construcţie şi reabilitare a drumurilor în Republica Moldova,Împrumut,BERD / BEI,,legis.md,,https://www.legis.md/cautare/getResults?doc_id=1547&lang=ro
LP89/2013,19.04.2013,Lege,Lege pentru ratificarea Acordului de finanţare dintre Republica Moldova şi Asociaţia Internaţională pentru Dezvoltare privind realizarea Proiectului reformei învăţămîntului în Moldova,Împrumut,AID,,legis.md,,https://www.legis.md/cautare/getResults?doc_id=22245&lang=ro
HG191/2013,13.03.2013,Hotărâre,"Hotărâre cu privire la iniţierea negocierilor asupra proiectelor acordurilor,încheiate prin schimb de note, între Guvernul Japoniei şi Guvernul Republicii Moldova pentru finanţarea Proiectului de îmbunătăţire a serviciilor medicale",Grant,Japonia,,legis.md,,https://www.legis.md/cautare/getResults?doc_id=18874&lang=ro
HG189/2013,13.03.2013,Hotărâre,"Hotărâre cu privire la aprobarea proiectului de lege pentru ratificarea Acordului de finanţare dintre Republica Moldova şi Asociaţia Internaţională pentru Dezvoltare privind realizarea Proiectului de Reformă a Educaţiei din Moldova, semnat la Chişinău la 7 februarie 2013",Împrumut,AID,07.02.2013,legis.md,,https://www.legis.md/cautare/getResults?doc_id=18870&lang=ro
HG157/2013,27.02.2013,Hotărâre,Hotărâre cu privire la iniţierea negocierilor asupra proiectului Memorandumului de înţelegere dintre Guvernul Republicii Moldova şi Guvernul României privind procedura de achiziţie publică aplicabilă în cazul lucrărilor de subtraversare a rîului Prut din cadrul proiectului „Conducta de interconectare a Sistemului Naţional de Transport Gaze din România cu Sistemul de Transport Gaze din Republica Moldova pe direcţia Iaşi (România) – Ungheni (Moldova)”,Asistență tehnică,România,,legis.md,,https://www.legis.md/cautare/getResults?doc_id=1901&lang=ro
HG156/2013,27.02.2013,Hotărâre,"Hotărâre cu privire la iniţierea negocierilor asupra proiectului Acordului de grant, prin schimb de note, dintre Guvernul Republicii Moldova şi Guvernul Japoniei în vederea realizării Proiectului „Utilizarea Eficientă a Combustibilului Solid din Biomasă” şi acordarea deplinelor puteri dlui Vasile Bumacov, ministru al agriculturii şi industriei alimentarer",Grant,Japonia,,legis.md,,https://www.legis.md/cautare/getResults?doc_id=19085&lang=ro
DPRM508/2013,18.02.2013,Decret,Decret privind iniţierea negocierilor asupra proiectului Acordului de finanţare dintre Republica Moldova şi Asociaţia Internaţională pentru Dezvoltare în vederea realizării Proiectului „Suport de urgenţă pentru agricultura Moldovei”,Împrumut,AID,,legis.md,,https://www.legis.md/cautare/getResults?doc_id=3662&lang=ro
HG120/2013,12.02.2013,Hotărâre,"Hotărâre privind iniţierea negocierilor asupra proiectului Memorandumului de înţelegere dintre Ministerul Finanţelor al Republicii Moldova şi Ministerul Finanţelor al Regatului Ţărilor de Jos cu privire la cooperarea tehnică şi acordarea deplinelor puteri domnului Veaceslav Negruţa, ministru al finanţelor",Asistență tehnică,Olanda,,legis.md,,https://www.legis.md/cautare/getResults?doc_id=18595&lang=ro
HG82/2013,29.01.2013,Hotărâre,Hotărâre pentru iniţierea negocierilor asupra proiectului Acordului de finanţare dintre Guvernul Republicii Moldova şi Uniunea Europeană privind Programul de suport al reformei justiţiei (PNA 2012),Grant,UE,,legis.md,,https://www.legis.md/cautare/getResults?doc_id=3998&lang=ro
DPRM441/2012,28.12.2012,Decret,Decret privind iniţierea negocierilor asupra proiectului Acordului de finanţare dintre Republica Moldova şi Asociaţia Internaţională pentru Dezvoltare,Împrumut,AID,,legis.md,,https://www.legis.md/cautare/getResults?doc_id=42004&lang=ro
HG964/2012,20.12.2012,Hotărâre,"Hotărâre pentru iniţierea negocierilor asupra Aranjamentului, încheiat prin schimb de note, dintre Guvernul Republicii Moldova şi Guvernul Republicii Federale Germania privind finanţarea proiectului Modernizarea Serviciilor Publice Locale",Grant,Germania,,legis.md,,https://www.legis.md/cautare/getResults?doc_id=18816&lang=ro
HG963/2012,20.12.2012,Hotărâre,Hotărâre pentru iniţierea negocierilor asupra proiectului Acordului de finanţare dintre Guvernul Republicii Moldova şi Uniunea Europeană privind Programul-cadru de suport al acordurilor curente şi viitoare dintre Uniunea Europeană şi Republica Moldova (PNA 2012),Grant,UE,,legis.md,,https://www.legis.md/cautare/getResults?doc_id=10458&lang=ro
HG952/2012,20.12.2012,Hotărâre,Hotărâre cu privire la iniţierea negocierilor asupra proiectului Acordului de împrumut dintre Guvernul Republicii Moldova şi Agenţia Japoneză de Cooperare Internaţională pentru realizarea Proiectului „Îmbunătăţirea serviciilor medicale”,Împrumut,JICA,,legis.md,,https://www.legis.md/cautare/getResults?doc_id=9679&lang=ro
DP403/2012,10.12.2012,Decret,Decret pentru promulgarea Legii cu privire la ratificarea Acordului de finanţare dintre Republica Moldova şi Asociaţia Internaţională pentru Dezvoltare în vederea realizării Programului de creştere a competitivităţii Republicii Moldova,Împrumut,AID,,legis.md,,https://www.legis.md/cautare/getResults?doc_id=8794&lang=ro
HG901/2012,06.12.2012,Hotărâre,"Hotărâre pentru iniţierea negocierilor asupra proiectului Acordului de finanţare dintre Guvernul Republicii Moldova şi Uniunea Europeană privind Programul-pilot de dezvoltare regională, Planul Naţional de Acţiuni 2012",Grant,UE,,legis.md,,https://www.legis.md/cautare/getResults?doc_id=20421&lang=ro
HG898/2012,03.12.2012,Hotărâre,"Hotărâre pentru iniţierea negocierilor asupra Acordului de finanţare dintre Guvernul Republicii Moldova şi Uniunea Europeană cu privire la Programul de suport al sectorului învăţămînt vocaţional şi formare profesională, Planul Naţional de Acţiuni 2012",Grant,UE,,legis.md,,https://www.legis.md/cautare/getResults?doc_id=20420&lang=ro
HG889/2012,03.12.2012,Hotărâre,Hotărâre cu privire la iniţierea negocierilor asupra proiectului Acordului de finanţare dintre Republica Moldova şi Asociaţia Internaţională pentru Dezvoltare privind finanţarea Proiectului de Reformă a Educaţiei din Moldova,Împrumut,AID,,legis.md,,https://www.legis.md/cautare/getResults?doc_id=20403&lang=ro
LP272/2012,30.11.2012,Lege,Lege cu privire la ratificarea Acordului de finanţare dintre Republica Moldova şi Asociaţia Internaţională pentru Dezvoltare în vederea realizării Programului de creştere a competitivităţii Republicii Moldova,Împrumut,AID,,legis.md,,https://www.legis.md/cautare/getResults?doc_id=22410&lang=ro
AMAEIE482/2016,30.11.2012,Act,Act ADDENDUMUL 03 LA ACORDUL DE FINANŢARE PENTRU PROGRAMUL DE SUPORT AL POLITICII SECTORIALE DE SĂNĂTATE ENPI/2008/019-655 CONDIŢII SPECIALE,Asistență financiară,UE,,legis.md,,https://www.legis.md/cautare/getResults?doc_id=117836&lang=ro
HG852/2012,13.11.2012,Hotărâre,"Hotărâre pentru iniţierea negocierilor asupra proiectului Addendumului nr. 1 la Acordul de finanţare între Guvernul Republicii Moldova şi Uniunea Europeană cu privire la Programul de suport al politicilor sectoriale în domeniul stimulării economice a zonelor rurale, semnat la 26 noiembrie 2010",Grant,UE,26.11.2010,legis.md,,https://www.legis.md/cautare/getResults?doc_id=8208&lang=ro
HG832/2012,07.11.2012,Hotărâre,"Hotărâre cu privire la aprobarea proiectului de lege pentru ratificarea Acordului de finanţare dintre Republica Moldova şi Asociaţia Internaţională de Dezvoltare privind realizarea Programului de creştere a competitivităţii în Republica Moldova, semnat la Chişinău la 7 noiembrie 2012",Asistență financiară,AID,07.11.2012,legis.md,,https://www.legis.md/cautare/getResults?doc_id=15132&lang=ro
HG824/2012,06.11.2012,Hotărâre,"Hotărâre pentru iniţierea negocierilor asupra proiectului Addendumului nr.2 la Acordul de finanţare între Guvernul Republicii Moldova şi Comisia Europeană cu privire la Programul Regional de Acţiuni TACIS 2006, semnat la 30 octombrie 2006",Grant,UE,30.10.2006,legis.md,,https://www.legis.md/cautare/getResults?doc_id=5497&lang=ro
HG804/2012,31.10.2012,Hotărâre,Hotărâre cu privire la iniţierea negocierilor asupra proiectului Addendumului 03 la Acordul de finanţare pentru Programul de Suport al Politicii Sectoriale de Sănătate,Asistență financiară,UE,,legis.md,,https://www.legis.md/cautare/getResults?doc_id=21034&lang=ro
HG768/2012,15.10.2012,Hotărâre,"Hotărâre cu privire la iniţierea negocierilor asupra proiectului Acordului de grant dintre Republica Moldova şi Banca Internaţională pentru Reconstrucţie şi Dezvoltare pentru finanţarea activităţilor operaţionale ale Oficiului Finanţării de Carbon şi acordarea deplinelor puteri domnului Veaceslav Negruţa, ministru al finanţelor",Grant,BIRD,,legis.md,,https://www.legis.md/cautare/getResults?doc_id=1248&lang=ro
HG684/2012,12.09.2012,Hotărâre,Hotărâre cu privire la iniţierea negocierilor asupra proiectului Acordului de finanţare dintre Republica Moldova şi Asociaţia Internaţională de Dezvoltare pentru „Programul de creştere a competitivităţii în Republica Moldova”,Asistență financiară,AID,,legis.md,,https://www.legis.md/cautare/getResults?doc_id=20887&lang=ro
HG682/2012,10.09.2012,Hotărâre,"Hotărâre pentru iniţierea negocierilor asupra proiectului Amendamentului II la Acordul de asistenţă între Guvernul Republicii Moldova şi Guvernul Statelor Unite ale Americii pentru susţinerea autorităţilor publice locale, semnat la 17 septembrie 2010",Grant,SUA,17.09.2010,legis.md,,https://www.legis.md/cautare/getResults?doc_id=1386&lang=ro
HG681/2012,10.09.2012,Hotărâre,"Hotărâre pentru iniţierea negocierilor asupra proiectului Amendamentului II la Acordul de asistenţă între Guvernul Republicii Moldova şi Guvernul Statelor Unite ale Americii pentru Programul de consolidare a instituţiilor statului de drept, semnat la 22 iulie 2011",Grant,SUA,22.07.2011,legis.md,,https://www.legis.md/cautare/getResults?doc_id=1650&lang=ro
HG680/2012,10.09.2012,Hotărâre,"Hotărâre pentru iniţierea negocierilor asupra proiectului Amendamentului II la Acordul de asistenţă între Guvernul Republicii Moldova şi Guvernul Statelor Unite ale Americii pentru creşterea economică, semnat la 6 iulie 2010",Grant,SUA,06.07.2010,legis.md,,https://www.legis.md/cautare/getResults?doc_id=6405&lang=ro
DP262/2012,24.08.2012,Decret,Decret privind promulgarea Legii pentru ratificarea Acordului de împrumut dintre Republica Moldova şi Banca Europeană pentru Reconstrucţie şi Dezvoltare „Reabilitarea reţelelor electrice de transport ale «Moldelectrica»”,Împrumut,BERD,,legis.md,,https://www.legis.md/cautare/getResults?doc_id=118&lang=ro
DP261/2012,24.08.2012,Decret,Decret privind promulgarea Legii pentru ratificarea Contractului de finanţare dintre Republica Moldova şi Banca Europeană de Investiţii “Transportul energiei electrice de către «Moldelectrica»”,Împrumut,BEI,,legis.md,,https://www.legis.md/cautare/getResults?doc_id=4417&lang=ro
DP260/2012,24.08.2012,Decret,Decret privind promulgarea Legii pentru ratificarea Acordului de finanţare dintre Republica Moldova şi Asociaţia Internaţională pentru Dezvoltare în vederea realizării Proiectului „Agricultura competitivă”,Împrumut,AID,,legis.md,,https://www.legis.md/cautare/getResults?doc_id=358&lang=ro
DP254/2012,23.08.2012,Decret,Decret privind promulgarea Legii pentru ratificarea Acordului de finanţare adiţională dintre Republica Moldova şi Asociaţia Internaţională pentru Dezvoltare privind Proiectul „Educaţie de calitate în mediul rural din Republica Moldova”,Împrumut,AID,,legis.md,,https://www.legis.md/cautare/getResults?doc_id=562&lang=ro
DP229/2012,09.08.2012,Decret,Decret privind iniţierea negocierilor asupra proiectului Amendamentului întocmit prin schimb de scrisori la Acordul de finanţare între Republica Moldova şi Uniunea Europeană cu privire la Programul Operaţional România-Ucraina - Republica Moldova 2007-2013,Grant,UE,,legis.md,,https://www.legis.md/cautare/getResults?doc_id=8761&lang=ro
DP228/2012,09.08.2012,Decret,Decret privind iniţierea negocierilor asupra proiectului Amendamentului întocmit prin schimb de scrisori la Acordul de finanţare între Republica Moldova şi Uniunea Europeană cu privire la Programul Operaţional Comun Marea Neagră 2007-2013,Grant,UE,,legis.md,,https://www.legis.md/cautare/getResults?doc_id=4001&lang=ro
DP216/2012,31.07.2012,Decret,Decret privind promulgarea Legii pentruratificarea Acordului-cadru de împrumut dintre Republica Moldova şi Banca de Dezvoltare a Consiliului Europei întru realizarea Proiectului de construcţii a locuinţelor pentru păturile socialmentevulnerabile II,Împrumut,CEB,,legis.md,,https://www.legis.md/cautare/getResults?doc_id=988&lang=ro
DP215/2012,31.07.2012,Decret,Decret privind promulgarea Legii pentru ratificarea Acordului de credit export dintre Republica Moldova şi UniCredit Bank Austria AG privind finanţarea Proiectului „Îmbunătăţirea serviciilor medicale în Spitalul Clinic Republican din Moldova”,Împrumut,Bancă comercială străină,,legis.md,,https://www.legis.md/cautare/getResults?doc_id=53346&lang=ro
HG551/2012,26.07.2012,Hotărâre,Hotărâre pentru iniţierea negocierilor asupra proiectului Amendamentului la Acordul de finanţare între Guvernul Republicii Moldova şi Comisia Europeană cu privire la Asistenţă tehnică şi Twinning ca suport pentru Acordurile dintre Republica Moldova şi Uniunea Europeană,Grant,UE,,legis.md,,https://www.legis.md/cautare/getResults?doc_id=9392&lang=ro
HG508/2012,18.07.2012,Hotărâre,Hotărâre cu privire la iniţierea negocierilor asupra Acordului între Guvernul Republicii Moldova şi Guvernul Republicii Populare Chineze privind acordarea de către Republica Populară Chineză Republicii Moldova a unui împrumut concesional,Împrumut,China,,legis.md,,https://www.legis.md/cautare/getResults?doc_id=15123&lang=ro
HG505/2012,13.07.2012,Hotărâre,"Hotărâre cu privire la iniţierea negocierilor asupra proiectului Acordului de grant dintre Republica Moldova şi Banca Internaţională pentru Reconstrucţie şi Dezvoltare pentru finanţarea reformei de planificare strategică a managementului informaţiei în sănătate din Moldova şi acordarea deplinelor puteri domnului Veaceslav Negruţa, ministru al finanţelor",Grant,BIRD,,legis.md,,https://www.legis.md/cautare/getResults?doc_id=1210&lang=ro
LP182/2012,11.07.2012,Lege,Lege pentru ratificarea Acordului-cadru de împrumut dintre Republica Moldova şi Banca de Dezvoltare a Consiliului Europei întru realizarea Proiectului de construcţie a locuinţelor pentru păturile socialmente vulnerabile II,Împrumut,CEB,,legis.md,,https://www.legis.md/cautare/getResults?doc_id=22360&lang=ro
LP181/2012,11.07.2012,Lege,Lege pentru ratificarea Acordului de credit export dintre Republica Moldova şi UniCredit Bank Austria AG privind finanţarea Proiectului „Îmbunătăţirea serviciilor medicale în Spitalul Clinic Republican din Moldova”,Împrumut,Bancă comercială străină,,legis.md,,https://www.legis.md/cautare/getResults?doc_id=3579&lang=ro
LP180/2012,11.07.2012,Lege,Lege pentru ratificarea Acordului de împrumut dintre Republica Moldova şi Banca Europeană pentru Reconstrucţie şi Dezvoltare „Reabilitarea reţelelor electrice de transport ale «Moldelectrica»”,Împrumut,BERD,,legis.md,,https://www.legis.md/cautare/getResults?doc_id=7754&lang=ro
LP179/2012,11.07.2012,Lege,Lege pentru ratificarea Contractului de finanţare dintre Republica Moldova şi Banca Europeană de Investiţii “Transportul energiei electrice de către «Moldelectrica»”,Împrumut,BEI,,legis.md,,https://www.legis.md/cautare/getResults?doc_id=14951&lang=ro
LP176/2012,11.07.2012,Lege,Lege pentru ratificarea Acordului de finanţare dintre Republica Moldova şi Asociaţia Internaţională pentru Dezvoltare în vederea realizării Proiectului „Agricultura competitivă”,Împrumut,AID,,legis.md,,https://www.legis.md/cautare/getResults?doc_id=22703&lang=ro
LP172/2012,11.07.2012,Lege,Lege pentru ratificarea Acordului de finanţare adiţională dintre Republica Moldova şi Asociaţia Internaţională pentru Dezvoltare privind Proiectul „Educaţie de calitate în mediul rural din Republica Moldova”,Împrumut,AID,,legis.md,,https://www.legis.md/cautare/getResults?doc_id=7508&lang=ro
HG483/2012,04.07.2012,Hotărâre,"Hotărâre cu privire la aprobarea proiectului de lege pentru ratificarea Acordului de credit export între Republica Moldova şi UniCredit Bank Austria AG privind finanţarea Proiectului „Îmbunătăţirea serviciilor medicale în Spitalul Clinic Republican din Moldova”, semnat la Chişinău la 2 iulie 2012",Împrumut,Bancă comercială străină,02.07.2012,legis.md,,https://www.legis.md/cautare/getResults?doc_id=6705&lang=ro
HG482/2012,04.07.2012,Hotărâre,"Hotărâre cu privire la aprobarea proiectului de lege pentru ratificarea Acordului-cadru de împrumut între Republica Moldova şi Banca de Dezvoltare a Consiliului Europei întru realizarea Proiectului de construcţie a locuinţelor pentru păturile socialmente vulnerabile II, semnat la Chişinău la 16 iunie 2012",Împrumut,CEB,16.06.2012,legis.md,,https://www.legis.md/cautare/getResults?doc_id=8130&lang=ro
HG481/2012,04.07.2012,Hotărâre,"Hotărâre cu privire la aprobarea proiectului de lege pentru ratificarea Acordului de împrumut între Republica Moldova şi Banca Europeană pentru Reconstrucţie şi Dezvoltare în scopul realizării Proiectului de reabilitare a reţelelor electrice de transport în Republica Moldova, semnat la Chişinău la 22 mai 2012",Împrumut,BERD,22.05.2012,legis.md,,https://www.legis.md/cautare/getResults?doc_id=10431&lang=ro
HG480/2012,04.07.2012,Hotărâre,"Hotărâre cu privire la aprobarea proiectului de lege pentru ratificarea Contractului de finanţare între Republica Moldova şi Banca Europeană de Investiţii în scopul realizării Proiectului de reabilitare a reţelelor electrice de transport în Republica Moldova, semnat la Luxemburg la 26 iunie 2012",Împrumut,BEI,26.06.2012,legis.md,,https://www.legis.md/cautare/getResults?doc_id=19971&lang=ro
HG463/2012,26.06.2012,Hotărâre,"Hotărâre cu privire la acordarea deplinelor puteri domnului Veaceslav Negruţa, ministru al finanţelor, pentru semnarea Acordului de credit export între Republica Moldova şi UniCredit Bank Austria AG privind finanţarea Proiectului „Îmbunătăţirea serviciilor medicale în Spitalul Clinic Republican din Moldova”",Împrumut,Bancă comercială străină,,legis.md,,https://www.legis.md/cautare/getResults?doc_id=19705&lang=ro
HG437/2012,19.06.2012,Hotărâre,"Hotărâre cu privire la iniţierea negocierilor asupra proiectului Acordului de grant dintre Republica Moldova şi Banca Internaţională pentru Reconstrucţie şi Dezvoltare pentru finanţarea Proiectului “Consolidarea sistemului de achiziţii publice” şi acordarea deplinelor puteri domnului Veaceslav Negruţa, ministru al finanţelor",Grant,BIRD,,legis.md,,https://www.legis.md/cautare/getResults?doc_id=9202&lang=ro
AMAEIE144/2016,16.06.2012,Act,Act ACORD CADRU DE ÎMPRUMUT DINTRE BANCA DE DEZVOLTARE A CONSILIULUI EUROPEI ŞI REPUBLICA MOLDOVA*,Împrumut,CEB,,legis.md,,https://www.legis.md/cautare/getResults?doc_id=117832&lang=ro
HG416/2012,14.06.2012,Hotărâre,"Hotărâre cu privire la aprobarea proiectului de lege pentru ratificarea Acordului de finanţare dintre Republica Moldova şi Asociaţia Internaţională de Dezvoltare în vederea realizării Proiectului “Agricultura Competitivă”, semnat la Chişinău la 28 mai 2012",Asistență financiară,AID,28.05.2012,legis.md,,https://www.legis.md/cautare/getResults?doc_id=19551&lang=ro
HG377/2012,06.06.2012,Hotărâre,"Hotărâre pentru iniţierea negocierilor asupra Acordului de grant dintre Ministerul Sănătăţii al Republicii Moldova şi Banca de Dezvoltare a Consiliului Europei şi acordarea deplinelor puteri domnului Andrei Usatîi, ministru al sănătăţii",Grant,CEB,,legis.md,,https://www.legis.md/cautare/getResults?doc_id=4352&lang=ro
HG368/2012,06.06.2012,Hotărâre,Hotărâre cu privire la iniţierea negocierilor asupra proiectului Acordului de credit export între Republica Moldova şi UniCredit Bank Austria AG privind finanţarea Proiectului „Îmbunătăţirea serviciilor medicale în Spitalul Clinic Republican din Moldova”,Împrumut,Bancă comercială străină,,legis.md,,https://www.legis.md/cautare/getResults?doc_id=6796&lang=ro
HG364/2012,06.06.2012,Hotărâre,"Hotărâre privind iniţierea negocierilor asupra proiectului celui de-al treilea Protocol adiţional între Guvernul Republicii Moldova şi Guvernul României la Acordul dintre Guvernul Republicii Moldova şi Guvernul României privind implementarea programului de asistenţă tehnică şi financiară în baza unui ajutor financiar nerambursabil în valoare de 100 milioane de euro acordat de România Republicii Moldova, semnat la Bucureşti, la 27 aprilie 2010 şi acordarea deplinelor puteri dlui Gheorghe Şalaru, ministru al mediului",Asistență tehnică,România,,legis.md,,https://www.legis.md/cautare/getResults?doc_id=2361&lang=ro
HG307/2012,21.05.2012,Hotărâre,"Hotărâre cu privire la aprobarea proiectului de lege pentru ratificarea Acordului de finanţare adiţională dintre Republica Moldova şi Asociaţia Internaţională pentru Dezvoltare privind Proiectul „Educaţie de calitate în mediul rural din Republica Moldova”, semnat la Chişinău la 20 aprilie 2012",Împrumut,AID,20.04.2012,legis.md,,https://www.legis.md/cautare/getResults?doc_id=20025&lang=ro
DP58/2012,07.05.2012,Decret,Decret privind promulgarea Legii pentru ratificarea Acordului de finanţare adiţională dintre Republica Moldova şi Asociaţia Internaţională pentru Dezvoltare în scopul realizării Proiectului „Servicii de sănătate şi asistenţă socială”,Împrumut,AID,,legis.md,,https://www.legis.md/cautare/getResults?doc_id=52428&lang=ro
LP79/2012,12.04.2012,Lege,Lege pentru ratificarea Acordului de finanţare adiţională dintre Republica Moldova şi Asociaţia Internaţională pentru Dezvoltare în scopul realizării Proiectului „Servicii de sănătate şi asistenţă socială”,Împrumut,AID,,legis.md,,https://www.legis.md/cautare/getResults?doc_id=22628&lang=ro
HG206/2012,11.04.2012,Hotărâre,"Hotărâre pentru iniţierea negocierilor asupra proiectului Memorandumului de Înţelegere dintre Republica Moldova şi Banca Internaţională pentru Reconstrucţie şi Dezvoltare şi Asociaţia Internaţională pentru Dezvoltare privind promovarea accesului liber la datele financiareşi acordarea deplinelor puteri domnului Veaceslav Negruţa, ministru al finanţelor",Asistență tehnică,BIRD / AID,,legis.md,,https://www.legis.md/cautare/getResults?doc_id=19330&lang=ro
HG201/2012,06.04.2012,Hotărâre,"Hotărâre cu privire la iniţierea negocierilor asupra proiectului Acordului între Guvernul Republicii Moldova şi Organizaţia Naţiunilor Unite pentru Agricultură şi Alimentaţie (FAO) privind Proiectul de asistenţă tehnică TCP/MOL/3302 „Îmbunătăţirea capacităţilor de eliminare a produselor chimice periculoase din fostul spaţiu sovietic, ca model de abordare şi prevenire a poluării de la utilizarea pesticidelor” şi acordarea deplinelor puteri domnului Vasile Bumacov, ministru al agriculturii şi industriei alimentare",Asistență tehnică,FAO,,legis.md,,https://www.legis.md/cautare/getResults?doc_id=4643&lang=ro
HG181/2012,23.03.2012,Hotărâre,Hotărâre pentru iniţierea negocierilor asupra proiectului Acordului de finanţare dintre Guvernul Republicii Moldova şi Comisia Europeană privind Programul de Suport al Reformei Sectorului Justiţiei,Grant,UE,,legis.md,,https://www.legis.md/cautare/getResults?doc_id=14841&lang=ro
HG124/2012,24.02.2012,Hotărâre,Hotărâre cu privire la iniţierea negocierilor asupra proiectului Acordului de finanţare între Republica Moldova şi Asociaţia Internaţională pentru Dezvoltare în vederearealizării Proiectului „Agricultura Competitivă”,Împrumut,AID,,legis.md,,https://www.legis.md/cautare/getResults?doc_id=19963&lang=ro
HG99/2012,16.02.2012,Hotărâre,Hotărâre pentru iniţierea negocierilor asupra proiectului Acordului de finanţare dintre Guvernul Republicii Moldova şi Comisia Europeană privind Programul Complex de Consolidare Instituţională,Grant,UE,,legis.md,,https://www.legis.md/cautare/getResults?doc_id=2797&lang=ro
HG103/2012,16.02.2012,Hotărâre,"Hotărâre cu privire la iniţierea negocierilor asupra proiectului Acordului de grant, prin schimb de note, între Guvernul Republicii Moldova şi Guvernul Japoniei referitor la extinderea Proiectului de asistenţă tehnică pentru fermierii neprivilegiaţi (2KR) şi acordarea deplinelor puteri dlui Vasile Bumacov, ministru al agriculturii şi industriei alimentare",Grant,Japonia,,legis.md,,https://www.legis.md/cautare/getResults?doc_id=6153&lang=ro
HG98/2012,15.02.2012,Hotărâre,"Hotărâre cu privire la aprobarea proiectului de lege pentru ratificarea Acordului de finanţare adiţională între Republica Moldova şi Asociaţia Internaţională de Dezvoltare în scopul realizării Proiectului „Servicii de sănătate şi asistenţă socială”, semnat la Chişinău la 20 decembrie 2011",Asistență financiară,AID,20.12.2011,legis.md,,https://www.legis.md/cautare/getResults?doc_id=20935&lang=ro
HG82/2012,10.02.2012,Hotărâre,Hotărâre cu privire la iniţierea negocierilor asupra proiectului Acordului de împrumut între Guvernul Republicii Moldova şi Banca de Export-Import a Republicii Populare Chineze întru realizarea Proiectului strategic de reabilitarea drumurilor,Împrumut,China,,legis.md,,https://www.legis.md/cautare/getResults?doc_id=20890&lang=ro
HG46/2012,26.01.2012,Hotărâre,Hotărâre cu privire la iniţierea negocierilor asupra proiectului Acordului-cadru de împrumut între Republica Moldova şi Banca de Dezvoltare a Consiliului Europei întru realizarea Proiectului de construcţie a locuinţelor pentru păturile socialmente vulnerabile II,Împrumut,CEB,,legis.md,,https://www.legis.md/cautare/getResults?doc_id=3315&lang=ro
HG8/2012,04.01.2012,Hotărâre,Hotărâre pentru iniţierea negocierilor asupra proiectului Acordului de finanţare dintre Guvernul Republicii Moldova şi Uniunea Europeană privind Programul „Măsuri de Consolidare a Încrederii,Grant,UE,,legis.md,,https://www.legis.md/cautare/getResults?doc_id=20126&lang=ro
HG1023/2012,29.12.2011,Hotărâre,"Hotărâre pentru iniţierea negocierilor asupra proiectului Amendamentului laAcordul de finanţare a Programului „Asistenţă tehnică şi twinning,ca suport pentru implementarea Planului de Acţiuni RepublicaMoldova – Uniunea Europeană PNA 2009”",Grant,UE,,legis.md,,https://www.legis.md/cautare/getResults?doc_id=20573&lang=ro
LP279/2011,27.12.2011,Lege,"Lege pentru ratificarea Memorandumului de înţelegere între Republica Moldova şi Uniunea Europeană privind asocierea Republicii Moldova la Cel de-al Şaptelea Program-cadru al Comunităţii Europene pentru cercetare, dezvoltare tehnologică şi activităţi demonstrative (2007–2013)",Asistență tehnică,UE,,legis.md,,https://www.legis.md/cautare/getResults?doc_id=2378&lang=ro
HG955/2011,19.12.2011,Hotărâre,"Hotărâre cu privire la acordarea deplinelor puteri domnului Veaceslav Negruţa, ministru al finanţelor, pentru semnarea Acordului de finanţare între Republica Moldova şi Asociaţia Internaţională de Dezvoltare cu privire la finanţarea suplimentară în scopul realizării Proiectului „Servicii de Sănătate şi Asistenţă Socială",Asistență financiară,AID,,legis.md,,https://www.legis.md/cautare/getResults?doc_id=20387&lang=ro
HP912/2011,06.12.2011,Hotărâre,"Hotărâre a Parlamentului cu privire la aprobarea proiectului de lege pentru ratificarea Memorandumului de înţelegere între Republica Moldova şi Uniunea Europeană privind asocierea Republicii Moldova la al şaptelea Program-cadru al Comunităţii Europene pentru cercetare, dezvoltare tehnologică şi activităţi demonstrative (2007-2013), semnat la Bruxelles la 11 octombrie 2011",Asistență tehnică,UE,11.10.2011,legis.md,,https://www.legis.md/cautare/getResults?doc_id=20517&lang=ro
HG873/2011,22.11.2011,Hotărâre,Hotărâre pentru iniţierea negocierilor asupra proiectului Amendamentului la Acordul de finanţare dintre Guvernul Republicii Moldova şi Uniunea Europeană privind Programul de suport al politicilor sectoriale în domeniul aprovizionării cu apă şi canalizării,Grant,UE,,legis.md,,https://www.legis.md/cautare/getResults?doc_id=8211&lang=ro
HG820/2011,07.11.2011,Hotărâre,"Hotărâre cu privire la aprobarea Memorandumului de înţelegere între Guvernul Republicii Moldova şi Guvernul Republicii Cipru pentru cooperare pe subiecte conexe Uniunii Europene, semnat la Nicosia la 4 octombrie 2011",Asistență tehnică,UE,04.10.2011,legis.md,,https://www.legis.md/cautare/getResults?doc_id=21246&lang=ro
HG788/2011,26.10.2011,Hotărâre,Hotărâre pentru iniţierea negocierilor asupra proiectului Acordului de finanţare între Republica Moldova şi Asociaţia Internaţională de Dezvoltare cu privire la finanţarea suplimentară pentru realizarea Proiectului “Servicii de sănătate şi asistenţă socială”,Asistență financiară,AID,,legis.md,,https://www.legis.md/cautare/getResults?doc_id=21193&lang=ro
LP201/2011,20.10.2011,Lege,Lege pentru ratificarea celui de-al doilea Protocol adiţional dintre Guvernul Republicii Moldova şi Guvernul României la Acordul dintre Guvernul Republicii Moldova şi Guvernul României privind implementarea programului de asistenţă tehnică şi financiară în baza unui ajutor financiar nerambursabil în valoare de 100 milioane de euro acordat de România Republicii Moldova,Asistență tehnică,România,,legis.md,,https://www.legis.md/cautare/getResults?doc_id=9545&lang=ro
HG760/2011,10.10.2011,Hotărâre,Hotărâre privind iniţierea negocierilor asupra proiectului Memorandumului de înţelegere între Guvernul Republicii Moldova şi Guvernul Republicii Cipru pentru cooperare pe subiectele conexe Uniunii Europene,Asistență tehnică,UE,,legis.md,,https://www.legis.md/cautare/getResults?doc_id=21423&lang=ro
HG750/2011,04.10.2011,Hotărâre,Hotărâre cu privire la iniţierea negocierilor asupra proiectului Protocolului adiţional la Acordul de finanţare între Guvernul Republicii Moldova şi UniuneaEuropeană cu privire la Proiectul: „Evaluarea capacităţii şi modernizarea Spitalului Clinic Republican din Chişinău”,Asistență financiară,UE,,legis.md,,https://www.legis.md/cautare/getResults?doc_id=21509&lang=ro
HG725/2011,23.09.2011,Hotărâre,"Hotărâre cu privire la aprobarea proiectului de lege pentru ratificarea celui de-al doilea Protocol Adiţional între Guvernul Republicii Moldova şi Guvernul României la Acordul între Guvernul Republicii Moldova şi Guvernul României privind implementarea programului de asistenţă tehnică şi financiară în baza unui ajutor financiar nerambursabil în valoare de 100 milioane euro acordat de România Republicii Moldova, semnat la Bucureşti la 27 aprilie 2010",Asistență tehnică,România,27.04.2010,legis.md,,https://www.legis.md/cautare/getResults?doc_id=14427&lang=ro
HG615/2011,17.08.2011,Hotărâre,"Hotărâre pentru iniţierea negocierilor asupra proiectului Primului Amendament la Acordul de asistenţă între Guvernul Statelor Unite ale Americii şi Guvernul Republicii Moldova pentru creşterea economică, semnat la 6 iulie 2010, şi acordarea deplinelor puteri dlui Victor Bodiu, secretar general al Guvernului",Grant,SUA,06.07.2010,legis.md,,https://www.legis.md/cautare/getResults?doc_id=3393&lang=ro
HG613/2011,15.08.2011,Hotărâre,Hotărâre pentru iniţierea negocierilor asupra proiectului Acordului de finanţare dintre Guvernul Republicii Moldova şi Comisia Europeană privind Programul de Suport Bugetar în domeniul reformei sectorului energetic,Grant,UE,,legis.md,da,https://www.legis.md/cautare/getResults?doc_id=21456&lang=ro
DP262/2011,05.08.2011,Decret,Decret pentru promulgarea Legii privind ratificarea Acordului de finanţare dintre Republica Moldova şi Asociaţia Internaţională pentru Dezvoltare în vederea realizării Proiectului „Consolidarea eficacităţii reţelei de asistenţă socială”,Împrumut,AID,,legis.md,,https://www.legis.md/cautare/getResults?doc_id=6370&lang=ro
DP261/2011,05.08.2011,Decret,Decret pentru promulgarea Legii privind ratificarea Acordului de finanţare dintre Republica Moldova şi Asociaţia Internaţională pentru Dezvoltare în vederea realizării Proiectului „e-Transformare a Guvernării”,Împrumut,AID,,legis.md,,https://www.legis.md/cautare/getResults?doc_id=52400&lang=ro
DP244/2011,03.08.2011,Decret,"Decret cu privire la iniţierea negocierilor asupra proiectului Memorandumului de Înţelegere între Uniunea Europeană şi Republica Moldova privind asocierea Republicii Moldova la cel de-al Şaptelea Program Cadru al Comunităţii Europene pentru cercetare, dezvoltare tehnologică şi activităţi demonstrative (2007-2013)",Asistență tehnică,UE,,legis.md,,https://www.legis.md/cautare/getResults?doc_id=7559&lang=ro
LP174/2011,28.07.2011,Lege,Lege privind ratificarea Acordului de finanţare dintre Republica Moldova şi Asociaţia Internaţională pentru Dezvoltare în vederea realizării Proiectului „Consolidarea eficacităţii reţelei de asistenţă socială”,Împrumut,AID,,legis.md,,https://www.legis.md/cautare/getResults?doc_id=23137&lang=ro
LP173/2011,28.07.2011,Lege,Lege privind ratificarea Acordului de finanţare dintre Republica Moldova şi Asociaţia Internaţională pentru Dezvoltare în vederea realizării Proiectului „e-Transformare a Guvernării”,Împrumut,AID,,legis.md,,https://www.legis.md/cautare/getResults?doc_id=23135&lang=ro
HG488/2011,06.07.2011,Hotărâre,"Hotărâre cu privire la aprobarea proiectului de lege privind ratificarea Acordului de finanţare între Republica Moldova şi Asociaţia Internaţională de Dezvoltare pentru realizarea proiectului “Consolidarea eficacităţii reţelei de asistenţă socială”, semnat la Chişinău la 1 iulie 2011",Asistență financiară,AID,01.07.2011,legis.md,,https://www.legis.md/cautare/getResults?doc_id=6521&lang=ro
HG487/2011,06.07.2011,Hotărâre,"Hotărâre cu privire la aprobarea proiectului de lege privind ratificarea Acordului de finanţare între Republica Moldova şi Asociaţia Internaţională de Dezvoltare pentru realizarea proiectului „e-Transformare a Guvernării”, semnat la Chişinău la 1 iulie 2011",Asistență financiară,AID,01.07.2011,legis.md,,https://www.legis.md/cautare/getResults?doc_id=15224&lang=ro
HG430/2011,13.06.2011,Hotărâre,"Hotărâre cu privire la iniţierea negocierilor asupra proiectului Acordului de Grant privind Proiectul de introducere a energiei curate prin intermediul sistemului solar de generare a energiei electrice între Guvernul Republicii Moldova şi Agenţia Japoneză pentru Cooperare Internaţională şi acordarea deplinelor puteri domnului Andrei USATÎI, ministru al sănătăţii.",Grant,JICA,,legis.md,,https://www.legis.md/cautare/getResults?doc_id=11229&lang=ro
HG413/2011,10.06.2011,Hotărâre,"Hotărâre cu privire la acordarea deplinelor puteri domnului Vasile BUMACOV,ministru al agriculturii şi industriei alimentare, pentru semnarea Acordului de finanţare între Republica Moldova şi Fondul Internaţional pentru DezvoltareAgricolă în scopul implementării „Proiectului de Servicii Financiare Rurale şi Dezvoltare a Businessului Agricol”",Asistență financiară,FIDA,,legis.md,,https://www.legis.md/cautare/getResults?doc_id=19577&lang=ro
HG412/2011,10.06.2011,Hotărâre,"Hotărâre pentru iniţierea negocierilor asupra proiectului Protocolului adiţional II între Guvernul Republicii Moldova şi Guvernul României la Acordul între Guvernul României şi Guvernul Republicii Moldova privind implementarea programului de asistenţă tehnică şi financiară în baza unui ajutor financiar nerambursabil în valoare de 100 milioane de euro acordat de România Republicii Moldova, semnat la Bucureşti la 27 aprilie 2010 şi acordarea deplinelor puteri domnului Marcel Răducan",Asistență tehnică,România,27.04.2010,legis.md,,https://www.legis.md/cautare/getResults?doc_id=8248&lang=ro
LP108/2011,19.05.2011,Lege,Lege privind ratificarea Acordului de finanţare dintre Republica Moldova şi Fondul Internaţional pentru Dezvoltare Agricolă în scopul implementării în Moldova a Proiectului de servicii financiare rurale şi dezvoltare a businessului agricol,Asistență financiară,FIDA,,legis.md,,https://www.legis.md/cautare/getResults?doc_id=9543&lang=ro
DP121/2011,05.05.2011,Decret,Decret privind promulgarea Legii pentru ratificarea Contractului de finanţare dintre Republica Moldova şi Banca Europeană de Investiţii (Programul de restructurare a sectorului vitivinicol),Împrumut,BEI,,legis.md,,https://www.legis.md/cautare/getResults?doc_id=52457&lang=ro
HG317/2011,04.05.2011,Hotărâre,"Hotărâre cu privire la aprobarea proiectului de lege pentru ratificarea Acordului de finanţare între Republica Moldova şi Fondul Internaţional pentru Dezvoltare Agricolă în scopul implementării în Moldova a Proiectului de Servicii Financiare Rurale şi Dezvoltare a Businessului Agricol, semnat la Roma la 21 februarie 2011",Asistență financiară,FIDA,21.02.2011,legis.md,,https://www.legis.md/cautare/getResults?doc_id=20369&lang=ro
HG279/2011,26.04.2011,Hotărâre,"Hotărâre cu privire la iniţierea negocierilor asupra proiectului Acordului de credit dintre Guvernul Republicii Moldova şi Asociaţia Internaţională pentru Dezvoltare privind proiectul „Consolidarea eficacităţii reţelei de asistenţă socială” şi acordarea deplinelor puteri domnului Veaceslav Negruţa, ministru al finanţelor",Împrumut,AID,,legis.md,,https://www.legis.md/cautare/getResults?doc_id=14060&lang=ro
HG278/2011,26.04.2011,Hotărâre,"Hotărâre cu privire la iniţierea negocierilor asupra proiectului Acordului de credit dintre Guvernul Republicii Moldova şi Asociaţia Internaţională pentru Dezvoltare privind proiectul „e-Transformare a Guvernării” şi acordarea deplinelor puteri domnului Veaceslav Negruţa, ministru al finanţelor",Împrumut,AID,,legis.md,,https://www.legis.md/cautare/getResults?doc_id=20294&lang=ro
LP79/2011,21.04.2011,Lege,Lege privind ratificarea Contractului de finanţare dintre Republica Moldova şi Banca Europeană de Investiţii pentru realizarea Proiectului de reabilitare a drumurilor din Republica Moldova Publicat : 17.05.2011 în Monitorul Oficial Nr. 82 art Nr : 210,Împrumut,BEI,,legis.md,,https://www.legis.md/cautare/getResults?doc_id=4041&lang=ro
LP77/2011,21.04.2011,Lege,Lege privind ratificarea Acordului de împrumut dintre Republica Moldova şi Banca Europeană pentru Reconstrucţie şi Dezvoltare pentru realizarea Proiectului de reabilitare a drumurilor din Republica Moldova,Împrumut,BERD,,legis.md,,https://www.legis.md/cautare/getResults?doc_id=2158&lang=ro
HG234/2011,08.04.2011,Hotărâre,"Hotărâre cu privire la iniţierea negocierilor asupra proiectului Acordului, întocmit prin schimb de note, între Guvernul Republicii Moldova şi Guvernul Japoniei cu referire la proiectul de introducere a energiei curate prin intermediul sistemului solar de generare a energiei electrice şi acordarea deplinelor puteri domnului Andrei Usatîi, ministru al sănătăţii",Grant,Japonia,,legis.md,,https://www.legis.md/cautare/getResults?doc_id=20963&lang=ro
LP70/2011,07.04.2011,Lege,Lege pentru ratificarea Contractului de finanţare dintre Republica Moldova şi Banca Europeană de Investiţii (Programul de restructurare a sectorului vitivinicol),Împrumut,BEI,,legis.md,,https://www.legis.md/cautare/getResults?doc_id=12916&lang=ro
HG161/2011,17.03.2011,Hotărâre,Hotărâre cu privire la aprobarea proiectului de lege privind ratificarea Acordului de împrumut între Republica Moldova şi Banca Europeană pentru Reconstrucţie şi Dezvoltare pentru realizarea Proiectului de reabilitare a drumurilor,Împrumut,BERD,,legis.md,,https://www.legis.md/cautare/getResults?doc_id=21106&lang=ro
HG160/2011,17.03.2011,Hotărâre,"Hotărâre cu privire la aprobarea proiectului de lege privind ratificarea Contractului de finanţare între Republica Moldova şi Banca Europeană de Investiţii pentru realizarea Proiectului de reabilitare a drumurilor din Republica Moldova, semnat la Chişinău la 23 noiembrie 2010",Împrumut,BEI,23.11.2010,legis.md,,https://www.legis.md/cautare/getResults?doc_id=21104&lang=ro
DP37/2011,28.02.2011,Decret,Decret privind promulgarea Legii pentru ratificarea Protocolului adiţional dintre Guvernul Republicii Moldova şi Guvernul României la Acordul dintre Guvernul Republicii Moldova şi Guvernul României privind implementarea programului de asistenţă tehnică şi financiară în baza unui ajutor financiar,Asistență tehnică,România,,legis.md,,https://www.legis.md/cautare/getResults?doc_id=52368&lang=ro
DP36/2011,28.02.2011,Decret,Decret pentru promulgarea Legii privind ratificarea Contractului de finanţare dintre Republica Moldova şi Banca Europeană de Investiţii pentru realizarea Programului de dezvoltare a serviciilor de aprovizionare cu apă potabilă,Împrumut,BEI,,legis.md,,https://www.legis.md/cautare/getResults?doc_id=9258&lang=ro
HG107/2011,21.02.2011,Hotărâre,"Hotărâre cu privire la aprobarea proiectului de lege pentru ratificarea Contractului de Finanţare dintre Republica Moldova şi Banca Europeană de Investiţii (Programul de Restructurare a Sectorului Vitivinicol), semnat la Chişinău la 23 noiembrie 2010",Împrumut,BEI,23.11.2010,legis.md,,https://www.legis.md/cautare/getResults?doc_id=20568&lang=ro
HG84/2011,18.02.2011,Hotărâre,"Hotărâre cu privire la acordarea deplinelor puteri domnului Vasile Bumacov, ministru al agriculturii şi industriei alimentare, pentru semnarea Acordului de finanţare între Republica Moldova şi Fondul Internaţional pentru Dezvoltare Agricolă (IFAD) în scopul implementării în Moldova a Proiectului de Servicii Financiare Rurale şi Dezvoltare a Businessului Agricol",Asistență financiară,FIDA,,legis.md,,https://www.legis.md/cautare/getResults?doc_id=20531&lang=ro
LP14/2011,11.02.2011,Lege,Lege pentru ratificarea Protocolului adiţional dintre Guvernul Republicii Moldova şi Guvernul României la Acordul dintre Guvernul Republicii Moldova şi Guvernul României privind implementarea programului de asistenţă tehnică şi financiară în baza unui ajutor financiar nerambursabil în valoare de 100 milioane de euro acordat de România Republicii Moldova,Asistență tehnică,România,,legis.md,,https://www.legis.md/cautare/getResults?doc_id=13179&lang=ro
LP13/2011,11.02.2011,Lege,Lege privind ratificarea Contractului de finanţare dintre Republica Moldova şi Banca Europeană de Investiţii pentru realizarea Programului de dezvoltare a serviciilor de aprovizionare cu apă potabilă,Împrumut,BEI,,legis.md,,https://www.legis.md/cautare/getResults?doc_id=12730&lang=ro
HG41/2011,28.01.2011,Hotărâre,"Hotărâre cu privire la acordarea deplinelor puteri domnului Valeriu LAZĂR, viceprim-ministru, ministru al economiei, pentru semnarea Memorandumului de Înţelegere între Guvernul Republicii Moldova şi Banca Europeană pentru Reconstrucţie şi Dezvoltare privind Planul de acţiuni în domeniul energiei durabile",Asistență tehnică,BERD,,legis.md,,https://www.legis.md/cautare/getResults?doc_id=2788&lang=ro
HG1108/2010,06.12.2010,Hotărâre,"Hotărâre cu privire la iniţierea negocierilor asupra Acordului de finanţare dintre Guvernul Republicii Moldova şi KfW Entwicklungsbank a Guvernului Republicii Federale Germania pentru infrastructura socială şi eficienţa energetică şi acordarea deplinelor puteri domnului Victor Bodiu, ministru de stat",Asistență financiară,KfW / Germania,,legis.md,,https://www.legis.md/cautare/getResults?doc_id=66927&lang=ro
HG1097/2010,02.12.2010,Hotărâre,"Hotărâre cu privire la aprobarea proiectului de lege pentru ratificarea Protocolului adiţional între Guvernul Republicii Moldova şi Guvernul României la Acordul între Guvernul Republicii Moldova şi Guvernul României privind implementarea programului de asistenţă tehnică şi financiară în baza unui ajutor financiar nerambursabil în valoare de 100 milioane euro acordat de România Republicii Moldova, semnat la Chişinău la 23 septembrie 2010",Asistență tehnică,România,23.09.2010,legis.md,,https://www.legis.md/cautare/getResults?doc_id=66765&lang=ro
HG1061/2010,12.11.2010,Hotărâre,"Hotărâre cu privire la aprobarea Memorandumului de înţelegere între Ministerul Finanţelor al Republicii Moldova şi Ministerul Finanţelor al Regatului Ţărilor de Jos cu privire la cooperarea tehnică, semnat la Haga la 28 mai 2010",Asistență tehnică,Olanda,28.05.2010,legis.md,,https://www.legis.md/cautare/getResults?doc_id=20818&lang=ro
HG927/2010,07.10.2010,Hotărâre,Hotărâre cu privire la crearea Comitetului naţional de coordonare în scopul implementării Acordului de finanţare între Guvernul Republicii Moldova şi Asociaţia Internaţională pentru Dezvoltare pentru realizarea Proiectului „Managementul dezastrelor şi riscurilor climaterice în Moldova”,Împrumut,AID,,legis.md,,https://www.legis.md/cautare/getResults?doc_id=21959&lang=ro
DP573/2010,01.10.2010,Decret,Decret pentru promulgarea Legii privind ratificarea Acordului de finanţare dintre Guvernul Republicii Moldova şi Asociaţia Internaţională pentru Dezvoltare cu privire la politicile de dezvoltare şi de recuperare economică,Împrumut,AID,,legis.md,,https://www.legis.md/cautare/getResults?doc_id=9272&lang=ro
DP572/2010,01.10.2010,Decret,Decret pentru promulgarea Legii privind ratificarea Acordului de finanţare dintre Republica Moldova şi Asociaţia Internaţională pentru Dezvoltare în vederea realizării Proiectului „Managementul dezastrelor şi riscurilor climatice în Moldova”,Împrumut,AID,,legis.md,,https://www.legis.md/cautare/getResults?doc_id=51372&lang=ro
DP571/2010,01.10.2010,Decret,Decret pentru promulgarea Legii privind ratificarea Acordului de avans dintre Guvernul Republicii Moldova şi Asociaţia Internaţională pentru Dezvoltare în vederea pregătirii Proiectului „e-Transformare a Guvernării”,Împrumut,AID,,legis.md,,https://www.legis.md/cautare/getResults?doc_id=51370&lang=ro
HG883/2010,23.09.2010,Hotărâre,Hotărâre cu privire la iniţierea negocierilor asupra proiectului Acordului de împrumut între Republica Moldova şi Fondul Internaţional pentru Dezvoltare Agricolă (IFAD) în scopul implementării în Moldova a Proiectului de Servicii Financiare Rurale şi Dezvoltare a Businessului Agricol,Împrumut,FIDA,,legis.md,,https://www.legis.md/cautare/getResults?doc_id=66978&lang=ro
HG880/2010,22.09.2010,Hotărâre,"Hotărâre cu privire la aprobarea proiectului de lege pentru ratificarea Contractului de finanţare între Republica Moldova şi Banca Europeană de Investiţii pentru realizarea „Programului de Dezvoltare a Serviciilor de Aprovizionare cu Apă Potabilă”, semnat la Bruxelles la 16 septembrie 2010",Împrumut,BEI,16.09.2010,legis.md,,https://www.legis.md/cautare/getResults?doc_id=66973&lang=ro
HG869/2010,22.09.2010,Hotărâre,"Hotărâre cu privire la iniţierea negocierilor asupra proiectului Protocolului Adiţional între Guvernul României şi Guvernul Republicii Moldova la Acordul între Guvernul României şi Guvernul Republicii Moldova privind implementarea programului de asistenţă tehnică şi financiară în baza unui ajutor financiar nerambursabil în valoare de 100 milioane de euro acordat de România Republicii Moldova, semnat la Bucureşti, la 27 aprilie 2010 şi acordarea deplinelor puteri domnului Marcel Răducan",Asistență tehnică,România,,legis.md,,https://www.legis.md/cautare/getResults?doc_id=66641&lang=ro
LP225/2010,17.09.2010,Lege,Lege privind ratificarea Acordului de finanţare dintre Guvernul Republicii Moldova şi Asociaţia Internaţională pentru Dezvoltare cu privire la politicile de dezvoltare şi de recuperare economică,Împrumut,AID,,legis.md,,https://www.legis.md/cautare/getResults?doc_id=24123&lang=ro
LP224/2010,17.09.2010,Lege,Lege privind ratificarea Acordului de finanţare dintre Republica Moldova şi Asociaţia Internaţională pentru Dezvoltare în vederea realizării Proiectului „Managementul dezastrelor şi riscurilor climatice în Moldova”,Împrumut,AID,,legis.md,,https://www.legis.md/cautare/getResults?doc_id=13029&lang=ro
LP223/2010,17.09.2010,Lege,Lege privind ratificarea Acordului de avans dintre Guvernul Republicii Moldova şi Asociaţia Internaţională pentru Dezvoltare în vederea pregătirii Proiectului „e-Transformare a Guvernării”,Împrumut,AID,,legis.md,,https://www.legis.md/cautare/getResults?doc_id=24118&lang=ro
HG815/2010,08.09.2010,Hotărâre,"Hotărâre cu privire la aprobarea proiectului de lege pentru ratificarea Acordului de finanţare între Republica Moldova şi Asociaţia Internaţională pentru Dezvoltare pentru realizarea Proiectului „Managementul dezastrelor şi riscurilor climatice în Moldova”, semnat la Chişinău la 12 august 2010",Împrumut,AID,12.08.2010,legis.md,,https://www.legis.md/cautare/getResults?doc_id=67668&lang=ro
HG814/2010,08.09.2010,Hotărâre,"Hotărâre cu privire la aprobarea proiectului de legepentru ratificarea Acordului de avans între Guvernul Republicii Moldova şi Asociaţia Internaţională pentru Dezvoltare pentru pregătirea Proiectului „e-Transformare a Guvernării”, semnat la Chişinău la 9 august 2010",Împrumut,AID,09.08.2010,legis.md,,https://www.legis.md/cautare/getResults?doc_id=67667&lang=ro
HG813/2010,08.09.2010,Hotărâre,"Hotărâre cu privire la aprobarea proiectului de lege pentru ratificarea Acordului de finanţare între Guvernul Republicii Moldova şi Asociaţia Internaţională pentru Dezvoltare cu privire la politicile de dezvoltare pentru recuperarea economică, semnat la Chişinău la 12 august 2010",Împrumut,AID,12.08.2010,legis.md,,https://www.legis.md/cautare/getResults?doc_id=67666&lang=ro
HG714/2010,09.08.2010,Hotărâre,"Hotărâre cu privire la acordarea deplinelor puteri domnului Veaceslav Negruţa, ministru al finanţelor, pentru semnarea Acordului de finanţare între Republica Moldova şi Asociaţia Internaţională de Dezvoltare pentru realizarea proiectului „Managementul dezastrelor şi riscurilor climatice în Moldova”",Asistență financiară,AID,,legis.md,,https://www.legis.md/cautare/getResults?doc_id=66344&lang=ro
HG713/2010,09.08.2010,Hotărâre,"Hotărâre privind acordarea deplinelor puteri domnului Veaceslav Negruţa, ministru al finanţelor, pentru semnarea Acordului de finanţare cu privire la politicile de dezvoltare pentru recuperarea economică între Guvernul Republicii Moldova şi Asociaţia Internaţională pentru Dezvoltare",Împrumut,AID,,legis.md,,https://www.legis.md/cautare/getResults?doc_id=66324&lang=ro
HG712/2010,09.08.2010,Hotărâre,"Hotărâre cu privire la acordarea deplinelor puteri domnului Veaceslav Negruţa, ministru al finanţelor, pentru semnarea Acordului de Avans între Guvernul Republicii Moldova şi Asociaţia Internaţională de Dezvoltare pentru pregătirea Proiectului „e-Transformare a Guvernării”",Împrumut,AID,,legis.md,,https://www.legis.md/cautare/getResults?doc_id=66343&lang=ro
DP459/2010,28.07.2010,Decret,Decret privind promulgarea Legii pentru ratificarea Acordului de împrumut dintre Republica Moldova şi Banca Europeană pentru Reconstrucţie şi Dezvoltare (Programul de Dezvoltare a Serviciilor de Aprovizionare cu Apă Potabilă),Împrumut,BERD,,legis.md,,https://www.legis.md/cautare/getResults?doc_id=52525&lang=ro
LP203/2010,16.07.2010,Lege,Lege pentru ratificarea Acordului de împrumut dintre Republica Moldova şi Banca Europeană pentru Reconstrucţie şi Dezvoltare (Programul de Dezvoltare a Serviciilor de Aprovizionare cu Apă Potabilă),Împrumut,BERD,,legis.md,,https://www.legis.md/cautare/getResults?doc_id=12568&lang=ro
DP414/2010,13.07.2010,Decret,Decret privind promulgarea Legii pentru ratificarea Acordului dintre Guvernul Republicii Moldova şi Guvernul României privind implementarea programului de asistenţă tehnică şi financiară în baza unui ajutor financiar nerambursabil în valoare de 100 milioane de euro acordat de România Republicii Moldova,Asistență tehnică,România,,legis.md,,https://www.legis.md/cautare/getResults?doc_id=51502&lang=ro
LP133/2010,01.07.2010,Lege,Lege pentru ratificarea Acordului dintre Guvernul Republicii Moldova şi Guvernul României privind implementarea programului de asistenţă tehnică şi financiară în baza unui ajutor financiar nerambursabil în valoare de 100 milioane de euro acordat de România Republicii Moldova,Asistență tehnică,România,,legis.md,,https://www.legis.md/cautare/getResults?doc_id=23535&lang=ro
HG585/2010,01.07.2010,Hotărâre,Hotărâre cu privire la aprobarea proiectului de lege pentru ratificarea Acordului de Împrumut dintre Republica Moldova şi Banca Europeană pentru Reconstrucţie şi Dezvoltare (Programul de Dezvoltare a Serviciilor de Aprovizionare cu Apă Potabilă),Împrumut,BERD,,legis.md,,https://www.legis.md/cautare/getResults?doc_id=66898&lang=ro
DP391/2010,30.06.2010,Decret,"Decret privind promulgarea Legii pentru ratificarea Acordului Compact dintre Republica Moldova şi Statele Unite ale Americii, prin intermediul Corporaţiei „Provocările Mileniului”, pentru acordarea unui grant destinat Republicii Moldova",Grant,SUA / SUA (MCC),,legis.md,,https://www.legis.md/cautare/getResults?doc_id=51291&lang=ro
HG552/2010,28.06.2010,Hotărâre,"Hotărâre pentru iniţierea negocierilor asupra proiectului Acordului de asistenţă între Guvernul Statelor Unite ale Americii şi Guvernul Republicii Moldova privind creşterea economică şi acordarea deplinelor puteri dlui Victor Bodiu, ministru de stat",Grant,SUA,,legis.md,,https://www.legis.md/cautare/getResults?doc_id=66615&lang=ro
LP125/2010,18.06.2010,Lege,"Lege pentru ratificarea Acordului Compact dintre Republica Moldova şi Statele Unite ale Americii, prin intermediul Corporaţiei „Provocările Mileniului”, pentru acordarea unui grant destinat Republicii Moldova",Grant,SUA / SUA (MCC),,legis.md,,https://www.legis.md/cautare/getResults?doc_id=10588&lang=ro
HG499/2010,16.06.2010,Hotărâre,"Hotărâre cu privire la aprobarea proiectului de lege pentru ratificarea Acordului „Compact” dintre Republica Moldova şi Statele Unite ale Americii, prin intermediul Corporaţiei Provocările Mileniului (semnat la 22 ianuarie 2010 la Washington, SUA), pentru acordarea unui grant Republicii Moldova",Grant,SUA / SUA (MCC),22.01.2010,legis.md,,https://www.legis.md/cautare/getResults?doc_id=66824&lang=ro
HG480/2010,11.06.2010,Hotărâre,"Hotărâre cu privire la acordarea deplinelor puteri domnului Veaceslav Negruţa, ministru al finanţelor, pentru semnarea Acordului de împrumut dintre Republica Moldova şi Banca Europeană pentru Reconstrucţie şi Dezvoltare (Programul de Dezvoltare a Serviciilor de Aprovizionare cu Apă Potabilă)",Împrumut,BERD,,legis.md,,https://www.legis.md/cautare/getResults?doc_id=66794&lang=ro
HG421/2010,26.05.2010,Hotărâre,"Hotărâre cu privire la aprobarea proiectului de lege pentru ratificarea Acordului între Guvernul Republicii Moldova şi Guvernul României privind implementarea programului de asistenţă tehnică şi financiară în baza unui ajutor financiar nerambursabil în valoare de 100 milioane euro acordat de România Republicii Moldova, semnat la Bucureşti la 27 aprilie 2010",Asistență tehnică,România,27.04.2010,legis.md,,https://www.legis.md/cautare/getResults?doc_id=66965&lang=ro
HG364/2010,06.05.2010,Hotărâre,Hotărâre pentru iniţierea negocierilor asupra proiectului Memorandumului de Înţelegere între Guvernul Republicii Moldova şi Guvernul Republicii Ungare privind cooperarea în domeniul verificării datelor personale ale solicitanţilor de vize din Republica Moldova,Asistență tehnică,Ungaria,,legis.md,,https://www.legis.md/cautare/getResults?doc_id=67343&lang=ro
HG329/2010,30.04.2010,Hotărâre,Hotărâre pentru iniţierea negocierilor asupra proiectului Acordului de credit dintre Guvernul Republicii Moldova şi Asociaţia Internaţională pentru Dezvoltare cu privire la politicile de dezvoltare pentru recuperarea economică,Împrumut,AID,,legis.md,,https://www.legis.md/cautare/getResults?doc_id=66942&lang=ro
HG269/2010,13.04.2010,Hotărâre,Hotărâre cu privire la iniţierea negocierilor asupra proiectelor Acordului de Împrumut dintre Guvernul Republicii Moldova şi Banca Europeană pentru Reconstrucţie şi Dezvoltare şi Acordului de Împrumut dintre Guvernul Republicii Moldova şi Banca Europeană de Investiţii (Programul de Dezvoltare a Serviciilor de Aprovizionare cu Apă Potabilă),Împrumut,BERD / BEI,,legis.md,,https://www.legis.md/cautare/getResults?doc_id=67521&lang=ro
HG251/2010,09.04.2010,Hotărâre,"Hotărâre pentru iniţierea negocierilor asupra proiectului Memorandumului de Înţelegere cu privire la cooperarea tehnică între Ministerul Finanţelor al Republicii Moldova şi Ministerul Finanţelor al Regatului Ţărilor de Jos şi acordarea deplinelor puteri domnului Veaceslav Negruţa, ministru al finanţelor",Asistență tehnică,Olanda,,legis.md,,https://www.legis.md/cautare/getResults?doc_id=67627&lang=ro
DP255/2010,30.03.2010,Decret,Decret privind promulgarea Legii pentru ratificarea Acordului de împrumut dintre Guvernul Republicii Polonia şi Guvernul Republicii Moldova,Împrumut,Polonia,,legis.md,,https://www.legis.md/cautare/getResults?doc_id=52376&lang=ro
DP242/2010,27.03.2010,Decret,Decret privind promulgarea Legii pentru ratificarea Acordului cu privire la finanţarea suplimentară a Acordului de credit pentru dezvoltare (Proiectul II al Fondului de Investiţii Sociale) dintre Republica Moldova şi Asociaţia Internaţională pentru Dezvoltare,Împrumut,AID,,legis.md,,https://www.legis.md/cautare/getResults?doc_id=52350&lang=ro
LP58/2010,25.03.2010,Lege,Lege pentru ratificarea Acordului cu privire la finanţarea suplimentară a Acordului de credit pentru dezvoltare (Proiectul II al Fondului de Investiţii Sociale) dintre Republica Moldova şi Asociaţia Internaţională pentru Dezvoltare,Împrumut,AID,,legis.md,,https://www.legis.md/cautare/getResults?doc_id=23451&lang=ro
LP57/2010,25.03.2010,Lege,Lege pentru ratificarea Acordului de împrumut dintre Guvernul Republicii Polonia şi Guvernul Republicii Moldova,Împrumut,Polonia,,legis.md,,https://www.legis.md/cautare/getResults?doc_id=23450&lang=ro
HG212/2010,22.03.2010,Hotărâre,Hotărâre pentru iniţierea negocierilor asupra proiectului Acordului între Guvernul României şi Guvernul Republicii Moldova privind implementarea Programului de asistenţă tehnică şi financiară,Asistență tehnică,România,,legis.md,,https://www.legis.md/cautare/getResults?doc_id=67608&lang=ro
HG193/2010,17.03.2010,Hotărâre,"Hotărâre privind aprobarea proiectului de lege pentru ratificarea Acordului cu privire la finanţarea suplimentară a Acordului de credit pentru dezvoltare (Proiectul II al Fondului de Investiţii Sociale) dintre Republica Moldova şi Asociaţia Internaţională pentru Dezvoltare, semnat la Chişinău la 22 februarie 2010",Împrumut,AID,22.02.2010,legis.md,,https://www.legis.md/cautare/getResults?doc_id=67572&lang=ro
DP220/2010,13.03.2010,Decret,Decret privind promulgarea Legii pentru ratificarea Acordului dintre Republica Moldova şi Asociaţia Internaţională pentru Dezvoltare cu privire la finanţarea suplimentară a proiectului de ameliorare a competitivităţii,Împrumut,AID,,legis.md,,https://www.legis.md/cautare/getResults?doc_id=52257&lang=ro
LP27/2010,04.03.2010,Lege,Lege pentru ratificarea Acordului dintre Republica Moldova şi Asociaţia Internaţională pentru Dezvoltare cu privire la finanţarea suplimentară a proiectului de ameliorare a competitivităţii,Împrumut,AID,,legis.md,,https://www.legis.md/cautare/getResults?doc_id=23419&lang=ro
HG152/2010,04.03.2010,Hotărâre,"Hotărâre cu privire la aprobarea proiectului de lege pentru ratificarea Acordului de împrumut dintre Guvernul Republicii Moldova şi Guvernul Republicii Polonia, semnat la Varşovia la 18 februarie 2010",Împrumut,Polonia,18.02.2010,legis.md,,https://www.legis.md/cautare/getResults?doc_id=66318&lang=ro
AMAEIE260/2015,18.02.2010,Act,Act ACORD DE ÎMPRUMUT DINTRE GUVERNUL REPUBLICII MOLDOVA ŞL GUVERNUL REPUBLICII POLONE*,Împrumut,Polonia,,legis.md,,https://www.legis.md/cautare/getResults?doc_id=117448&lang=ro
HG39/2010,02.02.2010,Hotărâre,Hotărâre privind aprobarea proiectului de lege pentru ratificarea Acordului cu privire la finanţarea suplimentară pentru proiectul de ameliorare a competitivităţii dintre Republica Moldova şi Asociaţia Internaţională pentru Dezvoltare,Împrumut,AID,,legis.md,,https://www.legis.md/cautare/getResults?doc_id=66363&lang=ro
HG849/2009,21.12.2009,Hotărâre,Hotărâre pentru iniţierea negocierilor asupra proiectului Acordului cu privire la finanţarea suplimentară a Acordului de credit pentru dezvoltare (Proiectul II al Fondului de Investiţii Sociale) dintre Republica Moldova şi Asociaţia Internaţională pentru Dezvoltare,Împrumut,AID,,legis.md,,https://www.legis.md/cautare/getResults?doc_id=66638&lang=ro
HG817/2009,09.12.2009,Hotărâre,Hotărâre cu privire la iniţierea negocierilor asupra proiectului Acordului de împrumut dintre Guvernul Republicii Moldova şi Guvernul Republicii Polonia,Împrumut,Polonia,,legis.md,,https://www.legis.md/cautare/getResults?doc_id=68191&lang=ro
HG677/2009,12.11.2009,Hotărâre,Hotărâre cu privire la rezultatele negocierilor asupra proiectului Acordului „Compact” şi proiectului Acordului de implementare a Programului „Compact” dintre Statele Unite ale Americii reprezentate de Corporaţia Provocările Mileniului şi Republica Moldova,Grant,SUA / SUA (MCC),,legis.md,,https://www.legis.md/cautare/getResults?doc_id=69531&lang=ro
DPRM6/2009,25.09.2009,Decret,Decret privind promulgarea Legii pentru ratificarea Acordului cu privire la finanţarea suplimentară pentru al doilea Proiect de investiţii şi servicii rurale (RISP II) dintre Republica Moldova şi Asociaţia Internaţională pentru Dezvoltare,Împrumut,AID,,legis.md,,https://www.legis.md/cautare/getResults?doc_id=52157&lang=ro
LP18/2009,17.09.2009,Lege,Lege pentru ratificarea Acordului cu privire la finanţarea suplimentară pentru al doilea Proiect de investiţii şi servicii rurale (RISP II) dintre Republica Moldova şi Asociaţia Internaţională pentru Dezvoltare,Împrumut,AID,,legis.md,,https://www.legis.md/cautare/getResults?doc_id=23607&lang=ro
HG467/2009,07.08.2009,Hotărâre,"Hotărâre privind aprobarea proiectului de lege pentru ratificarea Acordului cu privire la finanţarea suplimentară pentru al doilea Proiect de investiţii şi servicii rurale (RISP II) dintre Republica Moldova şi Asociaţia Internaţională pentru Dezvoltare, semnat la Chişinău la 11 iunie 2009",Împrumut,AID,11.06.2009,legis.md,,https://www.legis.md/cautare/getResults?doc_id=67745&lang=ro
HG443/2009,21.07.2009,Hotărâre,"Hotărâre pentru iniţierea negocierilor asupra proiectului Acordului de finanţare dintre Guvernul Republicii Moldova şi Guvernul Federaţiei Ruse privind acordarea unui credit de stat Guvernului Republicii Moldova şi acordarea deplinelor puteri doamnei Mariana DURLEŞTEANU, ministru al finanţelor",Împrumut,Rusia,,legis.md,,https://www.legis.md/cautare/getResults?doc_id=67739&lang=ro
HG424/2009,13.07.2009,Hotărâre,"Hotărâre privind iniţierea negocierilor asupra proiectului Acordului cu privirela finanţarea suplimentară a Acordului de credit pentru dezvoltare(Proiectul de Ameliorare a Competitivităţii) dintre Republica Moldova şi Asociaţia Internaţională pentru Dezvoltare şi acordarea deplinelor puteri dlui Sergiu SAINCIUC, viceministru al economiei şi comerţului",Împrumut,AID,,legis.md,,https://www.legis.md/cautare/getResults?doc_id=67723&lang=ro
HG410/2009,07.07.2009,Hotărâre,Hotărâre pentru iniţierea negocierilor asupra proiectului Addendumului la Acordul de finanţare dintre Guvernul Republicii Moldova şi Comisia Comunităţilor Europene pentru Proiectul de reabilitare a drumurilor din Moldova,Asistență financiară,UE,,legis.md,,https://www.legis.md/cautare/getResults?doc_id=67709&lang=ro
HG406/2009,02.07.2009,Hotărâre,"Hotărâre cu privire la iniţierea negocierilor asupra proiectului Acordului de grant, prin schimb de note, între Guvernul Republicii Moldova şi Guvernul Japoniei referitor la extinderea Proiectului de asistenţă tehnică pentru fermierii neprivilegiaţi (2KR) şi acordarea deplinelor puteri dlui Valeriu COSARCIUC, ministru al agriculturii şi industriei alimentare",Grant,Japonia,,legis.md,,https://www.legis.md/cautare/getResults?doc_id=11937&lang=ro
DPRM2252/2009,17.06.2009,Decret,Decret privind promulgarea Legii pentru ratificarea Acordului cu privire la finanţarea suplimentară a Acordului de credit pentru dezvoltare (Proiectul Energetic II) dintre Republica Moldova şi Asociaţia Internaţională pentru Dezvoltare,Împrumut,AID,,legis.md,,https://www.legis.md/cautare/getResults?doc_id=53283&lang=ro
DPRM2251/2009,17.06.2009,Decret,Decret privind promulgarea Legii pentru ratificarea Acordului dintre Republica Moldova şi Asociaţia Internaţională pentru Dezvoltare cu privire la finanţarea suplimentară a proiectului II al Fondului de Investiţii Sociale,Împrumut,AID,,legis.md,,https://www.legis.md/cautare/getResults?doc_id=53282&lang=ro
LP22/2009,12.06.2009,Lege,Lege pentru ratificarea Acordului cu privire la finanţarea suplimentară a Acordului de credit pentru dezvoltare (Proiectul Energetic II) dintre Republica Moldova şi Asociaţia Internaţională pentru Dezvoltare,Împrumut,AID,,legis.md,,https://www.legis.md/cautare/getResults?doc_id=23611&lang=ro
LP21/2009,12.06.2009,Lege,Lege pentru ratificarea Acordului dintre Republica Moldova şi Asociaţia Internaţională pentru Dezvoltare cu privire la finanţarea suplimentară a proiectului II al Fondului de Investiţii Sociale,Împrumut,AID,,legis.md,,https://www.legis.md/cautare/getResults?doc_id=23609&lang=ro
HG365/2009,10.06.2009,Hotărâre,"Hotărâre privind aprobarea proiectului de lege pentru ratificarea Acordului cu privire la finanţarea suplimentară a Acordului de credit pentru dezvoltare (Proiectul Energetic II) dintre Republica Moldova şi Asociaţia Internaţională pentru Dezvoltare, semnat la Chişinău la 16 martie 2009",Împrumut,AID,16.03.2009,legis.md,,https://www.legis.md/cautare/getResults?doc_id=67653&lang=ro
HG364/2009,10.06.2009,Hotărâre,"Hotărâre privind aprobarea proiectului de lege pentru ratificarea Acordului dintre Republica Moldova şi Asociaţia Internaţională pentru Dezvoltare cu privire la finanţarea suplimentară a proiectului II al Fondului de Investiţii Sociale, semnat la Chişinău la 4 mai 2009",Împrumut,AID,04.05.2009,legis.md,,https://www.legis.md/cautare/getResults?doc_id=67652&lang=ro
HG336/2009,28.04.2009,Hotărâre,Hotărâre pentru iniţierea negocierilor asupra proiectului Acordului de finanţare între Guvernul Republicii Moldova şi Comisia Comunităţilor Europene cu privire la Programul Operaţional Comun Marea Neagră 2007-2013,Asistență financiară,UE,,legis.md,,https://www.legis.md/cautare/getResults?doc_id=67646&lang=ro
HG242/2009,01.04.2009,Hotărâre,Hotărâre pentru iniţierea negocierilor asupra proiectului Acordului de finanţare dintre Guvernul Republicii Moldova şi Comisia Comunităţilor Europene privitor la Programul de asistenţă a reformei în sectorul ocrotirii sănătăţii,Asistență financiară,UE,,legis.md,,https://www.legis.md/cautare/getResults?doc_id=67283&lang=ro
HG230/2009,25.03.2009,Hotărâre,"Hotărâre privind iniţierea negocierilor asupra proiectului Acordului cu privire la finanţarea suplimentară pentru al doilea proiect de investiţii şi servicii rurale (RISP2) dintre Republica Moldova şi Asociaţia Internaţională pentru Dezvoltare şi acordarea deplinelor puteri dlui Ion Perju, viceministru al agriculturii şi industriei alimentare",Împrumut,AID,,legis.md,,https://www.legis.md/cautare/getResults?doc_id=67215&lang=ro
HG164/2009,26.02.2009,Hotărâre,"Hotărâre cu privire la aprobarea Acordului direct privind finanţarea Aeroportului Internaţional Chişinău între Republica Moldova, Banca Europeană pentru Reconstrucţie şi Dezvoltare, Banca Europeană de Investiţii şi Î.S. “Aeroportul Internaţional Chişinău”, semnat la 18 decembrie 2008",Împrumut,BERD / BEI,18.12.2008,legis.md,,https://www.legis.md/cautare/getResults?doc_id=23770&lang=ro
HCC4/2009,24.02.2009,Act,Act privind raportul asupra controlului utilizării creditului extern acordat de Asociaţia Internaţională pentru Dezvoltare a Băncii Mondiale în scopul implementării Proiectului de aprovizionare cu apă şi canalizare,Împrumut,AID,,legis.md,,https://www.legis.md/cautare/getResults?doc_id=54172&lang=ro
HG152/2009,23.02.2009,Hotărâre,"Hotărâre pentru iniţierea negocierilor asupra proiectului Acordului de finanţare dintre Guvernul Republicii Moldova şi Comisia Comunităţilor Europene pentru Programul “Justiţie, libertate şi securitate – îmbunătăţirea managementului la frontieră şi migraţiei în Republica Moldova”",Asistență financiară,UE,,legis.md,,https://www.legis.md/cautare/getResults?doc_id=67192&lang=ro
HG151/2009,23.02.2009,Hotărâre,Hotărâre pentru iniţierea negocierilor asupra proiectului Acordului de finanţare dintre Guvernul Republicii Moldova şi Comisia Comunităţilor Europene pentru proiectele “Asistenţă Tehnică şi Twinning” ca suport în implementarea Planului de Acţiuni RM – UE,Asistență financiară,UE,,legis.md,,https://www.legis.md/cautare/getResults?doc_id=67190&lang=ro
DPRM2125/2009,16.02.2009,Decret,Decret pentru promulgarea Legii privind ratificarea Acordului-cadru de împrumut dintre Guvernul Republicii Moldova şi Banca pentru Dezvoltare a Consiliului Europei,Împrumut,CEB,,legis.md,,https://www.legis.md/cautare/getResults?doc_id=54151&lang=ro
HG119/2009,10.02.2009,Hotărâre,"Hotărâre privind iniţierea negocierilor asupra proiectului Acordului cu privire la finanţarea suplimentară a Acordului de credit pentru dezvoltare(Proiectul II al Fondului de Investiţii Sociale) dintre Republica Moldova şi Asociaţia Internaţională pentru Dezvoltare şi acordarea deplinelor puteri dlui Radu CĂRUŢĂ, viceministru al administraţiei publice locale",Împrumut,AID,,legis.md,,https://www.legis.md/cautare/getResults?doc_id=67186&lang=ro
LP4/2009,02.02.2009,Lege,Lege privind ratificarea Acordului-cadru de împrumut dintre Guvernul Republicii Moldova şi Banca pentru Dezvoltare a Consiliului Europei.,Împrumut,CEB,,legis.md,,https://www.legis.md/cautare/getResults?doc_id=11569&lang=ro
HG47/2009,27.01.2009,Hotărâre,Hotărâre privind iniţierea negocierilor asupra proiectului Acordului de finanţare dintre Guvernul Republicii Moldova şi Comisia Comunităţilor Europene pentru Proiectul de reabilitare a drumurilor din Moldova,Asistență financiară,UE,,legis.md,,https://www.legis.md/cautare/getResults?doc_id=67128&lang=ro
HG46/2009,27.01.2009,Hotărâre,Hotărâre pentru iniţierea negocierilor asupra proiectului Acordului de finanţare dintre Guvernul Republicii Moldova şi Comisia Comunităţilor Europene cu privire la Programul operaţional comun Republica Moldova-România-Ucraina 2007-2013,Asistență financiară,UE,,legis.md,,https://www.legis.md/cautare/getResults?doc_id=67127&lang=ro
HG45/2009,27.01.2009,Hotărâre,Hotărâre privind iniţierea negocierilor asupra proiectului Acordului de finanţare dintre Guvernul Republicii Moldova şi Comisia Comunităţilor Europene pentru Proiectul “Evaluarea capacităţii şi modernizarea Spitalului Clinic Republican din Chişinău”,Asistență financiară,UE,,legis.md,,https://www.legis.md/cautare/getResults?doc_id=67126&lang=ro
HG3/2009,15.01.2009,Hotărâre,Hotărâre privind aprobarea proiectului de lege pentru ratificarea Acordului-cadru de împrumut între Guvernul Republicii Moldova şi Banca de Dezvoltare a Consiliului Europei,Împrumut,CEB,,legis.md,,https://www.legis.md/cautare/getResults?doc_id=69504&lang=ro
DPRM2031/2008,25.12.2008,Decret,Decret privind promulgarea Legii pentru ratificarea Acordului de finanţare (împrumut şi grant) dintre Republica Moldova şi Fondul Internaţional pentru Dezvoltare Agricolă (IFAD) în scopul implementării în Moldova a Programului de Servicii Financiare Rurale şi Marketing,Împrumut,FIDA,,legis.md,,https://www.legis.md/cautare/getResults?doc_id=51682&lang=ro
LP282/2008,18.12.2008,Lege,Lege pentru ratificarea Acordului de finanţare (împrumut şi grant) dintre Republica Moldova şi Fondul Internaţional pentru Dezvoltare Agricolă (IFAD) în scopul implementării în Moldova a Programului de Servicii Financiare Rurale şi Marketing,Împrumut,FIDA,,legis.md,,https://www.legis.md/cautare/getResults?doc_id=23682&lang=ro
HG1450/2008,18.12.2008,Hotărâre,Hotărâre privind iniţierea negocierilor asupra proiectului Acordului direct între Republica Moldova şi Banca Europeană pentru Reconstrucţie şi Dezvoltare şi Banca Europeană de Investiţii cu privire la finanţarea Aeroportului Internaţional Chişinău,Împrumut,BERD / BEI,,legis.md,,https://www.legis.md/cautare/getResults?doc_id=67100&lang=ro
HG1369/2008,04.12.2008,Hotărâre,"Hotărâre cu privire la aprobarea proiectului de lege pentru ratificarea Acordului de finanţare (împrumut şi grant) între Republica Moldova şi Fondul Internaţional pentru Dezvoltare Agricolă (IFAD) în scopul implementării în Moldova a Programului de Servicii Financiare Rurale şi Marketing, semnat la 29 octombrie 2008 la Roma",Împrumut,FIDA,29.10.2008,legis.md,,https://www.legis.md/cautare/getResults?doc_id=67601&lang=ro
HG1300/2008,21.11.2008,Hotărâre,"Hotărâre cu privire la iniţierea negocierilor asupra proiectului Acordului cu privire la finanţarea suplimentară a Acordului de credit pentru dezvoltare (Proiectul Energetic II) dintre Republica Moldova şi Asociaţia Internaţională pentru Dezvoltare şi acordarea deplinelor puteri dlui Tudor COPACI, viceministru al economiei şi comerţului",Împrumut,AID,,legis.md,,https://www.legis.md/cautare/getResults?doc_id=67870&lang=ro
HG1267/2008,14.11.2008,Hotărâre,Hotărâre privind iniţierea negocierilor asupra proiectului Acordului între Guvernul Republicii Moldova şi Guvernul Republicii Populare Chineze privind ajutorul nerambursabil oferit Guvernului Republicii Moldova de către Guvernul Chinei,Grant,China,,legis.md,,https://www.legis.md/cautare/getResults?doc_id=67561&lang=ro
HG1261/2008,13.11.2008,Hotărâre,"Hotărâre pentru iniţierea negocierilor asupra proiectului Acordului, încheiat prin schimb de note, cu referire la unele aspecte tehnice privind implementarea Acordului între Guvernul Republicii Moldova şi Guvernul Republicii Populare Chineze cu privire la acordarea de către Guvernul Chinei Guvernului Moldovei a unui ajutor nerambursabil, semnat la 14 noiembrie 2007, şi acordarea deplinelor puteri domnului Victor STEPANIUC, viceprim-ministru, în vederea semnării Acordului menţionat",Grant,China,14.11.2007,legis.md,,https://www.legis.md/cautare/getResults?doc_id=67552&lang=ro
HG1049/2008,15.09.2008,Hotărâre,"Hotărâre pentru aprobarea Acordului între Guvernul Republicii Moldova şi Guvernul Republicii Populare Chineze cu privire la acordarea de către Guvernul Chinei Guvernului Moldovei a unui ajutor nerambursabil, semnat la Chişinău la 14 noiembrie 2007",Grant,China,14.11.2007,legis.md,,https://www.legis.md/cautare/getResults?doc_id=22577&lang=ro
HG969/2008,11.08.2008,Hotărâre,"Hotărâre cu privire la iniţierea negocierilor asupra proiectului Acordului de Finanţare între Republica Moldova şi Fondul Internaţional pentru Dezvoltarea Agriculturii în scopul implementării în Moldova a Programului de Servicii Financiare Rurale şi Marketing şi acordarea deplinelor puteri domnului Ion PERJU, viceministru al agriculturii şi industriei alimentare",Asistență financiară,FIDA,,legis.md,,https://www.legis.md/cautare/getResults?doc_id=67953&lang=ro
HG953/2008,11.08.2008,Hotărâre,"Hotărâre privind iniţierea negocierilor asupra proiectului Memorandumului de Înţelegere între Guvernul Republicii Moldova şi Guvernul Regatului Unit al Marii Britanii şi Irlandei de Nord reprezentat de către Departamentul pentru Dezvoltare Internaţională (DFID) pentru un proiect de susţinere a dezvoltării regionale în Moldova şi eliberarea deplinelor puteri domnului Valentin GUZNAC, ministru al administraţiei publice locale",Asistență tehnică,Regatul Unit,,legis.md,,https://www.legis.md/cautare/getResults?doc_id=67942&lang=ro
DPRM1778/2008,17.07.2008,Decret,Decret privind promulgarea Legii pentru ratificarea Acordului de finanţare a Proiectului naţional de alimentare cu apă şi canalizare dintre Republica Moldova şi Asociaţia Internaţională pentru Dezvoltare,Împrumut,AID,,legis.md,,https://www.legis.md/cautare/getResults?doc_id=53876&lang=ro
DPRM1777/2008,17.07.2008,Decret,Decret privind promulgarea Legii pentru ratificarea Acordului de finanţare suplimentară (al doilea Proiect de investiţii şi servicii rurale) dintre Republica Moldova şi Asociaţia Internaţională pentru Dezvoltare,Împrumut,AID,,legis.md,,https://www.legis.md/cautare/getResults?doc_id=53872&lang=ro
DPRM1772/2008,14.07.2008,Decret,Decret pentru promulgarea Legii cu privire la ratificarea Acordului de finanţare dintre Republica Moldova şi Asociaţia Internaţională pentru Dezvoltare (Proiectul privind al doilea credit destinat susţinerii reducerii sărăciei în Republica Moldova – CSRS-2),Împrumut,AID,,legis.md,,https://www.legis.md/cautare/getResults?doc_id=54958&lang=ro
LP167/2008,09.07.2008,Lege,Lege pentru ratificarea Acordului de finanţare a Proiectului naţional de alimentare cu apă şi canalizare dintre Republica Moldova şi Asociaţia Internaţională pentru Dezvoltare,Împrumut,AID,,legis.md,,https://www.legis.md/cautare/getResults?doc_id=23633&lang=ro
LP166/2008,09.07.2008,Lege,Lege pentru ratificarea Acordului de finanţare suplimentară (al doilea Proiect de investiţii şi servicii rurale) dintre Republica Moldova şi Asociaţia Internaţională pentru Dezvoltare,Împrumut,AID,,legis.md,,https://www.legis.md/cautare/getResults?doc_id=23632&lang=ro
LP150/2008,03.07.2008,Lege,Lege cu privire la ratificarea Acordului de finanţare dintre Republica Moldova şi Asociaţia Internaţională pentru Dezvoltare (Proiectul privind al doilea credit destinat susţinerii reducerii sărăciei în Republica Moldova – CSRS-2),Împrumut,AID,,legis.md,,https://www.legis.md/cautare/getResults?doc_id=24414&lang=ro
HG780/2008,30.06.2008,Hotărâre,"Hotărâre cu privire la iniţierea negocierilor asupra proiectului Acordului-cadru de împrumut între Guvernul Republicii Moldova şi Bancade Dezvoltare a Consiliului Europei şi acordarea deplinelor puteri doamnei Mariana DURLEŞTEANU, ministru al finanţelor",Împrumut,Consiliul Europei,,legis.md,,https://www.legis.md/cautare/getResults?doc_id=67833&lang=ro
HG737/2008,19.06.2008,Hotărâre,"Hotărâre pentru aprobarea proiectului de lege cu privire la ratificarea Acordului de Finanţare între Guvernul Republicii Moldova şi Asociaţia Internaţională pentru Dezvoltare referitor la Proiectul Naţional de alimentare cu apă şi canalizare, semnat la Chişinău la 2 iunie 2008",Împrumut,AID,02.06.2008,legis.md,,https://www.legis.md/cautare/getResults?doc_id=67520&lang=ro
HG736/2008,19.06.2008,Hotărâre,Hotărâre privind aprobarea proiectului de lege pentru ratificarea Acordului de finanţare suplimentară pentru al doilea Proiect de investiţii şi servicii rurale dintre Guvernul Republicii Moldova şi Asociaţia Internaţională pentru Dezvoltare,Împrumut,AID,,legis.md,,https://www.legis.md/cautare/getResults?doc_id=67518&lang=ro
HG716/2008,16.06.2008,Hotărâre,Hotărâre pentru aprobarea proiectului de lege cu privire la ratificarea Acordului de finanţare dintre Republica Moldova şi Asociaţia Internaţională pentru Dezvoltare (Proiectul privind al doilea credit destinat susţinerii reducerii sărăciei în Republica Moldova – SCRS-2),Împrumut,AID,,legis.md,,https://www.legis.md/cautare/getResults?doc_id=67492&lang=ro
HG651/2008,30.05.2008,Hotărâre,"Hotărâre pentru iniţierea negocierilor asupra unor proiecte de acorduri de finanţare între Guvernul Republicii Moldova şi Asociaţia Internaţională pentru Dezvoltare şi acordarea deplinelor puteri doamnei Mariana DURLEŞTEANU, ministru al finanţelor",Împrumut,AID,,legis.md,,https://www.legis.md/cautare/getResults?doc_id=68416&lang=ro
HCC26/2008,23.05.2008,Act,Act privind raportul asupra controlului utilizării creditului extern acordat de Asociaţia Internaţională pentru Dezvoltare pentru finanţarea proiectului Fondului de Investiţii în Sănătate în perioada anilor 2001-2006,Împrumut,AID,,legis.md,,https://www.legis.md/cautare/getResults?doc_id=54235&lang=ro
AMAEIE232/2015,05.03.2008,Act,"Act ACORD ÎNTOCMIT PRIN SCHIMB DE SCRISORI, ÎNTRE GUVERNUL REPUBLICII MOLDOVA ŞI GUVERNUL JAPONIEI PRIVIND ACORDAREA GRANTULUI PENTRU PROMOVAREA EFORTURILOR PRIVIND AJUSTĂRILE STRUCTURALE ECONOMICE, TRANŞA IV*",Grant,Japonia,,legis.md,,https://www.legis.md/cautare/getResults?doc_id=117389&lang=ro
HG233/2008,29.02.2008,Hotărâre,"Hotărâre cu privire la iniţierea negocierilor asupra proiectului Acordului de Grant, prin schimb de note, între Guvernul Republicii Moldova şi Guvernul Japoniei referitor la extinderea Proiectului de Asistenţă Tehnică pentru Fermierii Neprivilegiaţi (2KR) şi acordarea deplinelor puteri dlui Anatolie Gorodenco, ministru al agriculturii şi industriei alimentare",Grant,Japonia,,legis.md,,https://www.legis.md/cautare/getResults?doc_id=68800&lang=ro
HG232/2008,29.02.2008,Hotărâre,"Hotărâre privind iniţierea negocierilor asupra proiectului Acordului, întocmit prin schimb de scrisori, între Guvernul Republicii Moldova şi Guvernul Japoniei privind acordarea grantului pentru promovarea eforturilor privind ajustările structurale economice, tranşa IV",Grant,Japonia,,legis.md,,https://www.legis.md/cautare/getResults?doc_id=101831&lang=ro
HG35/2008,21.01.2008,Hotărâre,Hotărâre pentru iniţierea negocierilor asupra proiectului Acordului între Guvernul Republicii Moldova şi Guvernul Republicii Kazahstan cu privire la acordarea unui ajutor umanitar,Grant,Kazahstan,,legis.md,,https://www.legis.md/cautare/getResults?doc_id=67507&lang=ro
HG1211/2007,12.11.2007,Hotărâre,Hotărâre pentru iniţierea negocierilor asupra proiectului Acordului încheiat prin schimb de note între Guvernul Republicii Moldova şi Guvernul Japoniei privind acordarea grantului de asistenţă tehnică pentru proiectul de îmbunătăţire a echipamentului Centrului Naţional de Perfecţionare în domeniul Mecanizării Agriculturii,Asistență tehnică,Japonia,,legis.md,,https://www.legis.md/cautare/getResults?doc_id=69116&lang=ro
HG1191/2007,02.11.2007,Hotărâre,Hotărâre privind iniţierea negocierilor asupra proiectului Acordului între Guvernul Republicii Moldova şi Guvernul Republicii Populare Chineze cu privire la acordarea unui ajutor nerambursabil,Grant,China,,legis.md,,https://www.legis.md/cautare/getResults?doc_id=69113&lang=ro
DPRM1350/2007,23.10.2007,Decret,Decret privind promulgarea Legii pentru ratificarea Acordului de finanţare dintre Republica Moldova şi Banca Europeană pentru Investiţii (Proiectul “Drumuri europene în Moldova”),Asistență financiară,BEI,,legis.md,,https://www.legis.md/cautare/getResults?doc_id=52552&lang=ro
DPRM1349/2007,23.10.2007,Decret,Decret privind promulgarea Legii pentru ratificarea Acordului de împrumut dintre Republica Moldova şi Banca Europeană pentru Reconstrucţii şi Dezvoltare (Proiectul de reabilitare a drumurilor în Moldova),Împrumut,BERD,,legis.md,,https://www.legis.md/cautare/getResults?doc_id=7671&lang=ro
DPRM1348/2007,23.10.2007,Decret,Decret privind promulgarea Legii pentru ratificarea Acordului-cadru de împrumut dintre Guvernul Republicii Moldova şi Banca pentru Dezvoltare a Consiliului Europei,Împrumut,CEB,,legis.md,,https://www.legis.md/cautare/getResults?doc_id=52549&lang=ro
LP217/2007,12.10.2007,Lege,Lege pentru ratificarea Acordului de finanţare dintre Republica Moldova şi Banca Europeană pentru Investiţii (Proiectul “Drumuri europene în Moldova”),Asistență financiară,BEI,,legis.md,,https://www.legis.md/cautare/getResults?doc_id=24106&lang=ro
LP216/2007,12.10.2007,Lege,Lege pentru ratificarea Acordului de împrumut dintre Republica Moldova şi Banca Europeană pentru Reconstrucţii şi Dezvoltare (Proiectul de reabilitare a drumurilor în Moldova),Împrumut,BERD,,legis.md,,https://www.legis.md/cautare/getResults?doc_id=24102&lang=ro
LP215/2007,12.10.2007,Lege,Lege pentru ratificarea Acordului-cadru de împrumut dintre Guvernul Republicii Moldova şi Banca pentru Dezvoltare a Consiliului Europei,Împrumut,CEB,,legis.md,,https://www.legis.md/cautare/getResults?doc_id=4217&lang=ro
DPRM1306/2007,20.09.2007,Decret,Decret pentru iniţierea negocierilor şi eliberarea deplinelor puteri pentru semnarea Memorandumului de înţelegere dintre Republica Moldova şi Comunitatea Europeană şi Acordului dintre Republica Moldova şi Comunitatea Europeană privind acordarea unui grant în valoare de 45 milioane euro,Grant,UE,,legis.md,,https://www.legis.md/cautare/getResults?doc_id=53798&lang=ro
HG1031/2007,14.09.2007,Hotărâre,"Hotărâre privind aprobarea proiectului de lege pentru ratificarea Acordului de împrumut între Republica Moldova şi Banca Europeană pentru Reconstrucţii şi Dezvoltare (Proiectul de reabilitare a drumurilor în Moldova), semnat la Chişinău la 28 iunie 2007",Împrumut,BERD,28.06.2007,legis.md,,https://www.legis.md/cautare/getResults?doc_id=68787&lang=ro
HG1030/2007,14.09.2007,Hotărâre,"Hotărâre privind aprobarea proiectului de lege pentru ratificarea Acordului de finanţare între Republica Moldova şi Banca Europeană pentru Investiţii (Proiectul “Drumuri europene în Moldova”), semnat la Chişinău la 28 iunie 2007",Asistență financiară,BEI,28.06.2007,legis.md,,https://www.legis.md/cautare/getResults?doc_id=68452&lang=ro
HG956/2007,21.08.2007,Hotărâre,Hotărâre cu privire la iniţierea negocierilor asupra proiectului Acordului de grant dintre Republica Moldova şi Banca Internaţională pentru Reconstrucţii şi Dezvoltare (Proiectul “Infrastructura mediului”),Grant,BIRD,,legis.md,,https://www.legis.md/cautare/getResults?doc_id=67933&lang=ro
DPRM1269/2007,02.08.2007,Decret,Decret pentru promulgarea Legii privind ratificarea Acordului de finanţare dintre Republica Moldova şi Asociaţia Internaţională pentru Dezvoltare (Proiectul “Servicii de Sănătate şi Asistenţă Socială”),Împrumut,AID,,legis.md,,https://www.legis.md/cautare/getResults?doc_id=53693&lang=ro
DPRM1268/2007,02.08.2007,Decret,Decret pentru promulgarea Legii privind ratificarea Acordului de finanţare dintre Republica Moldova şi Asociaţia Internaţională pentru Dezvoltare (Proiect de susţinere a Programului în sectorul drumurilor),Împrumut,AID,,legis.md,,https://www.legis.md/cautare/getResults?doc_id=53688&lang=ro
DPRM1266/2007,02.08.2007,Decret,Decret privind promulgarea Legii pentru ratificarea Acordului dintre Guvernul Republicii Moldova şi Guvernul Republicii Polonia referitor la acordarea unui credit tehnic,Împrumut,Polonia,,legis.md,,https://www.legis.md/cautare/getResults?doc_id=53684&lang=ro
LP194/2007,26.07.2007,Lege,Lege privind ratificarea Acordului de finanţare dintre Republica Moldova şi Asociaţia Internaţională pentru Dezvoltare (Proiectul “ Servicii de Sănătate şi Asistenţă Socială”),Împrumut,AID,,legis.md,,https://www.legis.md/cautare/getResults?doc_id=24091&lang=ro
LP193/2007,26.07.2007,Lege,Lege privind ratificarea Acordului de finanţare dintre Republica Moldova şi Asociaţia Internaţională pentru Dezvoltare (Proiect de susţinere a Programului în sectorul drumurilor),Împrumut,AID,,legis.md,,https://www.legis.md/cautare/getResults?doc_id=24084&lang=ro
LP191/2007,26.07.2007,Lege,Lege pentru ratificarea Acordului dintre Guvernul Republicii Moldova şi Guvernul Republicii Polonia referitor la acordarea unui credit tehnic,Împrumut,Polonia,,legis.md,,https://www.legis.md/cautare/getResults?doc_id=24077&lang=ro
HG826/2007,23.07.2007,Hotărâre,"Hotărâre privind aprobarea proiectului de lege pentru ratificarea Acordului cadru de împrumut între Guvernul Republicii Moldova şi Banca de Dezvoltare a Consiliului Europei, semnat la 18 iunie 2007 prin schimb de scrisori",Împrumut,CEB,18.06.2007,legis.md,,https://www.legis.md/cautare/getResults?doc_id=68208&lang=ro
HG803/2007,20.07.2007,Hotărâre,"Hotărâre pentru aprobarea proiectului de lege privind ratificarea Acordului de finanţare dintre Republica Moldova şi Asociaţia Internaţională pentru Dezvoltare (proiect de susţinere a Programului în sectorul drumurilor), semnat la 3 mai 2007 la Chişinău",Împrumut,AID,03.05.2007,legis.md,,https://www.legis.md/cautare/getResults?doc_id=68182&lang=ro
HG802/2007,20.07.2007,Hotărâre,"Hotărâre cu privire la aprobarea proiectului de lege privind ratificarea Acordului de finanţare dintre Republica Moldova şi Asociaţia Internaţională pentru Dezvoltare (Proiectul “Servicii de Sănătate şi Asistenţă Socială”), semnat la Chişinău la 3 iulie 2007",Împrumut,AID,03.07.2007,legis.md,,https://www.legis.md/cautare/getResults?doc_id=68377&lang=ro
HG772/2007,02.07.2007,Hotărâre,Hotărâre cu privire la iniţierea negocierilor asupra proiectului Acordului de finanţare dintre Republica Moldova şi Asociaţia Internaţională pentru Dezvoltare (Proiectul “Servicii de sănătate şi asistenţă socială”),Împrumut,AID,,legis.md,,https://www.legis.md/cautare/getResults?doc_id=68146&lang=ro
HG748/2007,29.06.2007,Hotărâre,"Hotărâre privind aprobarea proiectului de lege pentru ratificarea Acordului între Guvernul Republicii Moldova şi Guvernul Republicii Polonia referitor la acordarea unui credit tehnic, semnat la 4 iunie 2007 la Chişinău",Împrumut,Polonia,04.06.2007,legis.md,,https://www.legis.md/cautare/getResults?doc_id=68125&lang=ro
HG704/2007,22.06.2007,Hotărâre,Hotărâre cu privire la iniţierea negocierilor asupra proiectelor Acordului de finanţare dintre Guvernul Republicii Banca Europeană pentru Reconstrucţii şi Dezvoltare şi Acordului de finanţare dintre Guvernul Republicii Moldova şi Banca Europeană pentru Investiţii (proiect de susţinere a programului în sectorul drumurilor),Împrumut,BERD / BEI,,legis.md,,https://www.legis.md/cautare/getResults?doc_id=68338&lang=ro
HG639/2007,11.06.2007,Hotărâre,"Hotărâre pentru iniţierea negocierilor asupra proiectului Memorandumului de intenţii între Guvernul Republicii Moldova şi Guvernul Republicii Turcia cu privire la cooperarea în domeniul reglementării tehnice, standardizării, metrologiei, evaluării conformităţii, acreditării",Grant,Turcia,,legis.md,,https://www.legis.md/cautare/getResults?doc_id=69276&lang=ro
AMAEIE128/2009,04.06.2007,Act,Act ACORD ÎNTRE GUVERNUL REPUBLICII MOLDOVA ŞI GUVERNUL REPUBLICII POLONIA REFERITOR LA ACORDAREA UNUI CREDIT TEHNIC*,Împrumut,Polonia,,legis.md,,https://www.legis.md/cautare/getResults?doc_id=116967&lang=ro
DPRM1121/2007,17.05.2007,Decret,Decret privind promulgarea Legii pentru ratificarea Memorandumului de înţelegere întreGuvernul Republicii Moldova şi Guvernul Republicii Ungare privind cooperarea pentru dezvoltare,Asistență tehnică,Ungaria,,legis.md,,https://www.legis.md/cautare/getResults?doc_id=54267&lang=ro
LP118/2007,04.05.2007,Lege,Lege pentru ratificarea Memorandumului de înţelegere între Guvernul Republicii Moldova şi Guvernul Republicii Ungare privind cooperarea pentru dezvoltare,Asistență tehnică,Ungaria,,legis.md,,https://www.legis.md/cautare/getResults?doc_id=24954&lang=ro
HG466/2007,27.04.2007,Hotărâre,Hotărâre cu privire la iniţierea negocierilor asupra proiectului Acordului de finanţare dintre Republica Moldova şi Asociaţia Internaţională pentru Dezvoltare (Proiect de susţinere a Programului în sectorul drumurilor),Împrumut,AID,,legis.md,,https://www.legis.md/cautare/getResults?doc_id=68122&lang=ro
HG441/2007,23.04.2007,Hotărâre,Hotărâre cu privire la iniţierea negocierilor asupra proiectului Acordului între Guvernul Republicii Moldova şi Guvernul Republicii Polone referitor la acordarea unui credit tehnic,Împrumut,Polonia,,legis.md,,https://www.legis.md/cautare/getResults?doc_id=69384&lang=ro
HG288/2007,14.03.2007,Hotărâre,Hotărâre cu privire la iniţierea negocierilor asupra proiectului Acordului cadru de împrumut între Guvernul Republicii Moldova şi Banca de Dezvoltare a Consiliului Europei,Împrumut,CEB,,legis.md,,https://www.legis.md/cautare/getResults?doc_id=68048&lang=ro
DPRM1023/2007,07.03.2007,Decret,Decret pentru promulgarea Legii cu privire la ratificarea Acordului de finanţare dintre Republica Moldova şi Asociaţia Internaţională pentru Dezvoltare (Proiectul privind primul credit destinat susţinerii reducerii sărăciei în Republica Moldova - CSRS-1),Împrumut,AID,,legis.md,,https://www.legis.md/cautare/getResults?doc_id=51531&lang=ro
HG2501/2007,02.03.2007,Hotărâre,"Hotărâre pentru iniţierea negocierilor asupra proiectului Acordului, întocmit prin schimb de scrisori, între Guvernul Republicii Moldova şi Guvernul Japoniei privind acordarea grantului pentru promovarea eforturilor privind ajustările structurale economice, tranşa a treia",Grant,Japonia,,legis.md,,https://www.legis.md/cautare/getResults?doc_id=68951&lang=ro
LP32/2007,22.02.2007,Lege,Lege cu privire la ratificarea Acordului de finanţare dintre Republica Moldova şi Asociaţia Internaţională pentru Dezvoltare (Proiectul privind primul credit destinat susţinerii reducerii sărăciei în Republica Moldova - CSRS-1),Împrumut,AID,,legis.md,,https://www.legis.md/cautare/getResults?doc_id=26036&lang=ro
HG84/2007,26.01.2007,Hotărâre,"Hotărâre pentru aprobarea proiectului de lege cu privire la ratificarea Acordului de finanţare dintre Republica Moldova şi Asociaţia Internaţională pentru Dezvoltare (Proiectul privind primul credit destinat susţinerii reducerii sărăciei (SCRS 1) în Republica Moldova), semnat la Chişinău la 22 decembrie 2006",Împrumut,AID,22.12.2006,legis.md,,https://www.legis.md/cautare/getResults?doc_id=68512&lang=ro
DP946/2007,19.01.2007,Decret,Decret privind promulgarea Legii pentru ratificarea Acordului-cadru dintre Guvernul Republicii Moldova şi Comisia Comunităţilor Europene privind asistenţa externă,Asistență financiară,UE,,legis.md,,https://www.legis.md/cautare/getResults?doc_id=55746&lang=ro
HG28/2007,11.01.2007,Hotărâre,"Hotărâre cu privire la iniţierea negocierilor asupra proiectului Acordului de Grant, prin schimb de note, între Guvernul Republicii Moldova şi Guvernul Japoniei referitor la extinderea Proiectului de Asistenţă Tehnică pentru Fermierii Neprivilegiaţi (2KR)",Grant,Japonia,,legis.md,,https://www.legis.md/cautare/getResults?doc_id=6995&lang=ro
LP426/2006,27.12.2006,Lege,Lege pentru ratificarea Acordului-cadru dintre Guvernul Republicii Moldova şi Comisia Comunităţilor Europene privind asistenţa externă,Asistență financiară,UE,,legis.md,,https://www.legis.md/cautare/getResults?doc_id=13093&lang=ro
HG1297/2006,13.11.2006,Hotărâre,"Hotărâre cu privire la aprobarea proiectului de lege pentru ratificarea Acordului-cadru între Guvernul Republicii Moldova şi Comisia Comunităţilor Europene privind asistenţa externă, semnat la Bruxelles la 11 mai 2006",Asistență financiară,UE,11.05.2006,legis.md,,https://www.legis.md/cautare/getResults?doc_id=70359&lang=ro
DPRM719/2006,03.08.2006,Decret,Decret privind promulgarea Legii pentru ratificarea Acordului de finanţare (Proiectul privind controlul gripei aviare şi gradul de pregătire în caz de pandemie umană şi activităţile de răspuns) dintre Republica Moldova şi Asociaţia Internaţională pentru Dezvoltare,Împrumut,AID,,legis.md,,https://www.legis.md/cautare/getResults?doc_id=53471&lang=ro
LP277/2006,29.07.2006,Lege,Lege pentru ratificarea Acordului de finanţare (Proiectul privind controlul gripei aviare şi gradul de pregătire în caz de pandemie umană şi activităţile de răspuns) dintre Republica Moldova şi Asociaţia Internaţională pentru Dezvoltare,Împrumut,AID,,legis.md,,https://www.legis.md/cautare/getResults?doc_id=25388&lang=ro
DPRM677/2006,21.07.2006,Decret,"Decret privind promulgarea Legii pentru ratificarea Acordului dintre Guvernul Republicii Moldova şi Asociaţia Internaţională pentru Dezvoltare privind finanţarea Proiectului ""Educaţia de calitate în mediul rural din Republica Moldova""",Împrumut,AID,,legis.md,,https://www.legis.md/cautare/getResults?doc_id=53375&lang=ro
HG819/2006,17.07.2006,Hotărâre,"Hotărâre cu privire la aprobarea proiectului de lege pentru ratificarea Acordului de finanţare (Proiectul privind controlul gripei aviare şi gradul de pregătire în caz de pandemie umană şi activităţile de răspuns) între Republica Moldova şi Asociaţia Internaţională pentru Dezvoltare, semnat la Chişinău la 16 iunie 2006",Împrumut,AID,16.06.2006,legis.md,,https://www.legis.md/cautare/getResults?doc_id=70949&lang=ro
LP190/2006,30.06.2006,Lege,"Lege pentru ratificarea Acordului dintre Guvernul Republicii Moldova şi Asociaţia Internaţională pentru Dezvoltare privind finanţarea Proiectului ""Educaţia de calitate în mediul rural din Republica Moldova""",Împrumut,AID,,legis.md,,https://www.legis.md/cautare/getResults?doc_id=25462&lang=ro
DPRM621/2006,19.06.2006,Decret,Decret pentru promulgarea Legii privind ratificarea Acordului de împrumut dintre Republica Moldova şi Fondul Internaţional pentru Dezvoltarea Agriculturii,Împrumut,FIDA,,legis.md,,https://www.legis.md/cautare/getResults?doc_id=54232&lang=ro
DPRM620/2006,19.06.2006,Decret,Decret pentru promulgarea Legii privind ratificarea Acordului de finanţare pentru dezvoltare (al doilea Proiect de investiţii şi servicii rurale) dintre Republica Moldova şi Asociaţia Internaţională pentru Dezvoltare,Împrumut,AID,,legis.md,,https://www.legis.md/cautare/getResults?doc_id=54231&lang=ro
LP158/2006,08.06.2006,Lege,Lege privind ratificarea Acordului de împrumut dintre Republica Moldova şi Fondul Internaţional pentru Dezvoltarea Agriculturii,Împrumut,FIDA,,legis.md,,https://www.legis.md/cautare/getResults?doc_id=25451&lang=ro
LP157/2006,08.06.2006,Lege,Lege privind ratificarea Acordului de finanţare pentru dezvoltare (al doilea Proiect de investiţii şi servicii rurale) dintre Republica Moldova şi Asociaţia Internaţională pentru Dezvoltare,Împrumut,AID,,legis.md,,https://www.legis.md/cautare/getResults?doc_id=25447&lang=ro
HG623/2006,01.06.2006,Hotărâre,"Hotărâre cu privire la aprobarea proiectului de lege pentru ratificarea Acordului între Guvernul Republicii Moldova şi Asociaţia Internaţională pentru Dezvoltare privind finanţarea Proiectului ""Educaţia de calitate în mediul rural din Republica Moldova"", semnat la Chişinău la 5 aprilie 2006",Împrumut,AID,05.04.2006,legis.md,,https://www.legis.md/cautare/getResults?doc_id=68900&lang=ro
HG576/2006,25.05.2006,Hotărâre,"Hotărâre cu privire la aprobarea proiectului de lege pentru ratificarea Acordului de împrumut între Republica Moldova şi Fondul Internaţional pentru Dezvoltarea Agriculturii, semnat la Roma la 21 februarie 2006",Împrumut,FIDA,21.02.2006,legis.md,,https://www.legis.md/cautare/getResults?doc_id=68992&lang=ro
HG540/2006,19.05.2006,Hotărâre,"Hotărâre cu privire la aprobarea proiectului de lege privind ratificarea Acordului de finanţare pentru dezvoltare (al doilea Proiect de Investiţii şi Servicii Rurale) între Republica Moldova şi Asociaţia Internaţională pentru Dezvoltare, semnat la Chişinău la 13 aprilie 2006",Împrumut,AID,13.04.2006,legis.md,,https://www.legis.md/cautare/getResults?doc_id=68962&lang=ro
HG378/2006,12.04.2006,Hotărâre,Hotărâre cu privire la iniţierea negocierilor asupra proiectului Acordului de Finanţare pentru Dezvoltare între Republica Moldova şi Asociaţia Internaţională pentru Dezvoltare privind cel de-al doilea proiect de investiţii şi servicii rurale,Împrumut,AID,,legis.md,,https://www.legis.md/cautare/getResults?doc_id=69322&lang=ro
HG230/2006,02.03.2006,Hotărâre,"Hotărâre pentru iniţierea negocierilor asupra proiectului Acordului între Guvernul Republicii Moldova şi Guvernul Japoniei cu privire la acordarea Grantului pentru promovarea eforturilor privind ajustările structurale economice, tranşa II",Grant,Japonia,,legis.md,,https://www.legis.md/cautare/getResults?doc_id=68953&lang=ro
HG229/2006,02.03.2006,Hotărâre,Hotărâre cu privire la iniţierea negocierilor asupra proiectului Acordului între Guvernul Republicii Moldova şi Guvernul Japoniei privind acordarea grantului pentru creşterea producţiei alimentare în rîndurile fermierilor neprivilegiaţi,Grant,Japonia,,legis.md,,https://www.legis.md/cautare/getResults?doc_id=68950&lang=ro
HG174/2006,16.02.2006,Hotărâre,Hotărâre cu privire la crearea Grupului de lucru în vederea negocierii Acordului de Finanţare pentru Dezvoltare între Republica Moldova şi Asociaţia Internaţională pentru Dezvoltare,Împrumut,AID,,legis.md,,https://www.legis.md/cautare/getResults?doc_id=26159&lang=ro
HG163/2006,13.02.2006,Hotărâre,Hotărâre pentru iniţierea negocierilor asupra proiectului Acordului de Împrumut privind Programul de Dezvoltare a Afacerilor Rurale între Republica Moldova şi Fondul Internaţional pentru Dezvoltarea Agriculturii,Împrumut,FIDA,,legis.md,,https://www.legis.md/cautare/getResults?doc_id=70036&lang=ro
HG91/2006,27.01.2006,Hotărâre,"Hotărâre privind iniţierea negocierilor asupra proiectului Acordului de grant între Guvernul Republicii Moldova şi Banca Internaţională pentru Reconstrucţii şi Dezvoltare privind Proiectul ""Managementul şi distrugerea stocurilor de poluanţi organici persistenţi""",Grant,BIRD,,legis.md,,https://www.legis.md/cautare/getResults?doc_id=69777&lang=ro
HG88/2006,27.01.2006,Hotărâre,"Hotărâre privind iniţierea negocierilor asupra proiectului Acordului, încheiat prin schimb de scrisori, între Guvernul Republicii Moldova şi Guvernul Japoniei privind acordarea Grantului pentru îmbunătăţirea echipamentului audiovizual şi pentru expoziţii al Muzeului Naţional de Artă",Grant,Japonia,,legis.md,,https://www.legis.md/cautare/getResults?doc_id=69776&lang=ro
DPRM422/2006,20.01.2006,Decret,Decret privind promulgarea Legii pentru ratificarea Acordului de credit pentru dezvoltare(Proiectul de ameliorare a competitivităţii) dintre Republica Moldova şi Asociaţia Internaţională pentru Dezvoltare,Împrumut,AID,,legis.md,,https://www.legis.md/cautare/getResults?doc_id=55718&lang=ro
LP378/2005,29.12.2005,Lege,Lege pentru ratificarea Acordului de credit pentru dezvoltare (Proiectul de ameliorare a competitivităţii) dintre Republica Moldova şi Asociaţia Internaţională pentru Dezvoltare,Împrumut,AID,,legis.md,,https://www.legis.md/cautare/getResults?doc_id=26403&lang=ro
HG1370/2005,23.12.2005,Hotărâre,"Hotărâre cu privire la aprobarea proiectului de lege privind ratificarea Acordului de Credit pentru Dezvoltare (Proiectul de Ameliorare a Competitivităţii) dintre Republica Moldova şi Asociaţia Internaţională pentru Dezvoltare, semnat la Washington la 14 noiembrie 2005",Împrumut,AID,14.11.2005,legis.md,,https://www.legis.md/cautare/getResults?doc_id=69618&lang=ro
DPRM337/2005,06.12.2005,Decret,"Decret pentru promulgarea Legii privind ratificarea Acordului de Credit pentru Dezvoltare (proiectul ""Managementul Finanţelor Publice"") dintre Republica Moldova şi Asociaţia Internaţională pentru Dezvoltare",Împrumut,AID,,legis.md,,https://www.legis.md/cautare/getResults?doc_id=4902&lang=ro
LP293/2005,16.11.2005,Lege,"Lege privind ratificarea Acordului de Credit pentru Dezvoltare (proiectul ""Managementul Finanţelolr Publice"") dintre Republica Moldova şi Asociaţia Internaţională pentru Dezvoltare",Împrumut,AID,,legis.md,,https://www.legis.md/cautare/getResults?doc_id=26116&lang=ro
DPRM290/2005,31.10.2005,Decret,Decret pentru promulgarea Legii privind ratificarea Acordului de modificare a Acordului de credit pentru dezvoltare (Primul Proiect de Cadastru) dintre Republica Moldova şi Asociaţia Internaţională pentru Dezvoltare,Împrumut,AID,,legis.md,,https://www.legis.md/cautare/getResults?doc_id=5615&lang=ro
HG1116/2005,26.10.2005,Hotărâre,"Hotărâre cu privire la iniţierea negocierilor asupra proiectului Acordului de credit pentru dezvoltare dintre Guvernul Republicii Moldova şi Asociaţia Internaţională de Dezvoltare, proiectului Acordului de grant pentru dezvoltare dintre Guvernul Republicii Moldova şi Asociaţia Internaţională de Dezvoltare şi proiectului Acordului de grant japonez pentru cofinanţare dintre Guvernul Republicii Moldova şi Asociaţia Internaţională de Dezvoltare, în scopul implementării proiectului",Împrumut,AID,,legis.md,,https://www.legis.md/cautare/getResults?doc_id=6666&lang=ro
LP240/2005,20.10.2005,Lege,Lege privind ratificarea Acordului de modificare a Acordului de credit pentru dezvoltare (Primul Proiect de Cadastru) dintre Republica Moldova şi Asociaţia Internaţională pentru Dezvoltare,Împrumut,AID,,legis.md,,https://www.legis.md/cautare/getResults?doc_id=26215&lang=ro
HG1064/2005,07.10.2005,Hotărâre,"Hotărâre cu privire la aprobarea proiectului de lege privind ratificarea Acordului de Credit pentru Dezvoltare (Proiectul ""Managementul Finanţelor Publice"") între Republica Moldova şi Asociaţia Internaţională pentru Dezvoltare, semnat la 7 iulie 2005",Împrumut,AID,07.07.2005,legis.md,,https://www.legis.md/cautare/getResults?doc_id=70267&lang=ro
HG1025/2005,03.10.2005,Hotărâre,"Hotărâre pentru aprobarea proiectului de lege privind ratificarea Acordului de modificare a Acordului de credit pentru dezvoltare (Primul Proiect de Cadastru) între Republica Moldova şi Asociaţia Internaţională pentru Dezvoltare, semnat la Washington la 7 iulie 2005",Împrumut,AID,07.07.2005,legis.md,,https://www.legis.md/cautare/getResults?doc_id=70240&lang=ro
HG799/2005,01.08.2005,Hotărâre,"Hotărâre privind iniţierea negocierilor asupra proiectului Acordului încheiat prin schimb de scrisori între Guvernul Republicii Moldova şi Guvernul Japoniei privind programul de colaborare ""Asistenţă pentru proiecte de securitate umană la nivelul cetăţenilor de rînd""",Grant,Japonia,,legis.md,,https://www.legis.md/cautare/getResults?doc_id=70435&lang=ro
DPRM145/2005,19.07.2005,Decret,"Decret privind promulgarea Legii pentru ratificarea Memorandumului de înţelegere dintre Guvernul Republicii Moldova şi Guvernul Republicii Turcia privind cooperarea economică, semnat la Chişinău la 19 octombrie 2004",Asistență tehnică,Turcia,19.10.2004,legis.md,,https://www.legis.md/cautare/getResults?doc_id=54371&lang=ro
HG681/2005,11.07.2005,Hotărâre,Hotărâre pentru iniţierea negocierilor asupra proiectului Acordului Cadru între Republica Moldova şi Comisia Comunităţilor Europene privind Asistenţa Externă,Asistență financiară,UE,,legis.md,,https://www.legis.md/cautare/getResults?doc_id=71807&lang=ro
HG663/2005,08.07.2005,Hotărâre,Hotărâre privind iniţierea negocierilor asupra proiectului Memorandumului de Înţelegere între Guvernul Republicii Moldova şi Guvernul Regatului Ţărilor de Jos cu privire la Programul de Cooperare cu Pieţele în Curs de Dezvoltare,Asistență tehnică,Olanda,,legis.md,,https://www.legis.md/cautare/getResults?doc_id=71827&lang=ro
LP140/2005,30.06.2005,Lege,"Lege pentru ratificarea Memorandumului de înţelegere dintre Guvernul Republicii Moldova şi Guvernul Republicii Turcia privind cooperarea economică, semnat la Chişinău la 19 octombrie 2004",Asistență tehnică,Turcia,19.10.2004,legis.md,,https://www.legis.md/cautare/getResults?doc_id=132969&lang=ro
DPRM84/2005,31.05.2005,Decret,"Decret privind promulgarea Legii pentru ratificarea Acordului- cadru de împrumut dintre Banca pentru Dezvoltare a Consiliului Europei şi Republica Moldova,",Împrumut,CEB,,legis.md,,https://www.legis.md/cautare/getResults?doc_id=54249&lang=ro
HG491/2005,30.05.2005,Hotărâre,"Hotărâre cu privire la aprobarea proiectului de lege pentru ratificarea Memorandumului de Înţelegere între Guvernul Republicii Moldova şi Guvernul Republicii Turcia privind cooperarea economică, semnat la Chişinău la 19 octombrie 2004",Asistență tehnică,Turcia,19.10.2004,legis.md,,https://www.legis.md/cautare/getResults?doc_id=71896&lang=ro
LP77/2005,12.05.2005,Lege,"Lege pentru ratificarea Acordului-cadru de împrumut dintre Banca pentru Dezvoltare a Consiliului Europei şi Republica Moldova, semnat la 5 ianuarie 2005",Împrumut,CEB,05.01.2005,legis.md,,https://www.legis.md/cautare/getResults?doc_id=14487&lang=ro
HG252/2005,09.03.2005,Hotărâre,"Hotărâre privind aprobarea proiectului de lege pentru ratificarea Acordului-cadru de credit dintre Banca pentru Dezvoltare a Consiliului Europei şi Republica Moldova, semnat la 5 ianuarie 2005",Împrumut,CEB,05.01.2005,legis.md,,https://www.legis.md/cautare/getResults?doc_id=69688&lang=ro
HG246/2005,04.03.2005,Hotărâre,Hotărâre cu privire la iniţierea negocierilor asupra proiectului Acordului încheiat prin schimb de scrisori între Guvernul Republicii Moldova şi Guvernul Japoniei privind acordarea Grantului pentru promovarea eforturilor privind ajustările structurale economice,Grant,Japonia,,legis.md,,https://www.legis.md/cautare/getResults?doc_id=69680&lang=ro
DPRM2253/2005,04.03.2005,Decret,"Decret privind promulgarea Legii pentru ratificarea Acordului de împrumut (Proiectul ""Revitalizarea agriculturii"") dintre Republica Moldova şi Fondul Internaţional pentru Dezvoltarea Agriculturii",Împrumut,FIDA,,legis.md,,https://www.legis.md/cautare/getResults?doc_id=14753&lang=ro
LP18/2005,17.02.2005,Lege,"Lege pentru ratificarea Acordului de împrumut (Proiectul ""Revitalizarea agriculturii"") dintre Republica Moldova şi Fondul Internaţional pentru Dezvoltarea Agriculturii",Împrumut,FIDA,,legis.md,,https://www.legis.md/cautare/getResults?doc_id=26564&lang=ro
DPRM2177/2004,30.12.2004,Decret,Decret pentru promulgarea Legii cu privire la ratificarea Addendumului la Acordul dintre Guvernul României şi Guvernul Republicii Moldova referitor la împrumutul pe termen lung în valoare de 20 miliarde lei româneşti,Împrumut,România,,legis.md,,https://www.legis.md/cautare/getResults?doc_id=55917&lang=ro
LP423/2004,16.12.2004,Lege,Lege cu privire la ratificarea Addendumului la Acordul dintre Guvernul României şi Guvernul Republicii Moldova referitor la împrumutul pe termen lung în valoare de 20 miliarde lei româneşti,Împrumut,România,,legis.md,,https://www.legis.md/cautare/getResults?doc_id=26715&lang=ro
HG1336/2004,07.12.2004,Hotărâre,"Hotărâre privind aprobarea proiectului de lege cu privire la ratificarea Addendumului, semnat la 25 noiembrie 2004, la Acordul dintre Guvernul Romăniei şi Guvernul Republicii Moldova referitor la împrumutul pe termen lung în valoare de 20 miliarde lei româneşti, semnat la Bucureşti la 1 septembrie 1993 şi modificat prin addendumurile ulterioare",Împrumut,România,25.11.2004,legis.md,,https://www.legis.md/cautare/getResults?doc_id=70473&lang=ro
DPRM2123/2004,06.12.2004,Decret,"Decret privind promulgarea Legii pentru ratificarea Acordului de împrumut, finanţare şi proiect dintre Banca Germană ""Kreditanstalt für Wiederaufbau (KfW)"", Republica Moldova şi Fondul de Investiţii Sociale din Moldova (FISM)",Împrumut,KfW,,legis.md,,https://www.legis.md/cautare/getResults?doc_id=53556&lang=ro
DPRM2122/2004,03.12.2004,Decret,Decret privind promulgarea Legii pentru ratificarea Acordului de credit dintre Republica Moldova şi Fondul Kuweitian de Dezvoltare Economică Arabă la Proiectul de îmbunătăţire a sistemelor de aprovizionare cu apă în şase localităţi ale Republicii Moldova,Împrumut,Kuweit,,legis.md,,https://www.legis.md/cautare/getResults?doc_id=53555&lang=ro
LP400/2004,02.12.2004,Lege,"Lege pentru ratificarea Acordului de împrumut, finanţare şi proiect dintre Banca Germană ""Kreditanstalt für Wiederaufbau (KfW)"", Republica Moldova şi Fondul de Investiţii Sociale din Moldova (FISM)",Împrumut,KfW,,legis.md,,https://www.legis.md/cautare/getResults?doc_id=26706&lang=ro
LP381/2004,18.11.2004,Lege,Lege pentru ratificarea Acordului de credit dintre Republica Moldova şi Fondul Kuweitian de Dezvoltare Economică Arabă la Proiectul de îmbunătăţire a sistemelor de aprovizionare cu apă în şase localităţi ale Republicii Moldova,Împrumut,Kuweit,,legis.md,,https://www.legis.md/cautare/getResults?doc_id=45886&lang=ro
HG1229/2004,10.11.2004,Hotărâre,"Hotărâre privind aprobarea proiectului de lege pentru ratificarea Acordului de Împrumut, Financiare şi Proiect între Banca Germană Kreditanstalt für Wiederaufbau (KfW), Republica Moldova şi Fondul de Investiţii Sociale din Moldova (FISM), semnat la 13 octombrie 2004, Chişinău",Împrumut,KfW,13.10.2004,legis.md,,https://www.legis.md/cautare/getResults?doc_id=70187&lang=ro
DPRM2071/2004,03.11.2004,Decret,"Decret pentru promulgarea Legii privind ratificarea Acordului de restructurare dintre ""Export Credit Bank"" (Turcia) şi Guvernul Republicii Moldova",Împrumut,Turcia,,legis.md,,https://www.legis.md/cautare/getResults?doc_id=5847&lang=ro
DPRM2053/2004,20.10.2004,Decret,Decret privind promulgarea Legii pentru ratificarea Memorandumului de înţelegere dintre Guvernul Republicii Moldova şi Guvernul Regatului Danemarcei despre cooperarea în scopul implementării mecanismului dezvoltării nepoluante definit în Protocolul de la Kyoto la Convenţia-cadru a Organizaţiei Naţiunilor Unite cu privire la schimbarea climei,Asistență tehnică,Nordici,,legis.md,,https://www.legis.md/cautare/getResults?doc_id=54750&lang=ro
HG1133/2004,15.10.2004,Hotărâre,"Hotărâre pentru aprobarea proiectului de lege privind ratificarea Acordului de credit dintre Republica Moldova şi Fondul Kuweitian de Dezvoltare Economică Arabă la Proiectul de îmbunătăţire a sistemelor de aprovizionare cu apă în şase localităţi ale Republicii Moldova, semnat la Chişinău la 27 iulie 2004",Împrumut,Kuweit,27.07.2004,legis.md,,https://www.legis.md/cautare/getResults?doc_id=70685&lang=ro
LP343/2004,14.10.2004,Lege,"Lege privind ratificarea Acordului de restructurare dintre ""Export Credit Bank"" (Turcia) şi Guvernul Republicii Moldova",Împrumut,Turcia,,legis.md,,https://www.legis.md/cautare/getResults?doc_id=26674&lang=ro
LP332/2004,07.10.2004,Lege,Lege pentru ratificarea Memorandumului de înţelegere dintre Guvernul Republicii Moldova şi Guvernul Regatului Danemarcei despre cooperarea în scopul implementării mecanismului dezvoltării nepoluante definit în Protocolul de la Kyoto la Convenţia-cadru a Organizaţiei Naţiunilor Unite cu privire la schimbarea climei,Asistență tehnică,Nordici,,legis.md,,https://www.legis.md/cautare/getResults?doc_id=132957&lang=ro
HG1043/2004,22.09.2004,Hotărâre,"Hotărâre pentru aprobarea proiectului de lege privind ratificarea Acordului de Restructurare încheiat între ""Export Credit Bank""(Turcia) şi Guvernul Republicii Moldova",Împrumut,Turcia,,legis.md,,https://www.legis.md/cautare/getResults?doc_id=70100&lang=ro
DPRM1944/2004,27.07.2004,Decret,"Decret privind promulgarea Legii pentru ratificarea Acordului de modificare a Acordului de credit pentru dezvoltare (Proiectul ""Investiţii şi servicii rurale"") dintre Republica Moldova şi Asociaţia Internaţională pentru Dezvoltare",Împrumut,AID,,legis.md,,https://www.legis.md/cautare/getResults?doc_id=14703&lang=ro
DPRM1943/2004,27.07.2004,Decret,Decret privind promulgarea Legii pentru ratificarea Acordului de credit pentru dezvoltare (Proiectul II al Fondului de Investiţii Sociale) dintre Republica Moldova şi Asociaţia Internaţională pentru Dezvoltare,Împrumut,AID,,legis.md,,https://www.legis.md/cautare/getResults?doc_id=55307&lang=ro
AMAEIE268/2009,27.07.2004,Act,Act ACORD DE CREDIT LA PROIECTUL DE ÎMBUNĂTĂŢIRE A SISTEMELOR DE APROVIZIONARE CU APĂ ÎN ŞASE LOCALITĂŢI ÎNTRE REPUBLICA MOLDOVA Şl FONDUL KUWEITiAN DE DEZVOLTARE ECONOMICĂ ARABĂ*,Împrumut,Kuweit,,legis.md,,https://www.legis.md/cautare/getResults?doc_id=116884&lang=ro
LP286/2004,22.07.2004,Lege,"Lege pentru ratificarea Acordului de modificare a Acordului de credit pentru dezvoltare (Proiectul ""Investiţii şi servicii rurale"") dintre Republica Moldova şi Asociaţia Internaţională pentru Dezvoltare",Împrumut,AID,,legis.md,,https://www.legis.md/cautare/getResults?doc_id=26649&lang=ro
LP285/2004,22.07.2004,Lege,Lege pentru ratificarea Acordului de credit pentru dezvoltare (Proiectul II al Fondului de Investiţii Sociale) dintre Republica Moldova şi Asociaţia Internaţională pentru Dezvoltare,Împrumut,AID,,legis.md,,https://www.legis.md/cautare/getResults?doc_id=26648&lang=ro
HP272/2004,16.07.2004,Hotărâre,"Hotărâre a Parlamentului asupra proiectului de Lege pentru ratificarea Acordului de modificare a Acordului de credit pentru dezvoltare (Proiectul ""Investiţii şi servicii rurale"") dintre Republica Moldova şi Asociaţia Internaţională pentru Dezvoltare",Împrumut,AID,,legis.md,,https://www.legis.md/cautare/getResults?doc_id=58112&lang=ro
HG789/2004,08.07.2004,Hotărâre,Hotărâre cu privire la aprobarea proiectului de lege privind ratificarea Acordului de Credit pentru Dezvoltare (Proiectul II al Fondului de Investiţii Sociale) între Republica Moldova şi Asociaţia Internaţională pentru Dezvoltare,Împrumut,AID,,legis.md,,https://www.legis.md/cautare/getResults?doc_id=71640&lang=ro
HG735/2004,29.06.2004,Hotărâre,Hotărâre cu privire la implementarea Acordului de credit pentru dezvoltare dintre Republica Moldova şi Asociaţia Internaţională pentru Dezvoltare nr.3783 – MD,Împrumut,AID,,legis.md,,https://www.legis.md/cautare/getResults?doc_id=29397&lang=ro
HG727/2004,28.06.2004,Hotărâre,"Hotărâre cu privire la aprobarea proiectului de lege pentru ratificarea Acordului de Modificare a Acordului de credit pentru dezvoltare (Proiectul ""Investiţii şi servicii rurale"") dintre Republica Moldova şi Asociaţia Internaţională pentru Dezvoltare",Împrumut,AID,,legis.md,,https://www.legis.md/cautare/getResults?doc_id=71533&lang=ro
HG693/2004,21.06.2004,Hotărâre,Hotărâre despre iniţierea negocierilor asupra proiectului Memorandumului de Înţelegere între Guvernul Republicii Moldova şi Guvernul Republicii Turcia privind cooperarea economică,Asistență tehnică,Turcia,,legis.md,,https://www.legis.md/cautare/getResults?doc_id=71585&lang=ro
DPRM1830/2004,26.05.2004,Decret,"Decret pentru promulgarea Legii privind ratificarea Acordului adiţional nr. 1 la Contractul de Împrumut şi de proiect dintre banca germană ""Kreditanstalt fiir Wiederaufbau"" (KfW) şi Republica Moldova, precum şi Societatea pe Acţiuni ""Siidzucker Moldova"", şi a Acordului adiţional nr. 1 la Acordul de credit şi de proiect dintre banca germană ""Kreditanstalt fiir Wiederaufbau"" (KfW), Republica Moldova şi Societatea pe Acţiuni ""Micro Enterprise Credit"" din Moldova (MEC)",Împrumut,KfW,,legis.md,,https://www.legis.md/cautare/getResults?doc_id=54689&lang=ro
HG537/2004,24.05.2004,Hotărâre,Hotărâre despre aprobarea proiectului de lege pentru ratificarea Acordului de împrumut (Proiectul Revitalizarea Agriculturii) între Republica Moldova şi Fondul Internaţional pentru Dezvoltarea Agriculturii,Împrumut,FIDA,,legis.md,,https://www.legis.md/cautare/getResults?doc_id=71432&lang=ro
LP138/2004,06.05.2004,Lege,"Lege privind ratificarea Acordului adițional nr.1 la Contractul de împrumut și de proiect dintre banca germană ""Kreditanstalt fur Wiederaufbau"" ​(KfW) și Republica Moldova, precum și Societatea pe Acțiuni ""Sudzucker Moldova"", și a Acordului adițional nr.1 la Acordul de credit și de proiect dintre banca germană ""Kreditanstalt fur Wiederaufbau"" (KfW), Republica Moldova și Societatea pe Acțiuni ""Micro Enterprise Credit"" din Moldova (MEC)",Împrumut,KfW,,legis.md,,https://www.legis.md/cautare/getResults?doc_id=26950&lang=ro
HG455/2004,30.04.2004,Hotărâre,Hotărâre despre aprobarea proiectului de lege privind ratificarea Acordului de Credit pentru Dezvoltare (Proiectul de includere a tineretului) între Republica Moldova şi Asociaţia Internaţională pentru Dezvoltare,Împrumut,AID,,legis.md,,https://www.legis.md/cautare/getResults?doc_id=72547&lang=ro
HG176/2004,23.03.2004,Hotărâre,Hotărâre despre aprobarea Memorandumului de înţelegere privind cooperarea în materie industrială şi de dezvoltare a întreprinderilor mici şi mijlocii între Guvernul Republicii Moldova şi Guvernul Republicii Italiene,Asistență tehnică,Italia,,legis.md,,https://www.legis.md/cautare/getResults?doc_id=29714&lang=ro
HG158/2004,19.02.2004,Hotărâre,"Hotărâre pentru aprobarea proiectului de lege privind ratificarea Amendamentului nr. 1 la Contractul de împrumut xa7i de proiect xa7i Acordul de arbitraj dintre banca germană ""Kreditanstalt für Wiederaufbau"" (KfW) xa7i Republica Moldova, precum xa7i Societatea pe Acţiuni ""Südzucker Moldova"", xa7i a Amendamentului nr. 1 la Acordul de credit xa7i proiect dintre banca germană ""Kreditanstalt für Wiederaufbau"" (KfW), Republica Moldova xa7i Societatea pe Acţiuni ""Micro Enterprise Credit"" din Moldova (MEC)",Împrumut,KfW,,legis.md,,https://www.legis.md/cautare/getResults?doc_id=72007&lang=ro
DPRM1617/2003,29.12.2003,Decret,Decret pentru promulgarea Legii privind ratificarea Acordului de credit pentru dezvoltare (Proiectul Energetic II) dintre Republica Moldova şi Asociaţia Internaţională pentru Dezvoltare,Împrumut,AID,,legis.md,,https://www.legis.md/cautare/getResults?doc_id=57673&lang=ro
LP567/2003,25.12.2003,Lege,Lege privind ratificarea Acordului de credit pentru dezvoltare (Proiectul Energetic II) dintre Republica Moldova şi Asociaţia Internaţională pentru Dezvoltare,Împrumut,AID,,legis.md,,https://www.legis.md/cautare/getResults?doc_id=27539&lang=ro
HG1506/2003,12.12.2003,Hotărâre,Hotărâre despre aprobarea proiectului de lege privind ratificarea Acordului de credit pentru dezvoltare (Proiectul Energetic II) între Republica Moldova şi Asociaţia Internaţională pentru Dezvoltare,Împrumut,AID,,legis.md,,https://www.legis.md/cautare/getResults?doc_id=73881&lang=ro
MMAE281/2005,27.11.2003,Act,Act MEMORANDUM DE ÎNȚELEGERE PRIVIND COOPERAREA ÎN MATERIE INDUSTRIALĂ ŞI DE DEZVOLTARE A ÎNTREPRINDERILOR MICI ŞI MIJLOCII ÎNTRE GUVERNUL REPUBLICII MOLDOVA ȘI GUVERNUL REPUBLICII ITALIENE *,Asistență tehnică,Italia,,legis.md,,https://www.legis.md/cautare/getResults?doc_id=116643&lang=ro
HG1164/2003,29.09.2003,Hotărâre,Hotărâre cu privire la iniţierea negocierilor asupra proiectului Acordului între Guvernul Republicii Moldova şi Guvernul Republicii Italiene în materie de asistenţă tehnică,Asistență tehnică,Italia,,legis.md,,https://www.legis.md/cautare/getResults?doc_id=70938&lang=ro
DPRM1411/2003,30.07.2003,Decret,Decret pentru promulgarea Legii privind ratificarea Acordului de credit pentru dezvoltare dintre Republica Moldova şi Asociaţia Internaţională pentru Dezvoltare a Băncii Mondiale,Împrumut,AID,,legis.md,,https://www.legis.md/cautare/getResults?doc_id=53735&lang=ro
DPRM1378/2003,18.07.2003,Decret,"Decret pentru promulgarea Legii privind ratificarea Acordului de credit pentru dezvoltare (Proiectul ""Facilitarea Comerţului şi Transportului în Europa de Sud-Est"") dintre Republica Moldova şi Asociaţia Internaţională pentru Dezvoltare",Împrumut,AID,,legis.md,,https://www.legis.md/cautare/getResults?doc_id=54587&lang=ro
LP311/2003,17.07.2003,Lege,Lege privind ratificarea Acordului de credit pentru dezvoltare dintre Republica Moldova şi Asociaţia Internaţională pentru Dezvoltare a Băncii Mondiale,Împrumut,AID,,legis.md,,https://www.legis.md/cautare/getResults?doc_id=28386&lang=ro
HG858/2003,14.07.2003,Hotărâre,Hotărâre despre iniţierea negocierilor asupra proiectului Memorandumului de Înţelegere între Guvernul Republicii Moldova şi Guvernul Regatului Danemarcei cu privire la cooperarea în scopul implementării Protocolului de la Kyoto al Convenţiei Cadru a Naţiunilor Unite cu privire la Schimbarea Climei,Asistență tehnică,Nordici,,legis.md,,https://www.legis.md/cautare/getResults?doc_id=71685&lang=ro
LP301/2003,11.07.2003,Lege,"Lege privind ratificarea Acordului de credit pentru dezvoltare (Proiectul ""Facilitarea Comerţului şi Transportului în Europa de Sud-Est"") dintre Republica Moldova şi Asociaţia Internaţională pentru Dezvoltare",Împrumut,AID,,legis.md,,https://www.legis.md/cautare/getResults?doc_id=28379&lang=ro
HG750/2003,24.06.2003,Hotărâre,Hotărâre despre aprobarea proiectului de lege privind ratificarea Acordului de credit pentru dezvoltare (Proiectul de Facilitare a Comerţului şi Transportului în Europa de Sud-Est) între Republica Moldova şi Asociaţia Internaţională pentru Dezvoltare,Împrumut,AID,,legis.md,,https://www.legis.md/cautare/getResults?doc_id=72637&lang=ro
HG747/2003,24.06.2003,Hotărâre,Hotărâre despre aprobarea proiectului de lege privind ratificarea Acordului de credit pentru dezvoltare între Republica Moldova şi Asociaţia Internaţională pentru Dezvoltare a Băncii Mondiale,Împrumut,AID,,legis.md,,https://www.legis.md/cautare/getResults?doc_id=71495&lang=ro
HG592/2003,20.05.2003,Hotărâre,Hotărâre privind constituirea grupului de negociere a Acordului de credit încheiat de Guvernul Republicii Moldova cu Banca de Export-Import a Statelor Unite şi Deutsche Bank New York,Împrumut,Bancă comercială străină,,legis.md,,https://www.legis.md/cautare/getResults?doc_id=30075&lang=ro
DPRM976/2002,25.11.2002,Decret,"Decret pentru promulgarea Legii privind ratificarea Acordului de credit şi proiect dintre banca germană ""Kreditanstalt für Wiederaufbau"" (KfW), Republica Moldova şi Societatea pe Acţiuni ""Micro Enterprise Credit"" din Moldova (MEC)",Împrumut,KfW,,legis.md,,https://www.legis.md/cautare/getResults?doc_id=6041&lang=ro
DPRM969/2002,18.11.2002,Decret,"Decret pentru promulgarea Legii cu privire la ratificarea Addendumului la Acordul dintre Guvernul României şi Guvernul Republicii Moldova referitor la împrumutul pe termen lung în valoare de 20 miliarde de lei româneşti, semnat la Bucureşti la 1 septembrie 1993, modificat prin Addendumul semnat la Bucureşti la 17 ianuarie 2000",Împrumut,România,01.09.1993,legis.md,,https://www.legis.md/cautare/getResults?doc_id=55582&lang=ro
LP1444/2002,08.11.2002,Lege,"Lege cu privire la ratificarea Addendumului la Acordul dintre Guvernul României şi Guvernul Republicii Moldova referitor la împrumutul pe termen lung în valoare de 20 miliarde de lei româneşti, semnat la Bucureşti la 1 septembrie 1993, modificat prin Addendumul semnat la Bucureşti la 17 ianuarie 2000",Împrumut,România,01.09.1993,legis.md,,https://www.legis.md/cautare/getResults?doc_id=29805&lang=ro
LP1442/2002,08.11.2002,Lege,"Lege privind ratificarea Acordului de credit şi proiect dintre banca germană “Kreditanstalt fur Wiederaufbau” (KfW), Republica Moldova şi Societatea pe Acţiuni “Micro Enterprise Credit” din Moldova (MEC)",Împrumut,KfW,,legis.md,,https://www.legis.md/cautare/getResults?doc_id=29801&lang=ro
HP1443/2002,08.11.2002,Hotărâre,"Hotărâre a Parlamentului asupra proiectului de Lege cu privire la ratificarea Addendumului la Acordul dintre Guvernul României şi Guvernul Republicii Moldova referitor la împrumutul pe termen lung în valoare de 20 miliarde de lei româneşti, semnat la Bucureşti la 1 septembrie 1993, modificat prin Addendumul semnat la Bucureşti la 17 ianuarie 2000",Împrumut,România,01.09.1993,legis.md,,https://www.legis.md/cautare/getResults?doc_id=58335&lang=ro
HP1441/2002,08.11.2002,Hotărâre,"Hotărâre a Parlamentului asupra proiectului de Lege privind ratificarea Acordului de credit şi proiect dintre banca germană ""Kreditanstalt für Wiederaufbau"" (KfW), Republica Moldova şi Societatea pe Acţiuni ""Micro Enterprise Credit"" din Moldova (MEC)",Împrumut,KfW,,legis.md,,https://www.legis.md/cautare/getResults?doc_id=58582&lang=ro
HG1299/2002,03.10.2002,Hotărâre,"Hotărâre privind iniţierea negocierilor asupra proiectului Acordului, prin schimb de scrisori, între Guvernul Republicii Moldova şi Guvernul Japoniei cu privire la acordarea grantului în cadrul cooperării culturale japoneze pentru aprovizionarea Palatului Naţional cu echipamente audio şi acordarea deplinelor puteri domnului Ion PĂCURARU, ministrul culturii al Republicii Moldova",Grant,Japonia,,legis.md,,https://www.legis.md/cautare/getResults?doc_id=69809&lang=ro
HG1298/2002,03.10.2002,Hotărâre,"Hotărâre pentru aprobarea proiectului de lege cu privire la ratificarea Addendumului la Acordul dintre Guvernul României şi Guvernul Republicii Moldova referitor la împrumutul pe termen lung în valoare de 20 miliarde lei româneşti, semnat la Bucureşti la 1 septembrie 1993, modificat prin Addendumul semnat la Bucureşti la 17 ianuarie 2000",Împrumut,România,01.09.1993,legis.md,,https://www.legis.md/cautare/getResults?doc_id=69808&lang=ro
HG1173/2002,05.09.2002,Hotărâre,"Hotărâre despre aprobarea proiectului de lege privind ratificarea Acordului de credit şi proiect între Banca Germană Kreditanstaltfür Wiederaufbau (KfW), Republica Moldova şi Micro EnterpriseCredit din Moldova S.A. (MEC)",Împrumut,KfW,,legis.md,,https://www.legis.md/cautare/getResults?doc_id=69301&lang=ro
HG1153/2002,02.09.2002,Hotărâre,Hotărâre privind constituirea grupului de negociere a Acordului de credit între Guvernul Republicii Moldova şi Fondul Dezvoltării Economice Arabe din Kuwait,Împrumut,Kuweit,,legis.md,,https://www.legis.md/cautare/getResults?doc_id=29092&lang=ro
HG1150/2002,02.09.2002,Hotărâre,"Hotărâre privind iniţierea negocierilor asupra proiectului Acordului, prin schimb de scrisori, între Guvernul Republicii Moldova şi Guvernul Japoniei pentru acordarea grantului în cadrul Programului ""Îmbunătăţirea Producţiei Alimentare"" 2KR (tranşa a treia),şi acordarea deplinelor puteri domnului Ştefan ODAGIU, viceprim-ministru al Republicii Moldova, ministrul economiei",Grant,Japonia,,legis.md,,https://www.legis.md/cautare/getResults?doc_id=69194&lang=ro
DPRM809/2002,30.07.2002,Decret,"Decret pentru promulgarea Legii privind ratificarea Acordului de credit pentru dezvoltare (Proiectul ""Investiţii şi servicii rurale"") dintre Republica Moldova şi Asociaţia Internaţională pentru Dezvoltare",Împrumut,AID,,legis.md,,https://www.legis.md/cautare/getResults?doc_id=57252&lang=ro
DP798/2002,29.07.2002,Decret,"Decret pentru promulgarea Legii privind ratificarea Acordului de restructurare a împrumutului dintre Banca Germană ""Kreditanstalt für Wiederaufbau"" (""KfW"") şi Republica Moldova",Împrumut,KfW,,legis.md,,https://www.legis.md/cautare/getResults?doc_id=59394&lang=ro
LP1274/2002,25.07.2002,Lege,"Lege privind ratificarea Acordului de credit pentru dezvoltare (Proiectul ""Investiţii şi servicii rurale"") dintre Republica Moldova şi Asociaţia Internaţională pentru Dezvoltare",Împrumut,AID,,legis.md,,https://www.legis.md/cautare/getResults?doc_id=29209&lang=ro
HP1273/2002,25.07.2002,Hotărâre,"Hotărâre a Parlamentului asupra proiectului de Lege privind ratificarea Acordului de credit pentru dezvoltare (Proiectul ""Investiţii şi servicii rurale"") dintre Republica Moldova şi Asociaţia Internaţională pentru Dezvoltare",Împrumut,AID,,legis.md,,https://www.legis.md/cautare/getResults?doc_id=58859&lang=ro
AMAE310/2006,24.07.2002,Act,Act ACORD ÎNTRE GUVERNUL REPUBLICII MOLDOVA ŞI GUVERNUL REPUBLICII POPULARE CHINEZE PRIVIND ACORDAREA DE CĂTRE CHINA A UNUI AJUTOR NERAMBURSABIL ÎN VALOARE DE 5 MILIOANE YUANI RMB,Grant,China,,legis.md,,https://www.legis.md/cautare/getResults?doc_id=116749&lang=ro
LP1231/2002,18.07.2002,Lege,"Lege privind ratificarea Acordului de restructurare a împrumutului dintre Banca Germană ""Kreditanstalt fur Wiederaufbau"" (""KfW"") şi Republica Moldova",Împrumut,KfW,,legis.md,,https://www.legis.md/cautare/getResults?doc_id=28855&lang=ro
HP1230/2002,18.07.2002,Hotărâre,"Hotărâre a Parlamentului asupra proiectului de Lege privind ratificarea Acordului de restructurare a împrumutului dintre Banca Germană ""Kreditanstalt für Wiederaufbau"" (""KfW"") și Republica Moldova",Împrumut,KfW,,legis.md,,https://www.legis.md/cautare/getResults?doc_id=58837&lang=ro
HG909/2002,11.07.2002,Hotărâre,"Hotărâre despre aprobarea proiectului de lege privind ratificarea Acordului de credit pentru dezvoltare (Proiectul ""Investiţii şi servicii rurale"") între Republica Moldova şi Asociaţia Internaţională pentru Dezvoltare",Împrumut,AID,,legis.md,,https://www.legis.md/cautare/getResults?doc_id=71402&lang=ro
HG863/2002,08.07.2002,Hotărâre,Hotărâre despre aprobarea proiectului de lege privind ratificarea Acordului de restructurare a împrumutului dintre banca germană Kreditanstalt fur Wiederaufbau (KfW) şi Republica Moldova,Împrumut,KfW,,legis.md,,https://www.legis.md/cautare/getResults?doc_id=72129&lang=ro
DPRM747/2002,28.06.2002,Decret,Decret pentru promulgarea Legii privind ratificarea Acordului de Credit pentru Dezvoltare (Creditul trei pentru ajustări structurale) dintre Republica Moldova şi Asociaţia Internaţională de Dezvoltare,Împrumut,AID,,legis.md,,https://www.legis.md/cautare/getResults?doc_id=53667&lang=ro
LP1175/2002,27.06.2002,Lege,Lege privind ratificarea Acordului de Credit pentru Dezvoltare (Creditul trei pentru ajustări structurale) dintre Republica Moldova şi Asociaţia Internaţională de Dezvoltare,Împrumut,AID,,legis.md,,https://www.legis.md/cautare/getResults?doc_id=29476&lang=ro
HP1174/2002,27.06.2002,Hotărâre,Hotărâre a Parlamentului asupra proiectului de Lege privind ratificarea Acordului de Credit pentru Dezvoltare (Creditul trei pentru ajustări structurale) dintre Republica Moldova şi Asociaţia Internaţională de Dezvoltare,Împrumut,AID,,legis.md,,https://www.legis.md/cautare/getResults?doc_id=59863&lang=ro
HG846/2002,26.06.2002,Hotărâre,Hotărâre despre aprobarea proiectului de lege privind ratificarea Acordului de Credit pentru Dezvoltare (Creditul trei pentru ajustări structurale) între Republica Moldova şi Asociaţia Internaţională pentru Dezvoltare,Împrumut,AID,,legis.md,,https://www.legis.md/cautare/getResults?doc_id=71776&lang=ro
DPRM654/2002,07.05.2002,Decret,"Decret pentru promulgarea Legii privind ratificarea Contractului de împrumut şi de proiect şi a Acordului de arbitraj dintre ""Kreditanstalt fiir Wiederaufbau (KfW)"" şi Republica Moldova, precum şi Societatea pe Acţiuni ""Sudzucker-Moldova"", pentru suma de 10 milioane de mărci germane (crearea staţiilor de deservire tehnică)",Împrumut,KfW,,legis.md,,https://www.legis.md/cautare/getResults?doc_id=55174&lang=ro
HP1013/2002,25.04.2002,Hotărâre,"Hotărâre a Parlamentului asupra proiectului de Lege privind ratificarea Contractului de împrumut şi de proiect şi a Acordului de arbitraj dintre ""Kreditanstalt fiir Wiederautbau (KfW)"" şi Republica Moldova, precum şi Societatea pe Acţiuni ""Siidzucker-Moldova"", pentru suma de 10 milioane de mărci germane (crearea staţiilor de deservire tehnică)",Împrumut,KfW,,legis.md,,https://www.legis.md/cautare/getResults?doc_id=59009&lang=ro
HG412/2002,05.04.2002,Hotărâre,"Hotărâre privind constituirea grupului de negociere a Acordului de credit între Guvernul Republicii Moldova şi ""Export Credit Bank"" (Turcia) în scopul obţinerii celei de a doua tranşe a creditului (23 mil. dolari SUA)",Împrumut,Turcia,,legis.md,,https://www.legis.md/cautare/getResults?doc_id=30872&lang=ro
HG313/2002,15.03.2002,Hotărâre,"Hotărâre despre aprobarea proiectului de lege privind ratificarea Contractului de Împrumut şi de Proiect şi a Acordului de Arbitraj dintre ""Kreditanstalt fur Wiederraxa8fbau (KfW)"" si Republica Moldova, precum şi Societatea pe Acţiuni ""Sudzucker-Moldova"" pentru suma de 10 mil. mărci germane (crearea staţiilor de deservire tehnică)",Împrumut,KfW,,legis.md,,https://www.legis.md/cautare/getResults?doc_id=73492&lang=ro
DPRM450/2002,14.01.2002,Decret,Decret privind promulgarea Legii pentru ratificarea Acordului dintre Guvernul Republicii Moldova şi Guvernul Confederaţiei Elveţiene privind asistenţa umanitară şi cooperarea tehnică,Grant,Elveția,,legis.md,,https://www.legis.md/cautare/getResults?doc_id=5016&lang=ro
LP789/2001,28.12.2001,Lege,Lege pentru ratificarea Acordului dintre Guvernul Republicii Moldova şi Guvernul Confederaţiei Elveţiene privind asistenţa umanitară şi cooperarea tehnică,Grant,Elveția,,legis.md,,https://www.legis.md/cautare/getResults?doc_id=29363&lang=ro
HP788/2001,28.12.2001,Hotărâre,Hotărâre a Parlamentului asupra proiectului de Lege pentru ratificarea Acordului dintre Guvernul Republicii Moldova şi Guvernul Confederaţiei Elveţiene privind asistenţa umanitară şi cooperarea tehnică,Grant,Elveția,,legis.md,,https://www.legis.md/cautare/getResults?doc_id=57199&lang=ro
HG1436/2002,24.12.2001,Hotărâre,"Hotărâre cu privire la iniţierea negocierilor asupra proiectului Acordului prin schimb de scrisori între Guvernul Republicii Moldova şi Guvernul Japoniei pentru acordarea grantului în cadrul Programului ""Îmbunătăţirea Producţiei Alimentare"" 2KR (tranşa a doua)",Grant,Japonia,,legis.md,,https://www.legis.md/cautare/getResults?doc_id=75305&lang=ro
DPRM371/2001,07.12.2001,Decret,Decret pentru promulgarea Legii privind ratificarea Acordului de modificare a Acordului de credit pentru dezvoltare (Creditul pentru ajustări structurale) dintre Republica Moldova şi Asociaţia Internaţională pentru Dezvoltare,Împrumut,AID,,legis.md,,https://www.legis.md/cautare/getResults?doc_id=5991&lang=ro
LP717/2001,06.12.2001,Lege,Lege privind ratificarea Acordului de modificare a Acordului de credit pentru dezvoltare (Creditul pentru ajustări structurale) dintre Republica Moldova şi Asociaţia Internaţională pentru Dezvoltare,Împrumut,AID,,legis.md,,https://www.legis.md/cautare/getResults?doc_id=60899&lang=ro
HP716/2001,06.12.2001,Hotărâre,Hotărâre a Parlamentului asupra proiectului de Lege privind ratificarea Acordului de modificare a Acordului de credit pentru dezvoltare (Creditul pentru ajustări structurale) dintre Republica Moldova şi Asociaţia Internaţională pentru Dezvoltare,Împrumut,AID,,legis.md,,https://www.legis.md/cautare/getResults?doc_id=58810&lang=ro
HG1308/2001,29.11.2001,Hotărâre,Hotărâre despre aprobarea proiectului de lege privind ratificarea Acordului de Modificare a Acordului de Credit pentru Dezvoltare (Creditul pentru Ajustări Structurale) între Republica Moldova şi Asociaţia Internaţională pentru Dezvoltare,Împrumut,AID,,legis.md,,https://www.legis.md/cautare/getResults?doc_id=75667&lang=ro
HG1286/2001,19.11.2001,Hotărâre,Hotărâre despre aprobarea proiectului de lege pentru ratificarea Acordului între Guvernul Republicii Moldova şi Guvernul Confederaţiei Elveţiene privind asistenţa umanitară şi cooperarea tehnică,Grant,Elveția,,legis.md,,https://www.legis.md/cautare/getResults?doc_id=74320&lang=ro
HG1227/2001,13.11.2001,Hotărâre,Hotărâre pentru aprobarea Memorandumului de înţelegere între Guvernul Republicii Moldova şi Guvernul Statelor Unite ale Americii referitor la acordarea asistenţei în cadrul proiectului asistenţă socială şi accesul prioritar la energie,Asistență tehnică,SUA,,legis.md,,https://www.legis.md/cautare/getResults?doc_id=45507&lang=ro
AMAE203/2005,20.09.2001,Act,Act ACORD ÎNTRE GUVERNUL REPUBLICII MOLDOVA ȘI GUVERNUL CONFEDERAŢIEI ELVEŢIENE PRIVIND ASISTENŢA UMANITARĂ ŞI COOPERAREA TEHNICĂ*,Grant,Elveția,,legis.md,,https://www.legis.md/cautare/getResults?doc_id=116637&lang=ro
AMAE127/2002,20.09.2001,Act,Act ACORD ÎNTRE GUVERNUL REPUBLICII MOLDOVA ȘI GUVERNUL CONFEDERAŢIEI ELVEŢIENE PRIVIND ASISTENTA UMANITARĂ ŞI COOPERAREA TEHNICĂ*,Grant,Elveția,,legis.md,,https://www.legis.md/cautare/getResults?doc_id=116481&lang=ro
HG799/2001,10.08.2001,Hotărâre,Hotărâre cu privire la iniţierea negocierilor asupra proiectului Memorandumului de înţelegere între Guvernul Statelor Unite ale Americii şi Guvernul Republicii Moldova referitor la acordarea asistenţei în cadrul proiectului de asistenţă socială şi accesul prioritar la energie (PASAPE),Asistență tehnică,SUA,,legis.md,,https://www.legis.md/cautare/getResults?doc_id=14609&lang=ro
HG783/2001,08.08.2001,Hotărâre,"Hotărâre cu privire la acordarea deplinelor puteri dlui Andrei CUCU, viceprim-ministru, ministrul economiei, pentru semnarea Acordului între Guvernul Republicii Moldova şi Guvernul Confederaţiei Elveţiene în domeniul ajutorului umanitar şi cooperării tehnice",Grant,Elveția,,legis.md,,https://www.legis.md/cautare/getResults?doc_id=73135&lang=ro
DPRM141/2001,18.07.2001,Decret,Decret privind promulgarea Legii pentru ratificarea Memorandumului de înţelegere dintre Guvernul Republicii Moldova şi Guvernul Regatului Unit al Marii Britanii şi Irlandei de Nord privind cooperarea tehnică,Asistență tehnică,Regatul Unit,,legis.md,,https://www.legis.md/cautare/getResults?doc_id=55223&lang=ro
LP305/2001,28.06.2001,Lege,Lege pentru ratificarea Memorandumului de înţelegere dintre Guvernul Republicii Moldova şi Guvernul Regatului Unit al Marii Britanii şi Irlandei de Nord privind cooperarea tehnică,Asistență tehnică,Regatul Unit,,legis.md,,https://www.legis.md/cautare/getResults?doc_id=63859&lang=ro
HP304/2001,28.06.2001,Hotărâre,Hotărâre a Parlamentului asupra proiectului de Lege pentru ratificarea Memorandumului de înţelegere dintre Guvernul Republicii Moldova şi Guvernul Regatului Unit al Marii Britanii şi Irlandei de Nord privind cooperarea tehnică,Asistență tehnică,Regatul Unit,,legis.md,,https://www.legis.md/cautare/getResults?doc_id=63121&lang=ro
DPRM65/2001,30.05.2001,Decret,Decret pentru promulgarea Legii privind ratificarea Acordului de credit pentru proiectul Fondului de Investiţii în Sănătate dintre Republica Moldova şi Asociaţia Internaţională pentru Dezvoltare,Împrumut,AID,,legis.md,,https://www.legis.md/cautare/getResults?doc_id=57244&lang=ro
HG379/2001,29.05.2001,Hotărâre,Hotărâre despre proiectul de lege pentru ratificarea Memorandumului de înţelegere între Guvernul Republicii Moldova şi Guvernul Regatului Unit al Marii Britanii şi Irlandei de Nord privind cooperarea tehnică,Asistență tehnică,Regatul Unit,,legis.md,,https://www.legis.md/cautare/getResults?doc_id=73863&lang=ro
LP161/2001,17.05.2001,Lege,Lege privind ratificarea Acordului de credit pentru proiectul Fondului de Investiţii în Sănătate dintre Republica Moldova şi Asociaţia Internaţională pentru Dezvoltare,Împrumut,AID,,legis.md,,https://www.legis.md/cautare/getResults?doc_id=63434&lang=ro
HP160/2001,17.05.2001,Hotărâre,Hotărâre a Parlamentului asupra proiectului de Lege privind ratificarea Acordului de credit pentru proiectul Fondului de Investiţii în Sănătate dintre Republica Moldova şi Asociaţia Internaţională pentru Dezvoltare,Împrumut,AID,,legis.md,,https://www.legis.md/cautare/getResults?doc_id=58408&lang=ro
HG206/2001,20.03.2001,Hotărâre,Hotărâre privind rambursarea împrumutului acordat de Banca Internaţională pentru Reconstrucţie şi Dezvoltare pentru primul proiect agricol,Împrumut,BIRD,,legis.md,,https://www.legis.md/cautare/getResults?doc_id=47852&lang=ro
HG6/2001,05.01.2001,Hotărâre,Hotărâre cu privire la iniţierea negocierilor asupra proiectului Memorandumului de înţelegere între Guvernul Republicii Moldova şi Guvernul Regatului Unit al Marii Britanii şi Irlandei de Nord privind cooperarea tehnică,Asistență tehnică,Regatul Unit,,legis.md,,https://www.legis.md/cautare/getResults?doc_id=74529&lang=ro
HG1207/2000,28.11.2000,Hotărâre,"Hotărâre privind negocierea celei de a doua tranşe a creditului, contractat potrivit Acordului de credit între Guvernul Republicii Moldova şi Banca ""Export Credit Bank"" din Turcia",Împrumut,Turcia,,legis.md,,https://www.legis.md/cautare/getResults?doc_id=72555&lang=ro
HG1108/2000,07.11.2000,Hotărâre,Hotărâre despre aprobarea proiectului de lege privind ratificarea Acordului de credit între Republica Moldova şi Agenţia Internaţională pentru Dezvoltare pentru proiectul Fondului de Investiţii în Sănătate,Împrumut,AID,,legis.md,,https://www.legis.md/cautare/getResults?doc_id=72668&lang=ro
HG1043/2000,17.10.2000,Hotărâre,Hotărâre despre iniţierea negocierilor asupra proiectului Acordului între Guvernul Republicii Moldova şi Guvernul Confederaţiei Elveţiene privind asistenţa umanitară,Grant,Elveția,,legis.md,,https://www.legis.md/cautare/getResults?doc_id=73431&lang=ro
DPRM1599/2000,14.08.2000,Decret,"Decret pentru promulgarea Legii cu privire la ratificarea Acordului de finanţare dintre Guvernul Republicii Moldova şi ""Hewlett-Packard Europe Finance Ltd""",Asistență financiară,Hewlett-Packard,,legis.md,,https://www.legis.md/cautare/getResults?doc_id=6062&lang=ro
LP1215/2000,31.07.2000,Lege,"Lege cu privire la ratificarea Acordului de finanţare dintre Guvernul Republicii Moldova şi ""Hewlett-Packard Europe Finance Ltd""",Asistență financiară,Hewlett-Packard,,legis.md,,https://www.legis.md/cautare/getResults?doc_id=62285&lang=ro
HP1214/2000,31.07.2000,Hotărâre,"Hotărâre a Parlamentului asupra proiectului de Lege cu privire la ratificarea Acordului de finanţare dintre Guvernul Republicii Moldova şi ""Hewlett-Packard Europe Finance Ltd.""",Asistență financiară,Hewlett-Packard,,legis.md,,https://www.legis.md/cautare/getResults?doc_id=63329&lang=ro
LP1201/2000,28.07.2000,Lege,Lege pentru ratificarea Addendumului la Acordul dintre Guvernul Republicii Moldova şi Guvernul României referitor la împrumutul pe termen lung în valoare de 20 miliarde lei româneşti,Împrumut,România,,legis.md,,https://www.legis.md/cautare/getResults?doc_id=61898&lang=ro
HP1200/2000,28.07.2000,Hotărâre,Hotărâre a Parlamentului asupra proiectului de Lege pentru ratificarea Addendumului la Acordul dintre Guvernul Republicii Moldova şi Guvernul României referitor la împrumutul pe termen lung în valoare de 20 miliarde lei româneşti,Împrumut,România,,legis.md,,https://www.legis.md/cautare/getResults?doc_id=63321&lang=ro
HG1121/2000,07.07.2000,Hotărâre,"Hotărâre cu privire la efectuarea controlului legitimităţii încheierii Acordului de leasing dintre Guvernul Republicii Moldova şi ""Hewlett-Packard Europe Finance Ltd."" şi transformării acestuia în Acord de finanţare",Asistență financiară,Hewlett-Packard,,legis.md,,https://www.legis.md/cautare/getResults?doc_id=46673&lang=ro
HG636/2000,05.07.2000,Hotărâre,Hotărâre despre aprobarea proiectului de lege pentru ratificarea Addendumului la Acordul între Guvernul Republicii Moldova şi Guvernul României referitor la împrumutul pe termen lung în valoare de 20 miliarde lei româneşti,Împrumut,România,,legis.md,,https://www.legis.md/cautare/getResults?doc_id=72340&lang=ro
HG495/2000,29.05.2000,Hotărâre,"Hotărâre despre aprobarea proiectului de lege ""Cu privire la ratificarea Acordului de finanţare dintre Guvernul Republicii Moldova şi Hewlett-Packard Europe Finance Ltd.""",Asistență financiară,Hewlett-Packard,,legis.md,,https://www.legis.md/cautare/getResults?doc_id=73188&lang=ro
HG451/2000,15.05.2000,Hotărâre,Hotărâre cu privire la crearea Grupului de lucru pentru negocierea Acordului de creditare concesională cu banca germană KfW,Împrumut,KfW,,legis.md,,https://www.legis.md/cautare/getResults?doc_id=43108&lang=ro
DPRM1440/2000,28.04.2000,Decret,Decret Pentru promulgarea Legii pentru ratificarea Acordului de credit dintre Republica Moldova şi Fondul Internaţional pentru Dezvoltare Agricolă,Împrumut,FIDA,,legis.md,,https://www.legis.md/cautare/getResults?doc_id=61287&lang=ro
LP966/2000,27.04.2000,Lege,Lege pentru ratificarea Acordului de credit dintre Republica Moldova şi Fondul Internaţional pentru Dezvoltare Agricolă,Împrumut,FIDA,,legis.md,,https://www.legis.md/cautare/getResults?doc_id=64206&lang=ro
HP965/2000,27.04.2000,Hotărâre,Hotărâre a Parlamentului asupra proiectului de Lege pentru ratificarea Acordului de credit dintre Republica Moldova şi Fondul Internaţional pentru Dezvoltare Agricolă în valoare de 5800000 DST (Drepturi Speciale de Tragere),Împrumut,FIDA,,legis.md,,https://www.legis.md/cautare/getResults?doc_id=61478&lang=ro
HG345/2000,07.04.2000,Hotărâre,"Hotărâre privind constituirea grupului de negociere a Acordului de credit între Guvernul Republicii Moldova şi ""Export Credit Bank"" (Turcia) în scopul obţinerii celei de a doua tranşe a creditului (23 mil. dolari SUA)",Împrumut,Turcia,,legis.md,,https://www.legis.md/cautare/getResults?doc_id=42244&lang=ro
HG269/2000,20.03.2000,Hotărâre,"Hotărâre Despre proiectul de lege ""Pentru ratificarea Acordului de Credit între Republica Moldova şi Fondul Internaţional pentru Dezvoltare Agricolă în valoare de 5.800.000 DST (Drepturi Speciale de Tragere)""",Împrumut,FIDA,,legis.md,,https://www.legis.md/cautare/getResults?doc_id=72692&lang=ro
HG947/1999,15.10.1999,Hotărâre,"Hotărâre cu privire la introducerea unor modificări la Acordul de împrumut nr.3977-0 MD; 3977-1 MD, semnat la 17 aprilie 1996 între Republica Moldova şi Banca Internaţională de Reconstrucţie şi Dezvoltare",Împrumut,BIRD,17.04.1996,legis.md,,https://www.legis.md/cautare/getResults?doc_id=45690&lang=ro
HP551/1999,28.07.1999,Hotărâre,Hotărâre a Parlamentului privind ratificarea Acordului de Credit pentru Ajustări Structurale dintre Republica Moldova şi Asociaţia Internaţională pentru Dezvoltare,Împrumut,AID,,legis.md,,https://www.legis.md/cautare/getResults?doc_id=47033&lang=ro
HP550/1999,28.07.1999,Hotărâre,Hotărâre a Parlamentului privind ratificarea Acordului de Credit pentru Dezvoltare dintre Republica Moldova şi Asociaţia Internaţională pentru Dezvoltare,Împrumut,AID,,legis.md,,https://www.legis.md/cautare/getResults?doc_id=46991&lang=ro
HP461/1999,24.06.1999,Hotărâre,"Hotărâre a Parlamentului pentru modificarea articolului 1 din Hotărîrea Parlamentului nr. 696-XIII din 21 decembrie 1995 cu privire la ratificarea Acordului de credit dintre Banca Europeană pentru Reconstrucţieşi Dezvoltare şi S.A. ""Termocom"" şi a Acordului de garanţie dintre Republica Moldova şi Banca Europeană pentru Reconstrucţie şi Dezvoltare",Împrumut,BERD,,legis.md,,https://www.legis.md/cautare/getResults?doc_id=59180&lang=ro
HG584/1999,22.06.1999,Hotărâre,"Hotărâre Pentru aprobarea proiectului de hotărîre a Parlamentului despre modificarea Hotărîrii Parlamentului Republicii Moldova nr. 696-XIII din 21 decembrie 1995 cu privire la ratificarea Acordului de credit dintre Banca Europeană pentru Reconstrucţie şi Dezvoltare şi S.A. ""Termocom"" şi a Acordului de garanţie dintre Republica Moldova şi Banca Europeană pentru Reconstrucţie şi Dezvoltare",Împrumut,BERD,,legis.md,,https://www.legis.md/cautare/getResults?doc_id=74569&lang=ro
HG512/1999,04.06.1999,Hotărâre,Hotărâre despre negocierea împrumutului acordat de Asociaţia Internaţională pentru Dezvoltare privind Proiectul pentru Gestionarea Protecţiei Sociale,Împrumut,AID,,legis.md,,https://www.legis.md/cautare/getResults?doc_id=43974&lang=ro
HP418/1999,03.06.1999,Hotărâre,Hotărâre a Parlamentului privind ratificarea Acordului de credit dintre Republica Moldova şi Asociaţia Internaţională pentru Dezvoltare,Împrumut,AID,,legis.md,,https://www.legis.md/cautare/getResults?doc_id=59157&lang=ro
HP204/1998,25.11.1998,Hotărâre,Hotărâre a Parlamentului pentru ratificarea Acordului de credit (Primul Proiect de Cadastru) dintre Republica Moldova şi Asociaţia Internaţională pentru Dezvoltare,Împrumut,AID,,legis.md,,https://www.legis.md/cautare/getResults?doc_id=60484&lang=ro
HG912/1998,02.09.1998,Hotărâre,"Hotărâre despre executarea Hotărîrii Parlamentului Republicii Moldova nr. 1294 – X I II din 23 iulie 1997 ""Cu privire la ratificarea Acordului de împrumut pentru finanţarea proiectului de aprovizionare cu apă potabilă a regiunii de sud a Moldovei, încheiat între Guvernul Republicii Moldova şi ""Export Credit Bank"" (Turcia)""",Împrumut,Turcia,,legis.md,,https://www.legis.md/cautare/getResults?doc_id=52282&lang=ro
HP120/1998,30.07.1998,Hotărâre,"Hotărâre a Parlamentului pentru modificarea Hotărîrii Parlamentului cu privire la ratificarea Acordului de împrumut pentru finanţarea proiectului de aprovizionare cu apă potabilă a regiunii de sud a Moldovei, încheiat între ""Oguzbank"" (Republica Moldova) şi ""Export Credit Bank"" (Turcia), cu garanţia Guvernului Republicii Moldova",Împrumut,Turcia,,legis.md,,https://www.legis.md/cautare/getResults?doc_id=63171&lang=ro
HP119/1998,30.07.1998,Hotărâre,"Hotărâre a Parlamentului privind ratificarea Acordului de împrumut dintre Banca Europeană pentru Reconstrucţie şi Dezvoltare şi Întreprinderea de Stat ""Aeroportul Internaţional Chişinău"" şi a Acordului de garanţie dintre Republica Moldova şi Banca Europeană pentru Reconstrucţie şi Dezvoltare",Împrumut,BERD,,legis.md,,https://www.legis.md/cautare/getResults?doc_id=63145&lang=ro
HG408/1998,09.04.1998,Hotărâre,"Hotărâre cu privire la modul de utilizare a împrumutului pentru finanţarea proiectului de aprovizionare cu apă potabilă a regiunii de sud a Moldovei acordat de către ""Export Credit Bank"" (Turcia) cu garanţia Guvernului Republicii Moldova",Împrumut,Turcia,,legis.md,,https://www.legis.md/cautare/getResults?doc_id=44196&lang=ro
HP1600/1998,10.03.1998,Hotărâre,"Hotărâre a Parlamentului pentru ratificarea Acordului de împrumut dintre Banca Europeană pentru Reconstrucţie şi Dezvoltare şi Societatea pe Acţiuni ""Apă-Canal Chişinău"" şi a Acordului de garanţie dintre Republica Moldova şi Banca Europeană pentru Reconstrucţie şi Dezvoltare",Împrumut,BERD,,legis.md,,https://www.legis.md/cautare/getResults?doc_id=63664&lang=ro
HP1533/1998,25.02.1998,Hotărâre,Hotărâre a Parlamentului privind ratificarea Acordului de Credit pentru Dezvoltare (Proiectul Doi de Dezvoltare a Sectorului Privat) dintre Republica Moldova şi Asociaţia Internaţională pentru Dezvoltare,Împrumut,AID,,legis.md,,https://www.legis.md/cautare/getResults?doc_id=62766&lang=ro
HP1506/1998,18.02.1998,Hotărâre,Hotărâre a Parlamentului privind ratificarea Acordului de Credit pentru Dezvoltare (Proiectul de Finanţare Rurală) dintre Republica Moldova şi Asociaţia Internaţională pentru Dezvoltare,Împrumut,AID,,legis.md,,https://www.legis.md/cautare/getResults?doc_id=62759&lang=ro
HP1480/1998,05.02.1998,Hotărâre,Hotărâre a Parlamentului privind ratificarea Acordului de credit pentru dezvoltare dintre Republica Moldova şi Asociaţia Internaţională de Dezvoltare şi Acordului de împrumut dintre Republica Moldova şi Banca Internaţională pentru Reconstrucţie şi Dezvoltare pentru Proiectul reformei învăţămîntului general în Moldova,Împrumut,BIRD / AID,,legis.md,,https://www.legis.md/cautare/getResults?doc_id=62755&lang=ro
HP1423/1997,23.12.1997,Hotărâre,"Hotărâre a Parlamentului privind modificarea Hotărîrii Parlamentului pentru aprobarea Acordului de împrumut dintre ""Siemens"" S.A. din Republica Federală Germania şi Guvernul Republicii Moldova",Împrumut,Siemens (Germania),,legis.md,,https://www.legis.md/cautare/getResults?doc_id=61236&lang=ro
HG1099/1997,27.11.1997,Hotărâre,"Hotărâre Pentru modificarea Hotărîrii Guvernului Republicii Moldova nr. 307 din 16 mai 1995 ""Privind proiectul de hotărîre a Parlamentului Republicii Moldova ""Despre ratificarea Acordului de împrumut dintre concernul ""Siemens""(Germania) şi Guvernul Republicii Moldova""",Împrumut,Siemens (Germania),,legis.md,,https://www.legis.md/cautare/getResults?doc_id=75566&lang=ro
HP1348/1997,15.10.1997,Hotărâre,Hotărâre a Parlamentului privind ratificarea Acordului de credit pentru dezvoltare (Creditul doi pentru ajustări structurale) dintre Republica Moldova şi Asociaţia Internaţională pentru Dezvoltare şi Acordului de împrumut (Împrumutul doi pentru ajustări structurale) dintre Republica Moldova şi Banca Internaţională pentru Reconstrucţie şi Dezvoltare,Împrumut,BIRD / AID,,legis.md,,https://www.legis.md/cautare/getResults?doc_id=61529&lang=ro
HP1294/1997,23.07.1997,Hotărâre,"Hotărâre a Parlamentului cu privire la ratificarea Acordului de împrumut pentru finanţarea proiectului de aprovizionare cu apă potabilă a regiunii de sud a Moldovei, încheiat între „Oguzbank” (Republica Moldova) şi „Export Credit Bank” (Turcia), cu garanţia Guvernului Republicii Moldova",Împrumut,Turcia,,legis.md,,https://www.legis.md/cautare/getResults?doc_id=62428&lang=ro
HP1266/1997,16.07.1997,Hotărâre,Hotărâre a Parlamentului cu privire la ratificarea Memorandumului de înţelegere dintre Republica Moldova şi Regatul Ţărilor de Jos referitor la Programul Regatului Ţărilor de Jos pentru cooperare cu Moldova pe anul 1997,Asistență tehnică,Olanda,,legis.md,,https://www.legis.md/cautare/getResults?doc_id=61524&lang=ro
HP1212/1997,19.06.1997,Hotărâre,Hotărâre a Parlamentului pentru ratificarea Acordului dintre Republica Moldova şi Banca Europeană pentru Reconstrucţie şi Dezvoltare privind garanţia de stat pentru realizarea proiectului terminalului petrolier Giurgiuleşti,Asistență tehnică,BERD,,legis.md,,https://www.legis.md/cautare/getResults?doc_id=62265&lang=ro
HP1019/1996,03.12.1996,Hotărâre,"Hotărâre a Parlamentului pentru modificarea anexei la Hotărîrea Parlamentului pentru ratificarea Acordului de împrumut dintre Republica Moldova şi Commerzbank A.G. (Frankfurt-am-Main, Germania)",Împrumut,Bancă comercială străină,,legis.md,,https://www.legis.md/cautare/getResults?doc_id=60809&lang=ro
HP1016/1996,03.12.1996,Hotărâre,Hotărâre a Parlamentului pentru ratificarea Acordului de credit (Proiectul energetic) dintre Republica Moldova şi Banca Internaţională pentru Reconstrucţie şi Dezvoltare,Împrumut,BIRD,,legis.md,,https://www.legis.md/cautare/getResults?doc_id=60801&lang=ro
HP977/1996,24.07.1996,Hotărâre,"Hotărâre a Parlamentului pentru ratificarea garanţiei Guvernului Republicii Moldova privind Acordul de credit dintre Banca ""AKA"" (Germania) şi B.C.A.""Moldindconbank""",Împrumut,Bancă comercială străină,,legis.md,,https://www.legis.md/cautare/getResults?doc_id=60777&lang=ro
HP974/1996,24.07.1996,Hotărâre,Hotărâre a Parlamentului pentru ratificarea Acordului de împrumut (primul proiect agricol) dintre Republica Moldova şi Banca Internaţională pentru Reconstrucţie şi Dezvoltare,Împrumut,BIRD,,legis.md,,https://www.legis.md/cautare/getResults?doc_id=60773&lang=ro
HP962/1996,24.07.1996,Hotărâre,"Hotărâre a Parlamentului pentru ratificarea Acordului de împrumut dintre Comunitatea Europeană şi Republica Moldova şi Banca Naţională a Moldovei, precum şi a Memorandumului de înţelegere dintre Comunitatea Europeană şi Republica Moldova",Împrumut,UE,,legis.md,,https://www.legis.md/cautare/getResults?doc_id=60760&lang=ro
HP930/1996,12.07.1996,Hotărâre,"Hotărâre a Parlamentului pentru ratificarea Acordului de împrumut dintre Republica Moldova şi Commerzbank A.G. (Frankfurt-am-Main, Germania)",Împrumut,Bancă comercială străină,,legis.md,,https://www.legis.md/cautare/getResults?doc_id=60822&lang=ro
HP881/1996,19.06.1996,Hotărâre,"Hotărâre a Parlamentului privind ratificarea Acordului de creditare dintre Societatea pe Acţiuni ""Tirex-Petrol"" şi Banca ""Drezdner Bank A.G."" (Francfurt-am, Germania), Garanţiei Stand BY şi privind utilizarea mijloacelor creditare",Împrumut,Bancă comercială străină,,legis.md,,https://www.legis.md/cautare/getResults?doc_id=60510&lang=ro
HP880/1996,19.06.1996,Hotărâre,Hotărâre a Parlamentului pentru ratificarea Acordului de credit (Primul proiect de dezvoltare a sectorului privat) dintre Republica Moldova şi Banca Internaţională pentru Reconstrucţie şi Dezvoltare,Împrumut,BIRD,,legis.md,,https://www.legis.md/cautare/getResults?doc_id=60506&lang=ro
HP875/1996,12.06.1996,Hotărâre,Hotărâre a Parlamentului pentru ratificarea Memorandumului de finanţare dintre Guvernul Republicii Moldova şi Comisia Comunităţilor Europene pentru promovarea cooperării tehnice,Asistență financiară,UE,,legis.md,,https://www.legis.md/cautare/getResults?doc_id=60503&lang=ro
HG306/1996,10.06.1996,Hotărâre,Hotărâre cu privire la împrumutul acordat de Banca Mondială pentru primul proiect agricol,Împrumut,Banca Mondială,,legis.md,,https://www.legis.md/cautare/getResults?doc_id=50687&lang=ro
HP730/1996,15.02.1996,Hotărâre,Hotărâre a Parlamentului Pentru ratificarea Acordului de credit dintre Republica Moldova şi Banca Europeană pentru Reconstrucţie şi Dezvoltare,Împrumut,BERD,,legis.md,,https://www.legis.md/cautare/getResults?doc_id=60868&lang=ro
HP696/1995,21.12.1995,Hotărâre,"Hotărâre a Parlamentului cu privire la ratificarea Acordului de credit dintre Banca Europeană pentru Reconstrucţie şi Dezvoltare şi S.A. ""Termocom"" şi a Acordului de garanţie dintre Republică Moldova şi Banca Europeană pentru Reconstrucţie şi Dezvoltare",Împrumut,BERD,,legis.md,,https://www.legis.md/cautare/getResults?doc_id=15811&lang=ro
DPRM345/1995,27.10.1995,Decret,"Decret despre acordarea de împuterniciri pentru negocierea cu Banca Internaţională de Reconstrucţie şi Dezvoltare (BIRD) şi semnarea Acordului de împrumut ""Dezvoltarea sectorului privat""",Împrumut,BIRD,,legis.md,,https://www.legis.md/cautare/getResults?doc_id=8964&lang=ro
HP543/1995,20.07.1995,Hotărâre,Hotărâre a Parlamentului pentru aprobarea Acordului de împrumut dintre „Siemens” S.A. din Republica Federală Germană şi Guvernul Republicii Moldova,Împrumut,Siemens (Germania),,legis.md,,https://www.legis.md/cautare/getResults?doc_id=60575&lang=ro
HP513/1995,05.07.1995,Hotărâre,"Hotărâre a Parlamentului pentru ratificarea Acordului de imprumut ""Facilitatea de garanţii la preexport"" între Republica Moldova şi Banca Internaţională pentru Reconstrucţie şi Dezvoltare",Împrumut,BIRD,,legis.md,,https://www.legis.md/cautare/getResults?doc_id=9818&lang=ro
HG380/1995,07.06.1995,Hotărâre,"Hotărâre pentru aprobarea proiectului de hotărîre a Parlamentului Republicii Moldova ""Cu privire la ratificarea Acordului de împrumut ""Facilitatea de Garanţii la Preexport"" intre Republica Moldova şi Banca .Internaţională pentru Reconstrucţie şi Dezvoltare""",Împrumut,BIRD,,legis.md,,https://www.legis.md/cautare/getResults?doc_id=87598&lang=ro
HG307/1995,16.05.1995,Hotărâre,"Hotărâre privind proiectul de hotărîre a Parlamentului Republicii Moldova ""Despre ratificarea Acordului de împrumut dintre concernul ""Simens"" (Germania) şi Guvernul Republicii Moldova""",Împrumut,Siemens (Germania),,legis.md,,https://www.legis.md/cautare/getResults?doc_id=77674&lang=ro
HP400/1995,16.03.1995,Hotărâre,Hotărâre a Parlamentului pentru ratificarea Acordului privind activitatea în comun relativ la ajutorul umanitar primit din străinătate,Grant,CSI,,legis.md,,https://www.legis.md/cautare/getResults?doc_id=60732&lang=ro
HP315/1994,09.12.1994,Hotărâre,Hotărâre a Parlamentului privind ratificarea Acordului de împrumut pentru ajustare structurală între Republica Moldova şi Banca Internaţională de Reconstrucţii şi Dezvoltare,Împrumut,BIRD,,legis.md,,https://www.legis.md/cautare/getResults?doc_id=63413&lang=ro
HG871/1994,29.11.1994,Hotărâre,"Hotărâre Pentru aprobarea proiectului de hotărîre a Parlamentului Republicii Moldova ""Cu privire la ratificarea Acordului privind activitatea în comun relativ la ajutorul umanitar primit din străinătate""",Grant,CSI,,legis.md,,https://www.legis.md/cautare/getResults?doc_id=82407&lang=ro
HP236/1994,30.09.1994,Hotărâre,Hotărâre a Parlamentului pentru ratificarea Acordului de împrumut dintre Republica Moldova şi Banca Export-Import a Japoniei,Împrumut,Japonia (JBIC),,legis.md,,https://www.legis.md/cautare/getResults?doc_id=63383&lang=ro
HP215/1994,07.09.1994,Hotărâre,Hotărâre a Parlamentului privind ratificarea Acordului de credit dintre Uniunea Europeană şi Republica Moldova,Împrumut,UE,,legis.md,,https://www.legis.md/cautare/getResults?doc_id=63601&lang=ro
AMAE323/1999,07.11.1992,Act,Act ACORD ÎNTRE GUVERNUL REPUBLICII MOLDOVA ŞI GUVERNUL REPUBLICII POPULARE CHINEZE PRIVIND ACORDAREA UNUI CREDIT DE STAT PENTRU LIVRĂRI DE MĂRFURI DIN R.P.C. ÎN MOLDOVA*,Împrumut,China,,legis.md,,https://www.legis.md/cautare/getResults?doc_id=115869&lang=ro
HG499/1992,24.07.1992,Hotărâre,"Hotărâre Cu privire la aprobarea Acordului de împrumut, încheiat între Comunitatea Economică Europeană (creditor), Republica Moldova (beneficiar) şi Banca Naţională a Moldovei (agentul Beneficiarului) pentru 27 mil. ECU semnat la 11 iunie 1992 la Bruxel",Împrumut,UE,11.06.1992,legis.md,,https://www.legis.md/cautare/getResults?doc_id=82968&lang=ro
